FSC-A,FSC-H,FSC-W,SSC-A,SSC-H,SSC-W,585/15 YG E-A,530/30 Blue B-A,Time
9.852171093750000000e+04,6.612100000000000000e+04,9.765003906250000000e+04,4.261301953125000000e+04,3.674500000000000000e+04,7.600182031250000000e+04,1.160999984741210938e+02,1.173966015625000000e+04,9.869999694824218572e-01
8.725806250000000000e+04,5.408300000000000000e+04,1.057364453125000000e+05,4.164632812500000000e+04,3.220700000000000000e+04,8.474349218750000000e+04,2.536999969482421875e+02,1.766468945312500000e+04,1.518999938964843865e+00
6.588366406250000000e+04,4.200300000000000000e+04,1.027962734375000000e+05,4.827930078125000000e+04,4.156700000000000000e+04,7.611885156250000000e+04,6.622000122070312500e+01,6.273479980468750000e+03,2.006000061035156268e+00
1.193629765625000000e+05,6.562200000000000000e+04,1.192065390625000000e+05,4.351071093750000000e+04,3.283000000000000000e+04,8.685708593750000000e+04,2.580000114440917969e+01,5.925029785156250000e+03,2.166000061035156410e+00
8.791014843750000000e+04,5.089100000000000000e+04,1.132082187500000000e+05,4.207067968750000000e+04,3.167000000000000000e+04,8.705853906250000000e+04,5.934000015258789062e+01,6.552239746093750000e+03,2.910000000000000142e+00
7.024882031250000000e+04,4.114200000000000000e+04,1.119008984375000000e+05,5.954010156250000000e+04,4.932600000000000000e+04,7.910675781250000000e+04,1.891999969482421875e+02,1.095995996093750000e+04,3.442999877929687536e+00
9.410592187500000000e+04,6.179500000000000000e+04,9.980299218750000000e+04,2.926290039062500000e+04,2.619100000000000000e+04,7.322261718750000000e+04,1.350200042724609375e+02,9.332250000000000000e+03,3.521000061035156392e+00
6.761971875000000000e+04,4.061100000000000000e+04,1.091213203125000000e+05,4.591742968750000000e+04,3.945900000000000000e+04,7.626256250000000000e+04,1.100800018310546875e+02,1.226544042968750000e+04,3.811000061035156428e+00
9.104128125000000000e+04,5.737200000000000000e+04,1.039963984375000000e+05,8.634453125000000000e+04,6.912800000000000000e+04,8.185793750000000000e+04,1.315800018310546875e+02,1.969191015625000000e+04,4.343999938964843821e+00
8.322046875000000000e+04,5.846700000000000000e+04,9.328231250000000000e+04,3.360023828125000000e+04,3.015500000000000000e+04,7.302354687500000000e+04,7.052000427246093750e+01,9.355019531250000000e+03,4.827999877929687322e+00
1.065877421875000000e+05,6.701800000000000000e+04,1.042307265625000000e+05,4.604921875000000000e+04,4.134700000000000000e+04,7.298912500000000000e+04,5.847999954223632812e+01,9.574440429687500000e+03,5.018999938964843643e+00
1.252171406250000000e+05,8.099300000000000000e+04,1.013202421875000000e+05,7.993511718750000000e+04,6.475700000000000000e+04,8.089670312500000000e+04,7.654000091552734375e+01,1.054733984375000000e+04,5.140999755859374964e+00
7.486407812500000000e+04,4.197500000000000000e+04,1.168860625000000000e+05,5.891082031250000000e+04,4.737500000000000000e+04,8.149402343750000000e+04,1.436199951171875000e+02,1.559469042968750000e+04,5.924999999999999822e+00
9.429380468750000000e+04,5.984900000000000000e+04,1.032538437500000000e+05,6.949542187500000000e+04,5.932100000000000000e+04,7.677638281250000000e+04,1.496399993896484375e+02,1.757775000000000000e+04,6.075000000000000178e+00
8.717083593750000000e+04,4.897900000000000000e+04,1.166383125000000000e+05,7.096511718750000000e+04,5.835900000000000000e+04,7.969242187500000000e+04,1.092200012207031250e+02,1.150437011718750000e+04,6.744000244140624822e+00
7.253814843750000000e+04,4.560600000000000000e+04,1.042376015625000000e+05,4.321262890625000000e+04,3.767400000000000000e+04,7.517075781250000000e+04,8.686000061035156250e+01,9.934620117187500000e+03,8.567999877929688424e+00
8.732821093750000000e+04,5.525400000000000000e+04,1.035787734375000000e+05,2.945885937500000000e+04,2.578200000000000000e+04,7.488232031250000000e+04,5.847999954223632812e+01,9.071429687500000000e+03,9.724000244140624361e+00
1.375995312500000000e+05,8.093800000000000000e+04,1.114151875000000000e+05,8.687996875000000000e+04,7.051500000000000000e+04,8.074546093750000000e+04,1.032000045776367188e+02,1.156163964843750000e+04,9.855999755859375711e+00
7.442060937500000000e+04,4.975800000000000000e+04,9.801899218750000000e+04,6.571353125000000000e+04,5.545900000000000000e+04,7.765379687500000000e+04,1.160999984741210938e+02,1.850649023437500000e+04,1.017200012207031357e+01
1.289283828125000000e+05,8.414600000000000000e+04,1.004141640625000000e+05,4.854908984375000000e+04,4.300200000000000000e+04,7.398989062500000000e+04,4.127999877929687500e+01,8.231009765625000000e+03,1.018400024414062521e+01
1.275656406250000000e+05,7.418300000000000000e+04,1.126962031250000000e+05,5.901501171875000000e+04,5.019900000000000000e+04,7.704552343750000000e+04,6.880000305175781250e+01,1.099583984375000000e+04,1.049000000000000021e+01
1.346160156250000000e+05,8.114500000000000000e+04,1.087213671875000000e+05,5.622810156250000000e+04,4.669700000000000000e+04,7.891224218750000000e+04,1.315800018310546875e+02,2.117472070312500000e+04,1.069599975585937557e+01
6.360714062500000000e+04,4.107700000000000000e+04,1.014815546875000000e+05,5.009744921875000000e+04,4.426100000000000000e+04,7.417786718750000000e+04,1.290000000000000000e+02,6.605370117187500000e+03,1.134800048828125085e+01
1.072184843750000000e+05,6.225000000000000000e+04,1.128782421875000000e+05,1.061516718750000000e+05,7.803500000000000000e+04,8.914918750000000000e+04,1.376000061035156250e+02,1.374962988281250000e+04,1.154599975585937521e+01
1.103935312500000000e+05,6.930200000000000000e+04,1.043945390625000000e+05,4.041260937500000000e+04,3.603000000000000000e+04,7.350766406250000000e+04,3.354000091552734375e+01,5.686979980468750000e+03,1.379900024414062543e+01
9.992044531250000000e+04,5.621000000000000000e+04,1.164985937500000000e+05,6.406235937500000000e+04,5.361400000000000000e+04,7.830773437500000000e+04,1.307200012207031250e+02,1.307757031250000000e+04,1.403699951171875071e+01
1.144238046875000000e+05,7.727700000000000000e+04,9.703894531250000000e+04,8.685996093750000000e+04,5.143300000000000000e+04,1.106770859375000000e+05,1.186800003051757812e+02,8.097839843750000000e+03,1.405800048828124993e+01
1.448963593750000000e+05,8.702700000000000000e+04,1.091147265625000000e+05,6.362214062500000000e+04,5.350300000000000000e+04,7.793097656250000000e+04,8.600000000000000000e+01,1.510203027343750000e+04,1.431099975585937578e+01
9.146706250000000000e+04,5.794200000000000000e+04,1.034549218750000000e+05,5.702160156250000000e+04,5.002600000000000000e+04,7.470050781250000000e+04,7.740000152587890625e+01,1.056804003906250000e+04,1.480099975585937599e+01
1.200101796875000000e+05,8.921300000000000000e+04,8.815965625000000000e+04,6.220557031250000000e+04,5.726100000000000000e+04,7.119512500000000000e+04,6.019999980926513672e+00,8.121300048828125000e+02,1.489900024414062507e+01
8.211514843750000000e+04,4.883800000000000000e+04,1.101908046875000000e+05,3.828326953125000000e+04,3.231800000000000000e+04,7.763266406250000000e+04,1.461999988555908203e+01,6.981419921875000000e+03,1.622400024414062614e+01
1.056404140625000000e+05,6.639600000000000000e+04,1.042721093750000000e+05,8.279171875000000000e+04,7.340400000000000000e+04,7.391746875000000000e+04,1.066399993896484375e+02,1.464870019531250000e+04,1.682900024414062656e+01
1.241642812500000000e+05,7.123500000000000000e+04,1.142307968750000000e+05,8.350793750000000000e+04,6.910700000000000000e+04,7.919278906250000000e+04,1.599600067138671875e+02,1.616049023437500000e+04,1.808999999999999986e+01
1.147727265625000000e+05,6.878400000000000000e+04,1.093531328125000000e+05,5.952216015625000000e+04,4.862400000000000000e+04,8.022467187500000000e+04,8.341999816894531250e+01,9.214259765625000000e+03,1.811699951171874901e+01
9.761891406250000000e+04,6.567000000000000000e+04,9.741972656250000000e+04,3.001707031250000000e+04,2.775800000000000000e+04,7.086960937500000000e+04,7.740000247955322266e+00,3.765330078125000000e+03,1.963599975585937685e+01
9.916953125000000000e+04,5.499900000000000000e+04,1.181689531250000000e+05,5.216951953125000000e+04,4.118700000000000000e+04,8.301118750000000000e+04,8.170000457763671875e+01,9.665519531250000000e+03,2.026699951171875114e+01
7.980752343750000000e+04,5.262300000000000000e+04,9.939125781250000000e+04,4.755755859375000000e+04,4.361800000000000000e+04,7.145517968750000000e+04,6.020000076293945312e+01,6.920009765625000000e+03,2.048100097656250185e+01
1.343628750000000000e+05,8.076200000000000000e+04,1.090315468750000000e+05,7.908158593750000000e+04,6.696300000000000000e+04,7.739633593750000000e+04,1.711399993896484375e+02,1.876455078125000000e+04,2.048199951171875099e+01
1.753695156250000000e+05,9.953100000000000000e+04,1.154717343750000000e+05,1.120021796875000000e+05,7.599000000000000000e+04,9.659396093750000000e+04,2.468200073242187500e+02,4.027737109375000000e+04,2.111899902343749957e+01
1.232224453125000000e+05,7.521100000000000000e+04,1.073713437500000000e+05,1.011484765625000000e+05,8.003100000000000000e+04,8.282874218750000000e+04,8.686000061035156250e+01,1.051559960937500000e+04,2.268800048828125071e+01
1.064901406250000000e+05,6.664300000000000000e+04,1.047212500000000000e+05,4.513566015625000000e+04,3.999900000000000000e+04,7.395211718750000000e+04,4.729999923706054688e+01,6.510839843750000000e+03,2.287800048828125199e+01
1.453666562500000000e+05,8.358400000000000000e+04,1.139781484375000000e+05,6.390366015625000000e+04,5.350400000000000000e+04,7.827434375000000000e+04,4.558000183105468750e+01,3.958530029296875000e+03,2.300300048828125199e+01
1.314269375000000000e+05,9.217100000000000000e+04,9.344800000000000000e+04,4.588707031250000000e+04,4.151900000000000000e+04,7.243082031250000000e+04,1.806000061035156250e+02,2.367251953125000000e+04,2.344699951171875085e+01
1.150673515625000000e+05,6.711400000000000000e+04,1.123618593750000000e+05,6.023976171875000000e+04,4.900200000000000000e+04,8.056553906250000000e+04,8.686000061035156250e+01,1.206671972656250000e+04,2.346300048828124929e+01
7.618595312500000000e+04,5.425200000000000000e+04,9.203204687500000000e+04,2.579358007812500000e+04,2.460400000000000000e+04,6.870460156250000000e+04,4.386000061035156250e+01,5.210879882812500000e+03,2.353600097656250156e+01
9.358314843750000000e+04,5.404900000000000000e+04,1.134723125000000000e+05,8.706075000000000000e+04,6.854900000000000000e+04,8.323408593750000000e+04,1.143800048828125000e+02,1.656068945312500000e+04,2.363399902343750014e+01
1.104569687500000000e+05,6.772700000000000000e+04,1.068836328125000000e+05,8.793083593750000000e+04,7.262600000000000000e+04,7.934672656250000000e+04,1.298600006103515625e+02,1.734659960937500000e+04,2.373199951171875099e+01
5.716005078125000000e+04,3.106300000000000000e+04,1.205949609375000000e+05,5.150987890625000000e+04,4.235900000000000000e+04,7.969384375000000000e+04,1.247000045776367188e+02,1.093029003906250000e+04,2.434300048828125185e+01
1.363923437500000000e+05,8.134100000000000000e+04,1.098905625000000000e+05,6.922632031250000000e+04,5.700500000000000000e+04,7.958628906250000000e+04,1.100800018310546875e+02,1.201083007812500000e+04,2.506800048828124972e+01
1.191720390625000000e+05,7.209100000000000000e+04,1.083361171875000000e+05,5.668419140625000000e+04,4.690700000000000000e+04,7.919617187500000000e+04,8.513999938964843750e+01,1.187351953125000000e+04,2.510999999999999943e+01
1.588592500000000000e+05,9.337500000000000000e+04,1.114966562500000000e+05,8.219417968750000000e+04,6.573000000000000000e+04,8.195157812500000000e+04,3.225000000000000000e+02,2.135135937500000000e+04,2.548499999999999943e+01
8.715924218750000000e+04,5.573500000000000000e+04,1.024862109375000000e+05,4.910730078125000000e+04,4.415900000000000000e+04,7.287973437500000000e+04,7.654000091552734375e+01,1.282986035156250000e+04,2.588300048828125099e+01
1.389287187500000000e+05,8.630200000000000000e+04,1.054996796875000000e+05,4.751201953125000000e+04,4.151100000000000000e+04,7.501018750000000000e+04,1.960800018310546875e+02,1.306515039062500000e+04,2.722899902343749901e+01
8.057307031250000000e+04,4.785800000000000000e+04,1.103355000000000000e+05,4.707387109375000000e+04,4.113000000000000000e+04,7.500689062500000000e+04,3.181999969482421875e+01,8.319330078125000000e+03,2.740199951171874915e+01
9.977403906250000000e+04,5.988100000000000000e+04,1.091964375000000000e+05,4.216107031250000000e+04,3.594900000000000000e+04,7.686076562500000000e+04,1.057799987792968750e+02,9.903570312500000000e+03,2.827699951171874915e+01
1.223330625000000000e+05,7.207100000000000000e+04,1.112405781250000000e+05,6.093458984375000000e+04,5.148700000000000000e+04,7.756150781250000000e+04,1.100800018310546875e+02,1.410153027343750000e+04,2.919399902343749886e+01
1.398181093750000000e+05,8.813000000000000000e+04,1.039727656250000000e+05,6.354692968750000000e+04,5.494200000000000000e+04,7.580014843750000000e+04,1.023400039672851562e+02,1.878525000000000000e+04,2.922899902343749901e+01
1.230522500000000000e+05,8.417500000000000000e+04,9.580460156250000000e+04,9.888252343750000000e+04,8.199500000000000000e+04,7.903365625000000000e+04,1.797400054931640625e+02,2.769659960937500000e+04,2.926199951171875213e+01
1.259491406250000000e+05,7.543400000000000000e+04,1.094228515625000000e+05,5.614598828125000000e+04,4.695100000000000000e+04,7.837071875000000000e+04,9.804000091552734375e+01,1.192803027343750000e+04,3.042199951171875227e+01
7.492264062500000000e+04,4.559800000000000000e+04,1.076830156250000000e+05,4.369080078125000000e+04,3.705900000000000000e+04,7.726383593750000000e+04,7.138000488281250000e+01,1.331079003906250000e+04,3.213399902343750369e+01
1.103172812500000000e+05,6.189100000000000000e+04,1.168142890625000000e+05,1.195659609375000000e+05,6.893500000000000000e+04,1.136704765625000000e+05,7.826000213623046875e+01,9.720719726562500000e+03,3.303000000000000114e+01
6.888791406250000000e+04,4.473100000000000000e+04,1.009286328125000000e+05,2.297561914062500000e+04,2.127000000000000000e+04,7.079126562500000000e+04,3.956000137329101562e+01,4.355970214843750000e+03,3.340399902343749972e+01
1.042630312500000000e+05,5.974200000000000000e+04,1.143748437500000000e+05,5.099030859375000000e+04,4.314600000000000000e+04,7.745100000000000000e+04,1.393200073242187500e+02,1.237929003906250000e+04,3.360500000000000398e+01
1.339938281250000000e+05,8.046400000000000000e+04,1.091347656250000000e+05,6.981557812500000000e+04,5.736000000000000000e+04,7.976697656250000000e+04,9.545999908447265625e+01,1.044176953125000000e+04,3.390899902343750227e+01
1.002169062500000000e+05,6.018100000000000000e+04,1.091343671875000000e+05,9.583685937500000000e+04,7.544100000000000000e+04,8.325399218750000000e+04,1.530800018310546875e+02,1.605216015625000000e+04,3.401500000000000057e+01
1.324249062500000000e+05,8.287300000000000000e+04,1.047216640625000000e+05,5.187489062500000000e+04,4.434500000000000000e+04,7.666417187500000000e+04,1.556600036621093750e+02,1.783442968750000000e+04,3.419500000000000028e+01
8.958948437500000000e+04,5.283400000000000000e+04,1.111279921875000000e+05,6.191853125000000000e+04,5.378200000000000000e+04,7.545075781250000000e+04,1.152400054931640625e+02,1.540770019531250000e+04,3.431199951171875284e+01
8.169303125000000000e+04,5.028700000000000000e+04,1.064655781250000000e+05,9.735210156250000000e+04,6.077000000000000000e+04,1.049871171875000000e+05,5.160000228881835938e+01,1.103724023437500000e+04,3.454500000000000171e+01
7.688989062500000000e+04,4.870700000000000000e+04,1.034565000000000000e+05,3.673283984375000000e+04,3.238300000000000000e+04,7.433910937500000000e+04,1.272799987792968750e+02,8.420759765625000000e+03,3.530000000000000426e+01
1.063437421875000000e+05,6.478000000000000000e+04,1.075848046875000000e+05,4.149591015625000000e+04,3.564000000000000000e+04,7.630403906250000000e+04,4.729999923706054688e+01,9.920820312500000000e+03,3.622500000000000142e+01
9.560469531250000000e+04,5.945900000000000000e+04,1.053759609375000000e+05,5.537319140625000000e+04,4.619500000000000000e+04,7.855693750000000000e+04,8.600000000000000000e+01,7.257419921875000000e+03,3.635600097656249829e+01
7.942566406250000000e+04,5.161000000000000000e+04,1.008572109375000000e+05,4.784253125000000000e+04,4.227000000000000000e+04,7.417573437500000000e+04,3.010000038146972656e+01,4.719600097656250000e+03,3.660600097656249829e+01
5.902665234375000000e+04,3.579600000000000000e+04,1.080671250000000000e+05,4.444566015625000000e+04,3.763200000000000000e+04,7.740196875000000000e+04,1.341600036621093750e+02,6.697830078125000000e+03,3.748899902343750057e+01
1.118910859375000000e+05,6.145100000000000000e+04,1.193291250000000000e+05,7.611045312500000000e+04,6.075800000000000000e+04,8.209577343750000000e+04,1.100800018310546875e+02,1.541183984375000000e+04,3.760999999999999943e+01
1.192641562500000000e+05,7.106400000000000000e+04,1.099867187500000000e+05,6.946160937500000000e+04,5.540400000000000000e+04,8.216439062500000000e+04,7.740000152587890625e+01,8.470440429687500000e+03,3.776899902343750171e+01
1.577447812500000000e+05,8.866700000000000000e+04,1.165931250000000000e+05,9.809453906250000000e+04,7.367000000000000000e+04,8.726379687500000000e+04,1.487799987792968750e+02,1.198116015625000000e+04,3.814699951171875369e+01
1.009745234375000000e+05,5.950400000000000000e+04,1.112104531250000000e+05,8.937707812500000000e+04,7.531600000000000000e+04,7.777121093750000000e+04,1.436199951171875000e+02,1.539941992187500000e+04,3.834300048828124829e+01
1.053482187500000000e+05,6.217000000000000000e+04,1.110519687500000000e+05,9.804624218750000000e+04,7.419900000000000000e+04,8.659900000000000000e+04,1.229800033569335938e+02,1.422849023437500000e+04,3.836999999999999744e+01
9.535153906250000000e+04,6.044200000000000000e+04,1.033876796875000000e+05,7.236029687500000000e+04,5.710700000000000000e+04,8.304068750000000000e+04,6.880000305175781250e+01,1.233788964843750000e+04,3.886699951171875256e+01
5.312307031250000000e+04,4.584600000000000000e+04,7.593843750000000000e+04,4.216796875000000000e+04,3.571000000000000000e+04,7.738785156250000000e+04,5.555599975585937500e+02,6.941400146484375000e+02,3.891499999999999915e+01
5.586501953125000000e+04,3.692600000000000000e+04,9.914883593750000000e+04,3.889253906250000000e+04,3.411900000000000000e+04,7.470504687500000000e+04,6.708000183105468750e+01,1.469216992187500000e+04,3.905899902343750085e+01
7.958121093750000000e+04,4.846200000000000000e+04,1.076190390625000000e+05,7.746836718750000000e+04,5.843500000000000000e+04,8.688229687500000000e+04,1.049199981689453125e+02,1.511858984375000000e+04,3.931499999999999773e+01
7.571746875000000000e+04,4.283200000000000000e+04,1.158531015625000000e+05,7.706885937500000000e+04,6.454400000000000000e+04,7.825336718750000000e+04,1.143800048828125000e+02,1.268220019531250000e+04,3.987600097656250142e+01
1.596034531250000000e+05,9.636200000000000000e+04,1.085466406250000000e+05,9.867758593750000000e+04,7.427500000000000000e+04,8.706743750000000000e+04,1.195400009155273438e+02,1.752807031250000000e+04,4.065399902343749972e+01
8.047242187500000000e+04,4.720000000000000000e+04,1.117339062500000000e+05,1.025609062500000000e+05,7.546000000000000000e+04,8.907278125000000000e+04,1.238400039672851562e+02,1.079574023437500000e+04,4.101299804687499773e+01
1.078120156250000000e+05,6.945100000000000000e+04,1.017345781250000000e+05,4.227698828125000000e+04,3.762200000000000000e+04,7.364479687500000000e+04,3.526000213623046875e+01,4.220040039062500000e+03,4.172799804687500114e+01
7.557289843750000000e+04,5.206300000000000000e+04,9.512985156250000000e+04,3.687083984375000000e+04,2.517000000000000000e+04,9.600189843750000000e+04,9.373999786376953125e+01,1.583963964843750000e+04,4.195700195312500114e+01
9.648919531250000000e+04,6.102700000000000000e+04,1.036183359375000000e+05,4.528883984375000000e+04,4.066300000000000000e+04,7.299140625000000000e+04,8.686000061035156250e+01,9.972570312500000000e+03,4.250700195312499829e+01
1.016089218750000000e+05,6.535100000000000000e+04,1.018965625000000000e+05,4.014351171875000000e+04,3.522300000000000000e+04,7.469111718750000000e+04,6.106000137329101562e+01,1.859688085937500000e+04,4.266799804687499886e+01
1.094455937500000000e+05,6.387900000000000000e+04,1.122845781250000000e+05,6.120576171875000000e+04,5.319500000000000000e+04,7.540522656250000000e+04,1.341600036621093750e+02,1.280157031250000000e+04,4.303299804687500085e+01
1.101019531250000000e+05,7.049600000000000000e+04,1.023553281250000000e+05,8.511288281250000000e+04,6.389200000000000000e+04,8.730292187500000000e+04,9.202000427246093750e+01,1.092476953125000000e+04,4.401799804687500028e+01
9.758292187500000000e+04,5.777700000000000000e+04,1.106875546875000000e+05,7.050696093750000000e+04,5.813300000000000000e+04,7.948574218750000000e+04,1.238400039672851562e+02,1.700574023437500000e+04,4.518299804687499943e+01
1.142286015625000000e+05,7.093100000000000000e+04,1.055403984375000000e+05,6.578321875000000000e+04,5.753100000000000000e+04,7.493645312500000000e+04,1.255600051879882812e+02,1.822566015625000000e+04,4.618299804687499943e+01
6.517483984375000000e+04,4.261900000000000000e+04,1.002205156250000000e+05,6.307773046875000000e+04,4.555100000000000000e+04,9.075238281250000000e+04,1.118000030517578125e+02,1.730519921875000000e+04,4.713700195312500085e+01
1.932620312500000000e+05,1.078870000000000000e+05,1.173970859375000000e+05,1.007468984375000000e+05,7.628700000000000000e+04,8.654880468750000000e+04,2.063999938964843750e+01,3.046350097656250000e+03,4.728000000000000114e+01
8.987435156250000000e+04,5.732600000000000000e+04,1.027457890625000000e+05,3.824462890625000000e+04,3.432700000000000000e+04,7.301540625000000000e+04,1.419000091552734375e+02,6.577080078125000000e+03,4.747200195312500171e+01
1.389921562500000000e+05,8.439700000000000000e+04,1.079302578125000000e+05,4.482239843750000000e+04,3.852100000000000000e+04,7.625660937500000000e+04,1.169599990844726562e+02,8.823030273437500000e+03,4.756200195312499801e+01
1.238605000000000000e+05,7.631700000000000000e+04,1.063632265625000000e+05,5.453346093750000000e+04,5.019200000000000000e+04,7.120466406250000000e+04,8.084000396728515625e+01,1.183004980468750000e+04,4.805600097656250114e+01
6.422690234375000000e+04,3.908800000000000000e+04,1.076845625000000000e+05,3.866898046875000000e+04,3.297600000000000000e+04,7.685014843750000000e+04,6.966000366210937500e+01,7.769399902343750000e+03,4.806499999999999773e+01
1.372872187500000000e+05,8.493100000000000000e+04,1.059360625000000000e+05,5.823392968750000000e+04,5.154300000000000000e+04,7.404340625000000000e+04,8.513999938964843750e+01,1.105794042968750000e+04,4.896600097656249773e+01
8.330770312500000000e+04,4.909000000000000000e+04,1.112172265625000000e+05,7.165925781250000000e+04,5.854200000000000000e+04,8.022037500000000000e+04,9.116000366210937500e+01,1.329216015625000000e+04,4.899799804687500426e+01
6.921670312500000000e+04,4.145800000000000000e+04,1.094164296875000000e+05,9.152574218750000000e+04,6.245000000000000000e+04,9.604853125000000000e+04,1.461999969482421875e+02,1.173966015625000000e+04,4.937100097656249886e+01
1.097237500000000000e+05,6.688200000000000000e+04,1.075155546875000000e+05,6.342548828125000000e+04,5.644200000000000000e+04,7.364467187500000000e+04,5.934000015258789062e+01,6.832379882812500000e+03,4.979200195312500199e+01
1.065212500000000000e+05,6.737400000000000000e+04,1.036152890625000000e+05,3.548669921875000000e+04,3.043900000000000000e+04,7.640383593750000000e+04,1.057799987792968750e+02,9.869070312500000000e+03,4.994799804687500000e+01
1.075295859375000000e+05,6.642300000000000000e+04,1.060936484375000000e+05,3.675078125000000000e+04,3.189900000000000000e+04,7.550390625000000000e+04,4.127999877929687500e+01,9.647580078125000000e+03,5.021999999999999886e+01
9.304146875000000000e+04,6.148500000000000000e+04,9.917160156250000000e+04,3.745182031250000000e+04,3.413700000000000000e+04,7.189977343750000000e+04,6.450000000000000000e+01,9.086610351562500000e+03,5.085799804687500369e+01
1.148392109375000000e+05,7.025300000000000000e+04,1.071285468750000000e+05,7.464557812500000000e+04,6.489300000000000000e+04,7.538521093750000000e+04,1.195400009155273438e+02,1.942694921875000000e+04,5.107700195312499858e+01
8.932901562500000000e+04,5.692800000000000000e+04,1.028363203125000000e+05,3.130875000000000000e+04,2.777600000000000000e+04,7.387133593750000000e+04,1.539400024414062500e+02,8.778179687500000000e+03,5.279600097656250313e+01
1.579570625000000000e+05,9.019100000000000000e+04,1.147772421875000000e+05,8.113917187500000000e+04,6.560200000000000000e+04,8.105753906250000000e+04,1.591000061035156250e+02,2.574803906250000000e+04,5.471200195312500369e+01
8.055477343750000000e+04,5.781900000000000000e+04,9.130627343750000000e+04,5.571957031250000000e+04,4.963800000000000000e+04,7.356536718750000000e+04,6.536000061035156250e+01,3.973709960937500000e+03,5.510999999999999943e+01
6.790398437500000000e+04,4.445000000000000000e+04,1.001159843750000000e+05,3.631883984375000000e+04,3.311400000000000000e+04,7.187871093750000000e+04,8.341999816894531250e+01,9.389519531250000000e+03,5.522700195312500426e+01
1.031571015625000000e+05,6.657900000000000000e+04,1.015410859375000000e+05,4.838487109375000000e+04,4.393500000000000000e+04,7.217367968750000000e+04,6.363999938964843750e+01,7.765259765625000000e+03,5.524700195312500028e+01
7.279557031250000000e+04,4.141500000000000000e+04,1.151933125000000000e+05,4.960548046875000000e+04,4.141100000000000000e+04,7.850438281250000000e+04,4.729999923706054688e+01,7.118729980468750000e+03,5.531799804687500455e+01
1.508603281250000000e+05,8.781100000000000000e+04,1.125916171875000000e+05,6.713768750000000000e+04,5.167100000000000000e+04,8.515290625000000000e+04,9.116000366210937500e+01,2.165841015625000000e+04,5.634299804687500313e+01
1.635824843750000000e+05,1.002450000000000000e+05,1.069434062500000000e+05,6.048746875000000000e+04,4.900900000000000000e+04,8.088528125000000000e+04,5.676000213623046875e+01,5.646959960937500000e+03,5.698700195312500227e+01
1.234103203125000000e+05,7.172600000000000000e+04,1.127599296875000000e+05,6.756963281250000000e+04,5.386600000000000000e+04,8.220850781250000000e+04,9.545999908447265625e+01,1.248279003906250000e+04,5.792899902343749829e+01
7.986303125000000000e+04,4.935500000000000000e+04,1.060460703125000000e+05,4.645010937500000000e+04,4.101400000000000000e+04,7.422232031250000000e+04,6.106000137329101562e+01,7.748700195312500000e+03,5.820200195312499858e+01
8.345105468750000000e+04,5.199800000000000000e+04,1.051780546875000000e+05,3.557087890625000000e+04,3.198700000000000000e+04,7.287876562500000000e+04,7.309999847412109375e+01,7.953629882812500000e+03,5.833899902343750199e+01
7.069900000000000000e+04,4.415400000000000000e+04,1.049356718750000000e+05,3.783753125000000000e+04,3.425900000000000000e+04,7.238158593750000000e+04,4.386000061035156250e+01,8.256540039062500000e+03,5.960600097656249829e+01
8.115562500000000000e+04,5.895300000000000000e+04,9.021789843750000000e+04,2.666298046875000000e+04,2.543700000000000000e+04,6.869462500000000000e+04,3.835599975585937500e+02,4.736160156250000000e+03,6.025399902343750114e+01
1.045082500000000000e+05,6.187900000000000000e+04,1.106846171875000000e+05,4.515221875000000000e+04,3.844700000000000000e+04,7.696558593750000000e+04,8.341999816894531250e+01,7.761120117187500000e+03,6.089100097656250199e+01
9.546439062500000000e+04,5.477000000000000000e+04,1.142295859375000000e+05,6.761931250000000000e+04,5.565000000000000000e+04,7.963160937500000000e+04,9.459999847412109375e+01,1.149125976562500000e+04,6.206600097656249915e+01
9.242232031250000000e+04,5.308700000000000000e+04,1.140955312500000000e+05,7.439028125000000000e+04,6.080200000000000000e+04,8.018225781250000000e+04,1.023400039672851562e+02,1.655378906250000000e+04,6.238799804687500483e+01
1.139864296875000000e+05,7.352200000000000000e+04,1.016051640625000000e+05,7.805142187500000000e+04,6.305000000000000000e+04,8.112891406250000000e+04,1.229800033569335938e+02,1.753703906250000000e+04,6.260399902343750256e+01
1.069909531250000000e+05,6.818100000000000000e+04,1.028403671875000000e+05,1.284524687500000000e+05,9.126500000000000000e+04,9.223975000000000000e+04,1.281399993896484375e+02,2.437700976562500000e+04,6.279600097656250313e+01
8.681825000000000000e+04,5.265100000000000000e+04,1.080648281250000000e+05,9.939174218750000000e+04,7.557900000000000000e+04,8.618448437500000000e+04,9.373999786376953125e+01,1.860791992187500000e+04,6.309100097656250483e+01
5.824401953125000000e+04,3.921400000000000000e+04,9.733971875000000000e+04,4.574423828125000000e+04,3.659500000000000000e+04,8.192087500000000000e+04,5.762000274658203125e+01,6.838589843750000000e+03,6.352299804687500284e+01
7.786345312500000000e+04,4.532200000000000000e+04,1.125912187500000000e+05,5.889426171875000000e+04,5.064300000000000000e+04,7.621377343750000000e+04,5.504000091552734375e+01,6.067859863281250000e+03,6.353000000000000114e+01
1.271057031250000000e+05,7.392700000000000000e+04,1.126787187500000000e+05,9.291195312500000000e+04,7.331900000000000000e+04,8.304910937500000000e+04,1.960800018310546875e+02,2.527193945312500000e+04,6.356299804687500199e+01
1.227448125000000000e+05,7.560800000000000000e+04,1.063935546875000000e+05,4.387089062500000000e+04,3.754800000000000000e+04,7.657193750000000000e+04,1.092200012207031250e+02,1.624950000000000000e+04,6.427299804687500284e+01
1.105899531250000000e+05,7.163400000000000000e+04,1.011757343750000000e+05,9.101858593750000000e+04,6.427800000000000000e+04,9.279992968750000000e+04,1.823200073242187500e+02,2.063100000000000000e+04,6.434999999999999432e+01
6.018016015625000000e+04,3.595000000000000000e+04,1.097070078125000000e+05,6.753720312500000000e+04,5.835900000000000000e+04,7.584293750000000000e+04,5.590000152587890625e+01,6.582600097656250000e+03,6.524899902343750568e+01
7.221728906250000000e+04,4.674600000000000000e+04,1.012457187500000000e+05,7.205463281250000000e+04,5.578600000000000000e+04,8.464799218750000000e+04,1.255600051879882812e+02,1.733763085937500000e+04,6.632299804687500000e+01
1.015552421875000000e+05,5.831800000000000000e+04,1.141246953125000000e+05,8.196924218750000000e+04,6.584300000000000000e+04,8.158705468750000000e+04,1.384600067138671875e+02,1.524900000000000000e+04,6.751600097656249488e+01
1.060539921875000000e+05,6.796500000000000000e+04,1.022637343750000000e+05,5.318312890625000000e+04,4.732100000000000000e+04,7.365460937500000000e+04,8.513999938964843750e+01,1.498541992187500000e+04,6.771299804687500057e+01
9.091745312500000000e+04,5.754900000000000000e+04,1.035355312500000000e+05,3.592967968750000000e+04,3.247700000000000000e+04,7.250322656250000000e+04,2.838000106811523438e+01,8.297250000000000000e+03,7.027399902343749716e+01
1.274582812500000000e+05,7.456300000000000000e+04,1.120275000000000000e+05,8.340029687500000000e+04,6.511500000000000000e+04,8.393951562500000000e+04,7.998000335693359375e+01,8.948610351562500000e+03,7.121899902343750455e+01
9.575170312500000000e+04,5.610800000000000000e+04,1.118411640625000000e+05,1.089496171875000000e+05,8.967600000000000000e+04,7.962132031250000000e+04,1.530800018310546875e+02,1.679252929687500000e+04,7.160899902343750512e+01
8.154724218750000000e+04,4.944700000000000000e+04,1.080809765625000000e+05,9.245103125000000000e+04,7.010300000000000000e+04,8.642813281250000000e+04,1.083600006103515625e+02,1.382966992187500000e+04,7.237999999999999545e+01
1.388055000000000000e+05,7.858700000000000000e+04,1.157539687500000000e+05,8.201271093750000000e+04,6.867800000000000000e+04,7.826065625000000000e+04,1.324400024414062500e+02,1.222679980468750000e+04,7.271799804687499602e+01
7.202819531250000000e+04,4.695900000000000000e+04,1.005225781250000000e+05,9.377721093750000000e+04,7.024200000000000000e+04,8.749442968750000000e+04,2.399400024414062500e+02,2.964791992187500000e+04,7.431000000000000227e+01
7.682645312500000000e+04,4.510300000000000000e+04,1.116311171875000000e+05,5.090544140625000000e+04,4.451400000000000000e+04,7.494583593750000000e+04,7.912000274658203125e+01,8.094390136718750000e+03,7.434399902343750455e+01
1.008860703125000000e+05,5.622600000000000000e+04,1.175909609375000000e+05,9.008225781250000000e+04,7.403000000000000000e+04,7.974646875000000000e+04,1.006200027465820312e+02,7.897049804687500000e+03,7.437799804687500682e+01
8.551712500000000000e+04,5.301700000000000000e+04,1.057104375000000000e+05,9.400697656250000000e+04,7.503300000000000000e+04,8.210842187500000000e+04,8.600000000000000000e+01,1.079850000000000000e+04,7.453100097656249545e+01
1.079974531250000000e+05,7.726400000000000000e+04,9.160437500000000000e+04,5.625155859375000000e+04,4.916800000000000000e+04,7.497767968750000000e+04,6.363999938964843750e+01,4.671299804687500000e+03,7.457500000000000284e+01
9.752314062500000000e+04,6.324300000000000000e+04,1.010590390625000000e+05,5.179001953125000000e+04,4.514200000000000000e+04,7.518742968750000000e+04,7.912000274658203125e+01,1.091855957031250000e+04,7.491600097656250057e+01
1.900082968750000000e+05,1.075460000000000000e+05,1.157865781250000000e+05,9.050522656250000000e+04,6.807400000000000000e+04,8.713092968750000000e+04,1.221200027465820312e+02,1.306653027343750000e+04,7.514100097656249488e+01
1.163599453125000000e+05,7.103800000000000000e+04,1.073476953125000000e+05,4.591191015625000000e+04,3.817400000000000000e+04,7.882021875000000000e+04,5.074000167846679688e+01,6.657120117187500000e+03,7.569399902343749886e+01
9.024523437500000000e+04,5.551800000000000000e+04,1.065296328125000000e+05,9.232614062500000000e+04,7.189100000000000000e+04,8.416471093750000000e+04,1.298600006103515625e+02,9.973950195312500000e+03,7.617499999999999716e+01
1.157200546875000000e+05,7.518700000000000000e+04,1.008662343750000000e+05,7.966464062500000000e+04,5.775900000000000000e+04,9.039114062500000000e+04,1.221200027465820312e+02,1.734176953125000000e+04,7.664499999999999602e+01
7.808792968750000000e+04,4.894300000000000000e+04,1.045618437500000000e+05,8.272064843750000000e+04,7.068300000000000000e+04,7.669709375000000000e+04,3.018600158691406250e+02,1.276016992187500000e+04,7.670299804687499545e+01
9.038919531250000000e+04,5.331000000000000000e+04,1.111188671875000000e+05,7.119350781250000000e+04,6.199800000000000000e+04,7.525626562500000000e+04,8.427999877929687500e+01,1.423470019531250000e+04,7.887000000000000455e+01
8.881478125000000000e+04,5.663900000000000000e+04,1.027660390625000000e+05,3.470837890625000000e+04,3.115400000000000000e+04,7.301304687500000000e+04,6.020000076293945312e+01,8.894099609375000000e+03,7.901999999999999602e+01
1.238397656250000000e+05,7.882600000000000000e+04,1.029604843750000000e+05,5.826014843750000000e+04,5.048300000000000000e+04,7.563214062500000000e+04,4.988000106811523438e+01,1.333287011718750000e+04,7.979500000000000171e+01
9.844728906250000000e+04,6.091300000000000000e+04,1.059189609375000000e+05,8.914110156250000000e+04,7.676900000000000000e+04,7.609778906250000000e+04,4.042000198364257812e+01,7.955009765625000000e+03,8.012700195312500284e+01
1.230559140625000000e+05,7.527800000000000000e+04,1.071307968750000000e+05,5.484671875000000000e+04,4.937400000000000000e+04,7.280014843750000000e+04,5.331999969482421875e+01,8.357280273437500000e+03,8.059399902343750455e+01
1.312573593750000000e+05,7.716200000000000000e+04,1.114808125000000000e+05,5.640750000000000000e+04,5.002300000000000000e+04,7.390045312500000000e+04,5.934000015258789062e+01,1.079159960937500000e+04,8.070899902343749943e+01
6.858596093750000000e+04,4.266700000000000000e+04,1.053472187500000000e+05,6.416516796875000000e+04,4.673500000000000000e+04,8.997814062500000000e+04,1.135200042724609375e+02,1.470320996093750000e+04,8.175700195312499829e+01
7.406620312500000000e+04,4.186300000000000000e+04,1.159497187500000000e+05,5.822633984375000000e+04,4.921900000000000000e+04,7.752944531250000000e+04,5.830800170898437500e+02,9.568919921875000000e+03,8.268700195312500512e+01
1.167344843750000000e+05,6.923100000000000000e+04,1.105041250000000000e+05,6.650978906250000000e+04,5.493000000000000000e+04,7.935164843750000000e+04,1.160999984741210938e+02,1.996928906250000000e+04,8.353799804687500341e+01
8.667734375000000000e+04,5.324200000000000000e+04,1.066918281250000000e+05,6.293214062500000000e+04,5.160700000000000000e+04,7.991785156250000000e+04,8.513999938964843750e+01,1.192182031250000000e+04,8.404200195312499488e+01
7.381488281250000000e+04,4.458600000000000000e+04,1.084989062500000000e+05,8.752304687500000000e+04,6.358200000000000000e+04,9.021280468750000000e+04,1.599600067138671875e+02,2.568317968750000000e+04,8.424599609375000853e+01
1.144536953125000000e+05,6.674700000000000000e+04,1.123771406250000000e+05,7.218986718750000000e+04,5.851800000000000000e+04,8.084752343750000000e+04,1.556600036621093750e+02,2.385536914062500000e+04,8.462500000000000000e+01
1.591886562500000000e+05,9.952100000000000000e+04,1.048280000000000000e+05,4.469889062500000000e+04,3.906100000000000000e+04,7.499517187500000000e+04,1.023400039672851562e+02,1.446722949218750000e+04,8.643299804687499943e+01
1.068488203125000000e+05,7.058300000000000000e+04,9.920865625000000000e+04,3.893255859375000000e+04,3.607100000000000000e+04,7.073506250000000000e+04,5.418000030517578125e+01,4.391850097656250000e+03,8.643599609375000625e+01
9.016714843750000000e+04,5.592200000000000000e+04,1.056685078125000000e+05,4.078521093750000000e+04,3.676200000000000000e+04,7.270822656250000000e+04,7.826000213623046875e+01,5.694569824218750000e+03,8.648900390625000512e+01
8.231217968750000000e+04,5.837000000000000000e+04,9.241753125000000000e+04,9.156300000000000000e+04,7.017000000000000000e+04,8.551621875000000000e+04,9.631999969482421875e+01,1.581962988281250000e+04,8.680099609375000114e+01
8.602220312500000000e+04,5.597900000000000000e+04,1.007083125000000000e+05,3.411566796875000000e+04,3.019100000000000000e+04,7.405533593750000000e+04,1.737200012207031250e+02,9.854580078125000000e+03,8.719700195312499602e+01
6.955342187500000000e+04,4.851100000000000000e+04,9.396328906250000000e+04,9.126146875000000000e+04,6.917000000000000000e+04,8.646684375000000000e+04,1.883399963378906250e+02,4.566212890625000000e+04,8.794599609374999716e+01
9.158235156250000000e+04,5.798600000000000000e+04,1.035067265625000000e+05,3.771746875000000000e+04,3.258200000000000000e+04,7.586557812500000000e+04,2.193000030517578125e+02,9.536490234375000000e+03,8.858700195312499659e+01
5.920842968750000000e+04,3.889900000000000000e+04,9.975278906250000000e+04,2.710941015625000000e+04,2.467100000000000000e+04,7.201338281250000000e+04,1.023400039672851562e+02,7.136669921875000000e+03,8.872200195312500171e+01
1.151362812500000000e+05,6.991000000000000000e+04,1.079326484375000000e+05,4.928462890625000000e+04,4.042600000000000000e+04,7.989703906250000000e+04,5.590000152587890625e+01,1.051559960937500000e+04,8.925799804687500227e+01
8.894532031250000000e+04,5.280600000000000000e+04,1.103874687500000000e+05,9.293678906250000000e+04,5.739400000000000000e+04,1.061209453125000000e+05,1.728600006103515625e+02,3.107828906250000000e+04,8.990099609374999545e+01
1.325694687500000000e+05,8.778900000000000000e+04,9.896539062500000000e+04,9.431610156250000000e+04,6.762900000000000000e+04,9.139718750000000000e+04,2.089800109863281250e+02,3.108174023437500000e+04,9.036299804687500625e+01
1.019364921875000000e+05,6.164700000000000000e+04,1.083671562500000000e+05,5.865207031250000000e+04,4.891400000000000000e+04,7.858327343750000000e+04,2.416600036621093750e+02,1.231029003906250000e+04,9.082000000000000739e+01
1.375732968750000000e+05,7.750700000000000000e+04,1.163250156250000000e+05,4.494453125000000000e+04,3.785900000000000000e+04,7.780144531250000000e+04,9.890000152587890625e+01,1.525451953125000000e+04,9.180299804687500398e+01
1.116001093750000000e+05,6.759600000000000000e+04,1.081990859375000000e+05,4.730846875000000000e+04,4.076900000000000000e+04,7.604817968750000000e+04,7.481999969482421875e+01,1.128770996093750000e+04,9.251200195312500796e+01
5.872042968750000000e+04,3.387300000000000000e+04,1.136097187500000000e+05,7.156128125000000000e+04,5.424100000000000000e+04,8.646300781250000000e+04,1.221200027465820312e+02,1.612737011718750000e+04,9.303400390625000682e+01
1.077083125000000000e+05,6.620600000000000000e+04,1.066183203125000000e+05,5.139671875000000000e+04,4.365100000000000000e+04,7.716513281250000000e+04,5.504000091552734375e+01,7.273290039062500000e+03,9.320099609375000682e+01
1.401438437500000000e+05,8.379900000000000000e+04,1.096011562500000000e+05,4.699176171875000000e+04,3.983500000000000000e+04,7.731021093750000000e+04,5.762000274658203125e+01,1.051629003906250000e+04,9.354299804687499886e+01
1.308938046875000000e+05,7.637000000000000000e+04,1.123249531250000000e+05,7.439856250000000000e+04,6.370600000000000000e+04,7.653571093750000000e+04,3.784000015258789062e+01,9.660000000000000000e+03,9.525299804687500682e+01
9.780435156250000000e+04,6.502200000000000000e+04,9.857749218750000000e+04,4.093494140625000000e+04,3.786600000000000000e+04,7.084752343750000000e+04,5.504000091552734375e+01,7.158060058593750000e+03,9.646799804687499602e+01
7.168049218750000000e+04,4.149400000000000000e+04,1.132128203125000000e+05,9.146018750000000000e+04,7.197400000000000000e+04,8.327917187500000000e+04,1.307200012207031250e+02,1.284987011718750000e+04,9.694599609374999716e+01
1.239483437500000000e+05,8.520200000000000000e+04,9.533906250000000000e+04,9.722031250000000000e+04,8.185000000000000000e+04,7.784276562500000000e+04,9.288000488281250000e+01,1.260905957031250000e+04,9.837099609375000853e+01
1.052079218750000000e+05,6.987100000000000000e+04,9.868051562500000000e+04,3.233891992187500000e+04,2.941000000000000000e+04,7.206267968750000000e+04,6.020000076293945312e+01,5.291609863281250000e+03,1.001000000000000085e+02
1.391806562500000000e+05,8.881100000000000000e+04,1.027051015625000000e+05,4.832898046875000000e+04,4.154200000000000000e+04,7.624303125000000000e+04,1.549548046875000000e+04,9.088679687500000000e+03,1.591559960937499909e+02
5.394291015625000000e+04,2.902400000000000000e+04,1.218027265625000000e+05,5.536007812500000000e+04,4.488000000000000000e+04,8.083953125000000000e+04,3.498479980468750000e+03,6.428040039062500000e+03,1.619340039062500125e+02
8.773752343750000000e+04,6.461700000000000000e+04,8.898535156250000000e+04,2.020665039062500000e+04,1.898600000000000000e+04,6.974944531250000000e+04,5.258899902343750000e+03,7.081470214843750000e+03,1.626229980468750114e+02
1.386676406250000000e+05,8.182800000000000000e+04,1.110588437500000000e+05,4.152351171875000000e+04,3.509100000000000000e+04,7.754936718750000000e+04,9.288000488281250000e+01,1.571888964843750000e+04,1.628350000000000080e+02
1.802348750000000000e+05,1.004150000000000000e+05,1.176305703125000000e+05,7.389968750000000000e+04,5.756700000000000000e+04,8.412961718750000000e+04,1.229800033569335938e+02,1.492883984375000000e+04,1.644909960937499989e+02
9.709980468750000000e+04,5.452500000000000000e+04,1.167085312500000000e+05,8.543165625000000000e+04,7.062100000000000000e+04,7.928021875000000000e+04,1.049199981689453125e+02,1.693466992187500000e+04,1.644969921875000125e+02
1.227112656250000000e+05,6.955600000000000000e+04,1.156191562500000000e+05,8.396610156250000000e+04,6.614400000000000000e+04,8.319428125000000000e+04,1.419000091552734375e+02,1.493504980468750000e+04,1.645430078125000080e+02
1.016186796875000000e+05,6.731900000000000000e+04,9.892722656250000000e+04,3.665348828125000000e+04,3.416700000000000000e+04,7.030535156250000000e+04,6.106000137329101562e+01,5.423399902343750000e+03,1.645609960937499920e+02
1.105051640625000000e+05,6.879100000000000000e+04,1.052763671875000000e+05,4.384812109375000000e+04,3.879900000000000000e+04,7.406454687500000000e+04,5.136780273437500000e+03,5.986439941406250000e+03,1.648250000000000171e+02
1.124559453125000000e+05,6.995100000000000000e+04,1.053582187500000000e+05,4.989528125000000000e+04,4.315400000000000000e+04,7.577367187500000000e+04,1.152400054931640625e+02,1.356884960937500000e+04,1.650809960937500023e+02
1.106235000000000000e+05,7.692200000000000000e+04,9.424900781250000000e+04,3.149159960937500000e+04,2.736700000000000000e+04,7.541321875000000000e+04,2.665999984741210938e+01,1.427747949218750000e+04,1.668759960937499898e+02
1.052652656250000000e+05,6.453600000000000000e+04,1.068963750000000000e+05,4.774869140625000000e+04,4.136800000000000000e+04,7.564442187500000000e+04,5.762000274658203125e+01,1.983750000000000000e+04,1.675019921875000080e+02
9.248820312500000000e+04,5.821400000000000000e+04,1.041211171875000000e+05,3.781407031250000000e+04,3.458200000000000000e+04,7.166106250000000000e+04,4.127999877929687500e+01,8.268269531250000000e+03,1.688330078125000000e+02
6.460692968750000000e+04,3.802100000000000000e+04,1.113616171875000000e+05,5.814975000000000000e+04,4.632500000000000000e+04,8.226447656250000000e+04,1.032000045776367188e+02,1.693674023437500000e+04,1.725940039062500091e+02
1.088349843750000000e+05,6.804900000000000000e+04,1.048157890625000000e+05,5.193216015625000000e+04,4.596100000000000000e+04,7.405030468750000000e+04,8.084000396728515625e+01,8.273099609375000000e+03,1.725980078125000148e+02
7.641775000000000000e+04,4.850800000000000000e+04,1.032430546875000000e+05,5.961255078125000000e+04,5.017200000000000000e+04,7.786750000000000000e+04,5.847999954223632812e+01,8.909969726562500000e+03,1.726009960937500125e+02
1.026965546875000000e+05,5.891100000000000000e+04,1.142455859375000000e+05,1.142467500000000000e+05,8.779400000000000000e+04,8.528231250000000000e+04,1.315800018310546875e+02,1.558986035156250000e+04,1.726059960937500080e+02
1.362886406250000000e+05,8.343000000000000000e+04,1.070575703125000000e+05,6.537060156250000000e+04,5.612600000000000000e+04,7.633053906250000000e+04,1.204000015258789062e+02,1.211846972656250000e+04,1.726130078125000011e+02
9.284260937500000000e+04,5.687000000000000000e+04,1.069902187500000000e+05,6.955682812500000000e+04,5.342200000000000000e+04,8.532957031250000000e+04,7.654000091552734375e+01,1.328663964843750000e+04,1.726530078124999932e+02
1.039189921875000000e+05,6.417100000000000000e+04,1.061294921875000000e+05,7.082160156250000000e+04,5.916700000000000000e+04,7.844515625000000000e+04,1.100800018310546875e+02,1.273395019531250000e+04,1.729390039062500080e+02
1.262620703125000000e+05,8.169300000000000000e+04,1.012903281250000000e+05,5.000016015625000000e+04,4.278100000000000000e+04,7.659499218750000000e+04,4.902000045776367188e+01,9.379860351562500000e+03,1.732669921874999943e+02
7.937198437500000000e+04,4.640900000000000000e+04,1.120843437500000000e+05,7.634090625000000000e+04,6.254800000000000000e+04,7.998780468750000000e+04,6.450000000000000000e+01,1.883148046875000000e+04,1.736140039062499909e+02
1.451989062500000000e+05,8.935400000000000000e+04,1.064950234375000000e+05,4.657500000000000000e+04,4.001900000000000000e+04,7.627225000000000000e+04,9.202000427246093750e+01,1.152990039062500000e+04,1.741400000000000148e+02
7.261745312500000000e+04,4.603500000000000000e+04,1.033791093750000000e+05,8.896653125000000000e+04,6.251500000000000000e+04,9.326578906250000000e+04,5.934000015258789062e+01,5.870520019531250000e+03,1.749380078124999898e+02
1.214808906250000000e+05,8.639100000000000000e+04,9.215511718750000000e+04,5.729207812500000000e+04,5.137100000000000000e+04,7.308975781250000000e+04,3.010000038146972656e+01,2.415689941406250000e+03,1.766940039062500034e+02
1.126413828125000000e+05,7.341800000000000000e+04,1.005484453125000000e+05,8.516600781250000000e+04,6.605500000000000000e+04,8.449685156250000000e+04,1.307200012207031250e+02,1.734245898437500000e+04,1.780119921874999989e+02
6.022164062500000000e+04,4.311800000000000000e+04,9.153220312500000000e+04,7.529693750000000000e+04,6.171900000000000000e+04,7.995366406250000000e+04,5.624400024414062500e+02,4.536060058593750000e+03,1.783459960937500171e+02
1.877946093750000000e+05,1.076110000000000000e+05,1.143684921875000000e+05,8.454983593750000000e+04,6.767000000000000000e+04,8.188352343750000000e+04,1.530800018310546875e+02,2.382432031250000000e+04,1.783780078125000159e+02
5.648478125000000000e+04,3.849600000000000000e+04,9.616029687500000000e+04,5.708853125000000000e+04,4.673600000000000000e+04,8.005293750000000000e+04,5.762000274658203125e+01,1.178658007812500000e+04,1.784209960937500057e+02
7.719671875000000000e+04,4.791800000000000000e+04,1.055796250000000000e+05,4.733607031250000000e+04,3.997100000000000000e+04,7.761169531250000000e+04,5.590000152587890625e+01,5.158439941406250000e+03,1.791140039062499909e+02
6.859084375000000000e+04,3.745800000000000000e+04,1.200055937500000000e+05,4.649426953125000000e+04,4.047800000000000000e+04,7.527665625000000000e+04,7.138000488281250000e+01,6.650220214843750000e+03,1.812400000000000091e+02
1.007171015625000000e+05,5.856200000000000000e+04,1.127112421875000000e+05,4.571732812500000000e+04,3.968600000000000000e+04,7.549591406250000000e+04,1.118000030517578125e+01,4.734089843750000000e+03,1.812480078124999920e+02
1.123302812500000000e+05,7.153100000000000000e+04,1.029159062500000000e+05,4.030703906250000000e+04,3.631000000000000000e+04,7.275026562500000000e+04,3.784000015258789062e+01,8.252400390625000000e+03,1.818880078125000068e+02
1.347971875000000000e+05,8.366300000000000000e+04,1.055911015625000000e+05,4.884578906250000000e+04,3.905500000000000000e+04,8.196537500000000000e+04,7.138000488281250000e+01,1.262079003906250000e+04,1.828159960937500159e+02
1.290888125000000000e+05,8.178100000000000000e+04,1.034465781250000000e+05,4.655982031250000000e+04,4.144100000000000000e+04,7.363104687500000000e+04,6.622000122070312500e+01,7.774229980468750000e+03,1.852930078125000080e+02
7.536245312500000000e+04,4.286500000000000000e+04,1.152211328125000000e+05,6.111951171875000000e+04,4.804900000000000000e+04,8.336341406250000000e+04,1.169599990844726562e+02,1.592382031250000000e+04,1.914309960937499966e+02
1.148257890625000000e+05,6.407000000000000000e+04,1.174531484375000000e+05,7.772021875000000000e+04,5.849400000000000000e+04,8.707682812500000000e+04,8.084000396728515625e+01,1.457279980468750000e+04,1.915580078124999943e+02
1.276827656250000000e+05,7.871000000000000000e+04,1.063120000000000000e+05,6.736539062500000000e+04,5.613800000000000000e+04,7.864295312500000000e+04,1.014800033569335938e+02,1.492332031250000000e+04,1.926659960937500102e+02
8.072923437500000000e+04,5.018200000000000000e+04,1.054296562500000000e+05,6.109812109375000000e+04,5.159800000000000000e+04,7.760235937500000000e+04,1.419000091552734375e+02,1.708164062500000000e+04,1.954040039062500114e+02
5.578876953125000000e+04,3.675100000000000000e+04,9.948500000000000000e+04,4.632039062500000000e+04,3.905500000000000000e+04,7.772764062500000000e+04,5.331999969482421875e+01,1.062530957031250000e+04,1.955319921875000091e+02
6.369010156250000000e+04,3.873900000000000000e+04,1.077465781250000000e+05,3.298476171875000000e+04,2.785100000000000000e+04,7.761621875000000000e+04,5.160000228881835938e+01,7.698330078125000000e+03,1.981330078125000114e+02
1.052207343750000000e+05,6.667900000000000000e+04,1.034170625000000000e+05,3.680253125000000000e+04,3.293900000000000000e+04,7.322295312500000000e+04,5.418000030517578125e+01,7.713509765625000000e+03,1.998000000000000114e+02
7.143100000000000000e+04,4.702700000000000000e+04,9.954498437500000000e+04,3.838953125000000000e+04,3.492300000000000000e+04,7.204125000000000000e+04,1.066399993896484375e+02,1.759775976562500000e+04,2.000919921875000114e+02
