FSC-A,FSC-H,FSC-W,SSC-A,SSC-H,SSC-W,530_30 Blue B-A,582_15 YG D-A,Time
81068.8,58475,90858.1,97647.5,67951,94177.1,39568.8,149.82,0.231
50681.6,35731,92957.6,65380.7,45507,94156.7,3970.12,128.7,0.272
78804,46260,111641,130404,81364,105036,62820.4,102.3,0.568
110202,80332,89904.7,120522,90664,87118.7,23787.6,137.94,0.634
64051.2,47568,88245.4,73737.5,55120,87671.6,30942.4,180.84,0.649
68004.8,48067,92719.8,63210.8,45895,90262.2,4463.69,100.32,0.701
96415.2,68109,92772.9,124196,81184,100257,53752.9,110.22,0.792
55265.6,45983,78765.8,63572.7,53666,77633.9,9973.04,136.62,1.07
64186.4,40564,103701,125788,77248,106717,3182.41,118.8,1.373
59507.2,45027,86611.7,78823.4,62311,82903,5677.98,99,1.702
52212.8,37353,91607.6,62619.5,42212,97219.5,3564.33,104.94,1.789
78528.8,61084,84252.2,115854,88680,85618.2,7789.32,128.7,1.816
75232,58333,84521.7,101076,76057,87093.8,17653,103.62,2.008
53879.2,39745,88842,52867.4,44033,78684.6,2262.26,109.56,2.014
57428,42093,89411.6,98602.3,76093,84922.4,4867.17,110.22,2.262
69696,51207,89198.7,94016.2,70195,87776.2,1623.93,113.52,2.283
62060,41496,98013.4,68838,44785,100734,2106.72,136.62,2.29
55470.4,44100,82433.3,72480.9,57556,82530.2,6804.49,131.34,2.456
68648.8,47720,94278.5,102034,73560,90904.2,32979.1,207.24,2.613
114073,66859,111816,132974,81915,106386,40087.7,110.88,2.82
55102.4,35349,102158,68888.8,49189,91782.7,7602.98,186.12,2.939
51610.4,42100,80340.6,67724.6,58752,75544.6,3515.82,100.32,3.143
110169,75184,96031.4,150849,96860,102065,59206.8,112.2,3.154
55221.6,41403,87409.2,101558,74059,89870.6,31140.3,145.2,3.168
81550.4,61612,86744.2,109186,84101,85083.6,50174,99.66,3.184
49408,40029,80891.4,65282.1,54281,78818.2,1440.67,123.42,3.196
82924,63164,86038.1,110580,85208,85050.7,35290.6,140.58,3.21
52316.8,35256,97249.7,61161.9,43836,91438.6,799.26,150.48,3.217
65860.8,46404,93014.7,68283.6,50368,88846.8,7919.45,126.72,3.499
50326.4,38012,86767.1,87900.1,68385,84238.1,8533.91,169.62,3.601
71275.2,50938,91701.5,84422.8,58042,95322.9,40699.1,103.62,3.652
57471.2,38543,97720.3,72246.8,48459,97706.6,4837.91,120.78,3.728
81746.4,67901,78899.2,123557,104381,77575.4,9542.61,112.86,3.756
78840.8,49365,104668,83760.6,54997,99811.5,11896.5,161.04,3.822
71207.2,51929,89865.7,122498,89716,89482.5,2413.18,410.52,3.835
61512.8,42604,94622.6,56249.3,36072,102194,13639,297.66,3.836
78536,54654,94173.1,111813,80179,91392.9,20783.1,124.74,3.857
52246.4,38803,88241.1,83712.1,58343,94032.8,2363.9,264,3.859
59288.8,37053,104865,106060,76304,91092.7,7837.83,111.54,3.869
54866.4,41518,86606.4,72735,59034,80746,7365.05,99,3.933
87960.8,63753,90420.8,139536,99364,92031.8,14939.5,120.78,3.938
71257.6,55165,84654,94094,72320,85267.5,4866.4,160.38,3.969
106252,71252,97728.2,114381,70064,106989,58510.8,1116.72,4.014
67993.6,46620,95581.9,119502,80152,97710.8,3964.73,213.18,4.061
101858,80517,82906,131821,105229,82097.3,19424.8,213.18,4.076
64235.2,42421,99236.6,68300.5,48881,91572.3,15737.3,449.46,4.153
83947.2,58553,93958.7,133572,87529,100010,19728.2,153.78,4.195
51472.8,42386,79585.8,64954.9,56182,75769.5,1118.81,120.12,4.224
145134,97665,97388.8,140276,85685,107290,8640.94,114.18,4.28
69404.8,55792,81526.3,122766,94860,84815.2,8323.7,99,4.339
64654.4,46512,91098.9,115317,83476,90533.8,37449.7,114.84,4.455
58144.8,40581,93900.5,93094.5,66917,91173.3,9424.8,251.46,4.481
56464.8,46863,78963.7,69874.4,61263,74748.1,25152.8,242.22,4.658
57864,37659,100698,127052,81215,102524,30904.7,201.3,4.698
62597.6,41446,98981.7,110910,80738,90027,5247.55,128.7,4.831
94201.6,55781,110676,125777,79541,103631,21195,130.68,5.089
54233.6,36005,98715.6,50852.3,31589,105501,4663.89,128.04,5.404
106625,68464,102065,139369,87780,104052,13999.4,118.14,5.46
73389.6,55067,87342,79685,60287,86622.9,59792,207.24,5.597
60516.8,46765,84807.6,111273,90384,80682.1,3833.06,239.58,5.77
59894.4,40010,98106.5,95882.7,63363,99171,26984.6,116.82,5.823
53224,38222,91258.6,54521.4,37722,94722.3,2324.63,151.14,5.869
59362.4,40531,95985.2,126723,87667,94732.4,3438.05,124.08,5.943
54341.6,41161,86522,62213.7,48132,84709.5,2392.39,165.66,6.021
62702.4,43752,93921.8,120087,85820,91703.7,3504.27,180.18,6.242
73371.2,54599,88068.6,91217.3,66343,90107.7,2246.86,160.38,6.335
51424.8,38406,87751.3,89988.4,70498,83654.5,5792.71,121.44,6.398
84027.2,62280,88420.2,137506,100193,89942.2,42786.6,126.06,6.435
84260.8,56821,97184.4,101448,68245,97420.5,12845.9,172.92,6.506
102748,64511,104381,134752,91871,96125.3,57436.6,170.94,6.522
57552.8,36573,103130,88174.2,57469,100551,8463.84,127.38,6.589
55775.2,36027,101460,93936.1,62726,98144.3,10715.3,114.84,6.591
78060.8,47774,107083,132789,83514,104203,6581.19,180.84,6.639
85696,67972,82624.8,96412.5,83248,75899.6,2114.42,106.26,6.733
61334.4,40623,98949.2,82323.8,59874,90108.7,4768.61,111.54,6.741
53926.4,42367,83416.8,100728,81842,80658.8,76798.3,184.14,6.798
55879.2,35572,102949,105016,70612,97467.2,12352.3,178.2,6.857
60473.6,39343,100735,78396.8,48210,106571,7736.96,176.22,6.871
54104.8,39617,89502.3,66381.7,55821,77934.7,4467.54,139.92,7.032
59414.4,40560,96000.6,81468.3,49620,107600,3537.38,115.5,7.158
81653.6,65365,81867.2,97601.3,80933,79033.3,3013.78,221.76,7.191
56335.2,39377,93759.9,111176,81009,89941.4,11583.1,104.94,7.308
64005.6,50840,82507.3,93208.5,79845,76504.6,17794.7,180.18,7.363
67855.2,46100,96463.3,114183,69940,106993,12507.9,195.36,7.481
79811.2,54707,95609.5,110442,71683,100971,59207.6,105.6,7.534
70002.4,50489,90864.9,69208.4,51661,87796.2,3480.4,128.7,7.556
49215.2,38401,83991.8,63267.8,55521,74680.2,5809.65,117.48,7.567
108118,78410,90366,140703,102522,89942.7,31932.7,104.28,7.63
61673.6,43360,93215.9,82889.7,58372,93062.8,3846.15,122.1,7.669
64208.8,41166,102220,90011.5,56970,103546,11029.5,102.96,7.699
51171.2,36542,91772.6,59276.1,39578,98153.5,5399.24,124.08,7.74
75612,53161,93213.2,119974,83741,93891.8,42355.4,104.28,7.853
116059,78229,97228.1,141176,101493,91160.4,20318,108.9,7.929
73170.4,57037,84073.4,68399.1,55344,80995.3,6749.82,141.24,7.979
73432,55960,85997.9,114802,87676,85812.4,26590.4,104.28,8.187
71188,49321,94592.1,133737,88420,99124.8,51282.8,152.46,8.198
56182.4,34307,107324,65102.7,44623,95613.8,5922.84,199.98,8.21
66596.8,42366,103019,107731,67342,104842,5635.63,101.64,8.279
49223.2,38307,84211.5,95546.2,68595,91285.3,2987.6,176.88,8.334
50958.4,36635,91159,51421.4,41563,81080.5,11102.6,100.32,8.437
59170.4,41466,93517.4,70508.1,53578,86244.7,16316.3,132,8.784
57005.6,37569,99441.5,80606.7,58533,90250.6,2071.3,156.42,9.006
60753.6,48117,82747.2,84502.9,68197,81205.6,35482.4,112.2,9.065
110193,80053,90210.2,109525,76337,94028,25527,128.7,9.127
81533.6,62817,85062.7,83011.4,66037,82381.6,42987.6,102.3,9.188
68932.8,47621,94865.3,54696.2,38677,92679.6,25031.9,118.8,9.199
93604.8,69193,88657.6,147403,107284,90043.1,78518.4,172.26,9.281
49480,38257,84761.5,52992.2,41269,84152.6,1406.02,122.1,9.282
54752.8,40665,88240,107273,77741,90431.2,5789.63,162.36,9.515
63862.4,46952,89139.7,91018.6,74412,80161.8,8486.17,173.58,9.573
55789.6,35232,103776,51182.7,34228,97998.9,2027.41,110.22,9.798
93334.4,66350,92189.4,134237,100126,87863,15637.9,101.64,9.947
60597.6,44930,88389.1,126771,103190,80512.5,18142,178.86,10.015
69588,45252,100780,94852.4,60176,103301,17029.3,240.9,10.164
63460,43971,94583.1,125486,83299,98727,4279.66,166.98,10.486
99432.8,58600,111202,110952,74332,97822.9,23515.8,101.64,10.507
56635.2,36027,103024,105802,75707,91587.7,7852.46,205.26,10.542
54927.2,38185,94270.2,64621.5,48541,87246.5,5737.27,168.96,10.545
69020,50356,89826.3,81867.9,61228,87628.2,2899.82,141.24,10.554
59798.4,48188,81326.2,112171,90840,80924.8,5179.79,155.1,10.754
60804.8,38299,104047,110246,67179,107549,1659.35,132.66,10.787
59288,39612,98088.9,75105.8,52040,94583.7,4137.98,133.98,10.8
56524.8,44181,83846.2,90816.9,70325,84632.4,4446.75,154.44,11.016
54797.6,39251,91493.6,102947,70527,95662.2,20542.1,116.16,11.133
54932,39441,91276.2,52474.7,41609,82650,4928.77,130.02,11.231
60716,37460,106222,79484,53816,96794,8978.2,112.2,11.424
57786.4,35635,106274,53063,34551,100649,2929.85,121.44,11.589
55926.4,40492,90516.5,49919.9,38325,85363.3,2432.43,106.26,11.65
70562.4,49584,93263.5,57278,44160,85003.9,2363.9,156.42,11.834
84500.8,51448,107640,125607,78408,104986,2634.94,108.24,11.873
55220,32145,112580,102950,64645,104369,4683.14,149.16,11.895
61386.4,43960,91515.5,59892.1,47521,82597,2678.83,135.96,12.023
66702.4,46185,94650,86895.3,57476,99080.8,1647.03,102.3,12.026
51236.8,35565,94414.6,64856.3,46233,91934.9,1242.01,115.5,12.061
72949.6,45985,103965,84064.8,63825,86318.3,11310.5,144.54,12.111
55396,42743,84936.3,47775.4,42019,74514.1,4308.92,153.12,12.146
53148,35122,99171.7,84784.7,54566,101830,4204.97,204.6,12.226
51724,42058,80597.9,61417.5,48922,82275,5383.84,135.3,12.231
54886.4,34896,103079,54283.5,36132,98459,5252.17,118.14,12.24
64189.6,37100,113389,79216.8,53557,96935.1,13639,258.06,12.276
52435.2,33297,103204,76961.5,46821,107724,3935.47,408.54,12.364
85488.8,50420,111118,105031,70744,97299,4380.53,107.58,12.369
88676.8,56990,101974,70861.6,46334,100228,3637.48,102.96,12.477
58920,43407,88957.6,83150,59755,91194.3,596.75,139.92,12.483
82339.2,50036,107846,112076,76592,95897.8,10686.1,153.12,12.51
56556,43535,85137.3,68119.6,53691,83147.7,2344.65,102.3,12.554
55333.6,37129,97668.8,106556,73549,94947.4,3548.93,148.5,12.574
56636,43320,85680.9,89256.1,70572,82886.8,4097.17,116.82,12.574
57152,44304,84541.2,124988,98172,83437.3,1285.9,151.14,12.599
54816,41564,86431.1,82613.3,64920,83397.2,9320.08,133.32,12.749
49644.8,38865,83713.4,95576.2,76593,81778.8,4790.94,124.08,12.771
57167.2,42961,87207.2,82714.9,62977,86076,1020.25,135.3,12.782
59402.4,42242,92159.4,85661.7,58178,96495.7,24365.9,172.26,12.928
52528,37345,92180.4,59818.2,42853,91481.3,1986.6,99,12.934
70320.8,50017,92139.6,118601,83037,93604.3,32210.6,440.22,12.95
52193.6,33636,101693,48590.8,34452,92431.5,3123.89,133.32,12.966
70267.2,45236,101800,59865.2,40324,97295,47058.6,161.04,12.995
62386.4,38904,105093,93059.1,58428,104380,16280.1,103.62,13.066
61709.6,47705,84775.2,89094.4,72516,80518.6,19390.1,110.22,13.112
55502.4,37480,97049.2,106319,73985,94177.1,10650.6,250.8,13.209
57011.2,42669,87564.4,110466,85209,84961.5,2215.29,122.76,13.277
61306.4,45883,87565.7,43996.3,33702,85553.9,3354.89,141.24,13.381
58718.4,34973,110033,92956.7,62349,97708.2,24966.5,149.82,13.413
56476,39540,93606.8,84723.1,62200,89267.1,1743.28,104.94,13.508
61197.6,39026,102769,99722.7,63534,102865,4198.81,176.22,13.523
55022.4,42255,85337.8,104998,84223,81701.5,976.36,109.56,13.533
53070.4,35378,98310.3,90461.9,64870,91390.7,5963.65,168.3,13.588
63646.4,41360,100849,119525,79436,98609.9,7246.47,102.3,13.667
64824.8,46747,90879.8,54414.4,42063,84780,1297.45,104.94,13.903
61816,45505,89027,98225.8,71665,89825.3,53171.6,144.54,13.947
61546.4,42812,94214.4,95192.8,67596,92291.8,1250.48,102.3,13.998
79878.4,60178,86990.4,67034.7,54726,80276,16428.7,158.4,14.074
51612.8,42653,79302.7,88190.4,73888,78221.7,33752.9,137.28,14.184
53167.2,36056,96637.6,85101.2,60028,92909.8,6709.78,155.1,14.229
69526.4,52748,86382.1,126002,93077,88718.7,37050.1,112.86,14.286
70868,49405,94006.8,51091.8,39629,84492.5,1955.8,121.44,14.304
124796,79776,102520,123359,82452,98050.1,44649.2,110.22,14.306
68372.8,50219,89226.8,79035.1,60367,85802.6,24847.9,241.56,14.308
52085.6,37895,90077.4,53279.4,41491,84156,2169.09,119.46,14.656
60348,39748,99501,52210.6,33448,102298,8898.12,118.14,14.796
61640,51647,78216.3,113028,93199,79479.6,24597.6,115.5,14.854
58920,46276,83442.4,57511.3,48216,78170.3,2200.66,159.06,15.058
62391.2,42571,96048.2,51971.9,38495,88479.9,8693.3,128.04,15.074
72376,46208,102650,109065,77756,91924.6,5276.81,174.24,15.113
62566.4,46973,87291.7,68928.9,53405,84586.1,7871.71,153.78,15.122
54163.2,41853,84812.1,76714.3,60800,82690,48697.9,104.94,15.152
69812,42655,107261,97467.4,62751,101793,6072.99,122.76,15.405
124499,85420,95518.4,146526,107473,89350.4,34847.9,119.46,15.442
119766,72559,108174,94939.5,61295,101508,112472,116.16,15.442
57269.6,36567,102640,65542.4,43859,97936.3,1260.49,111.54,15.456
53024.8,39628,87691.4,108299,83128,85380.1,5776.54,135.3,15.477
48257.6,41024,77091.7,52758.9,48748,70928.1,3552.78,121.44,15.505
68237.6,51292,87187.5,74988,58552,83932.5,45554.7,424.38,15.625
66448,43317,100532,103032,71961,93833,4207.28,153.78,15.704
55980,40029,91651.2,108156,75053,94441.2,2775.08,102.96,15.807
65294.4,49334,86738,116268,93458,81531.5,13452.7,101.64,15.9
59231.2,40440,95988.5,110701,73893,98181.5,32822.8,153.78,16.164
54493.6,36939,96680.8,92845.1,63439,95914.1,1795.64,120.78,16.358
67874.4,46196,96290.1,66874.5,51764,84666.7,4426.73,116.82,16.369
53496,40309,86976,86901.4,74021,76939.9,5483.94,176.22,16.429
68716,50353,89436,116974,83085,92266.9,29156.8,114.18,16.484
64380.8,48109,87702.1,88046.4,67021,86095.5,3970.12,149.16,16.653
60756.8,45891,86765.5,127641,95907,87221,9190.72,232.32,16.676
56359.2,44777,82487.8,71310.5,58164,80348.7,30056.2,126.06,16.728
51680,41385,81838.8,70261.7,54436,84588.7,13349.5,211.86,16.747
59472.8,49771,78310.9,83076.1,70575,77144.5,26638.1,103.62,16.812
51343.2,37944,88678.8,46344,36033,84289.4,1532.3,112.86,16.892
66838.4,49842,87884.1,82701.1,65938,82196.9,29719.7,108.24,16.926
55144,37687,95892.9,61838.7,43895,92326.3,4146.45,133.98,16.983
89442.4,54140,108269,68241.2,42908,104229,2909.83,184.14,17.01
81854.4,52496,102187,71523,48944,95769.2,18408.4,328.02,17.08
69993.6,53188,86243.1,104226,86400,79057.1,5691.84,153.12,17.151
56044.8,38785,94700.3,107788,77089,91634,24507.6,166.98,17.19
57044,35837,104318,103584,73177,92768.2,9866.78,108.9,17.272
67172.8,52446,83938.5,69307.7,51795,87694.7,3399.55,120.12,17.469
64464,48662,86817.5,58900.4,45926,84050.3,12909,161.04,17.524
138747,90076,100947,166901,107736,101526,7328.09,153.78,17.697
108769,75793,94049.2,136949,93349,96145.6,76403.2,125.4,17.732
84429.6,53245,103919,134616,88176,100052,19119.1,103.62,17.758
71826.4,45281,103956,46472.6,30785,98932.2,868.56,114.84,17.828
56009.6,43689,84017.6,96056.7,75817,83031.2,35558.6,111.54,17.85
52904,42037,82477.7,102013,77649,86099.7,27568.3,211.2,17.901
54622.4,37996,94213.4,72497.8,55733,85249.6,1574.65,112.86,18.151
54104.8,41066,86344.2,81668.5,66830,80087.2,2397.78,104.28,18.395
53716.8,43432,81055.1,53103.8,47697,72965,2144.45,101.64,18.543
58720,42693,90138.3,105795,79105,87647.8,10975.6,108.24,18.566
50922.4,38602,86452.8,87404.2,64250,89153.7,3916.22,112.2,18.572
69990.4,42387,108215,74157.9,48759,99674.2,4180.33,99,18.613
95010.4,71316,87310,107506,83152,84730.4,47211.8,130.68,18.613
63480.8,41530,100175,46103.8,32663,92503.9,3139.29,135.96,18.644
56769.6,43977,84600,98623.1,76212,84807.7,103853,137.28,18.648
81333.6,55420,96179.7,130497,90716,94275.2,62960.6,120.78,18.649
63010.4,35828,115258,97903.2,59172,108433,25573.2,112.86,18.656
51582.4,41043,82364.9,46064.5,38663,78081.9,1844.92,115.5,18.669
61781.6,40887,99027.1,48488.4,33523,94792.8,3159.31,114.18,18.792
85248,58218,95963.7,133905,98570,89029.3,2457.84,133.32,18.814
72152,48763,96970.1,105626,70975,97531.9,27509.8,108.9,18.857
72889.6,53695,88963.5,116561,89547,85306.5,2684.99,126.06,18.894
50687.2,38226,86899.9,63391,48802,85127.5,2088.24,122.76,18.956
87052.8,59273,96251.1,134847,97149,90966.8,2125.2,101.64,19.042
76784,59560,84488.2,92833.5,75061,81053.2,7158.69,152.46,19.075
75645.6,56816,87255.5,87828.5,66420,86659.6,55996.7,184.8,19.151
84714.4,62915,88243.5,92651.8,75255,80686,33815.3,149.82,19.175
52976.8,35569,97609.9,83196.2,58613,93022.8,4433.66,192.06,19.214
51131.2,37588,89149.1,102590,74792,89894,5293.75,112.2,19.245
57308.8,44505,84390.3,96418.6,71869,87922.3,7485.94,323.4,19.26
55372.8,44586,81391.3,88091.9,72682,79430.8,19816.7,176.22,19.408
64445.6,45377,93075.9,123678,83505,97064.5,16185.4,183.48,19.468
78733.6,57151,90285.1,130972,90191,95168.6,16385.6,169.62,19.472
89485.6,66917,87638.8,127367,100885,82739.1,9782.08,114.84,19.538
60164,41427,95177.2,104561,73507,93222.9,4660.04,174.9,19.632
63661.6,51004,81800,78646.3,64679,79688.3,5675.67,117.48,19.7
64371.2,45786,92138,66541.1,50122,87004.4,3115.42,111.54,19.803
74196,53422,91020.7,122914,89706,89796.2,34326.6,113.52,19.873
54750.4,36106,99377.5,116193,74922,101637,27228.7,124.74,19.886
51320.8,34848,96515.1,45534.7,35332,84460.6,3136.21,118.14,20.016
57864.8,42757,88692.6,69190.7,56737,79921,2855.16,172.92,20.04
112554,79665,92591.6,96641.2,69029,91750.9,26751.3,215.82,20.057
67052.8,50745,86597.2,118063,95469,81045.6,1823.36,151.14,20.076
56346.4,34277,107732,79302.3,51265,101378,2919.07,119.46,20.112
55312.8,39680,91355.3,94616.1,75848,81752.4,5999.84,194.7,20.175
53449.6,39652,88340.4,94034.7,68456,90023.6,21819.5,118.14,20.192
51214.4,37517,89463.1,69176,52784,85888.2,836.99,116.82,20.212
78617.6,52457,98219.2,101179,70420,94161.5,26788.3,100.98,20.265
51631.2,41268,81993.4,78541.5,64660,79605.6,5402.32,143.22,20.279
60692.8,48777,81545.9,72690.3,62820,75833,5934.39,139.26,20.281
112462,78389,94021.9,131147,88537,97076.5,21726.3,105.6,20.338
72181.6,43861,107852,56336.3,36801,100325,24556.8,108.9,20.346
62388.8,47438,86190.7,49482.5,37518,86435.5,3779.16,112.2,20.551
53443.2,38380,91257.3,107855,76616,92257,3335.64,115.5,20.552
71600.8,54877,85508.1,97284.9,73385,86879.6,41729.4,101.64,20.713
70175.2,50411,91230.1,75280.6,59259,83254.7,7720.02,151.8,20.735
51286.4,36336,92500.7,99748.1,71724,91142.3,55070.4,112.86,20.795
73610.4,46316,104157,52206.8,35441,96538.5,4141.83,220.44,20.849
50288,35532,92752.3,95754.9,66204,94788.7,12522.5,155.1,21.04
64148,44837,93761.9,66371.7,47385,91795.6,10957.9,102.3,21.193
61955.2,47497,85485.3,88047.2,66653,86571.7,763.84,102.3,21.203
57336,34347,109400,78138.1,47995,106696,6389.46,124.08,21.276
59538.4,45165,86392.3,113166,82681,89699.6,5105.87,185.46,21.41
104253,70760,96556.1,139566,95448,95827.8,22577.9,173.58,21.426
49846.4,42394,77056.5,64253.4,54410,77392.2,2857.47,184.14,21.431
60768,46760,85168.8,53100,39823,87385.7,975.59,107.58,21.537
69069.6,41767,108376,104842,69207,99280.5,2584.12,185.46,21.639
77546.4,52324,97127.1,123429,83428,96958.1,15787.3,221.76,21.743
112549,86741,85034.7,124899,98341,83234.9,9071.37,103.62,21.788
53632,37553,93596.4,93952.3,67125,91728.3,5088.93,2193.84,21.792
51649.6,36532,92656,61141.8,48456,82693.4,1006.39,114.18,21.842
78633.6,54809,94023.5,115015,82733,91107.7,4948.79,139.26,21.871
87060.8,58552,97445.3,101380,65372,101634,7877.87,204.6,21.905
53159.2,31888,109252,67070.9,45568,96461.5,5979.05,174.9,21.96
53618.4,40958,85793.6,46186.1,36206,83600.9,5500.88,118.8,22.042
77350.4,53505,94743.2,80769.9,59905,88362.2,26880.7,105.6,22.089
86564,63324,89587.8,103258,77553,87257.8,26196.2,110.22,22.105
123417,75644,106925,129485,82897,102367,36546.5,286.44,22.114
50948,39794,83905.3,51188.8,42658,78642,433.51,100.32,22.136
90128,63892,92447.1,136703,99276,90243.4,6647.41,108.9,22.293
56350.4,37165,99367.1,99496.3,69309,94080,5185.18,113.52,22.385
77518.4,58448,86919.1,133605,107156,81712.1,23133.1,103.62,22.422
107338,74601,94294.7,115831,86964,87290.2,8713.32,111.54,22.476
74610.4,52555,93039,43604.3,32891,86882.5,1896.51,199.32,22.557
54044.8,38807,91269.1,82060.4,59127,90955.3,11508.4,217.8,22.587
72930.4,58759,81341.9,72821.2,60267,79187.8,32936.8,119.46,22.609
56492,43517,85076.2,64509.1,52560,80435,2688.07,137.94,22.657
52288,34932,98097.6,94094.8,66324,92976.8,2211.44,130.02,22.719
69040,50249,90043.7,125468,83209,98819.2,28535.4,194.7,22.904
60714.4,43940,90554.8,62263.7,46376,87987.7,6163.08,111.54,22.971
59610.4,43494,89819.9,110125,81922,88098.2,3690.61,195.36,22.98
55382.4,39308,92335.9,87468.1,62789,91294.9,15075.8,129.36,23.032
66383.2,53889,80730.6,91541.4,76181,78750.1,35429.2,304.26,23.149
53708,41869,84067.2,89674.2,76272,77051.7,1747.9,151.8,23.24
81040.8,49142,108076,102838,66510,101332,19911.4,191.4,23.399
55000.8,41280,87319.1,56664.3,44224,83971.4,3539.69,107.58,23.446
54661.6,39165,91466.9,50398,39209,84238,5867.4,102.96,23.456
65440,41100,104347,80518.1,53500,98632.4,3515.82,166.98,23.468
69690.4,47116,96935.9,98783.3,73304,88315.3,2440.9,1354.98,23.507
48476,39996,79431,73764.5,58981,81962.5,9072.91,112.86,23.635
56956.8,44273,84311.5,55447.7,44273,82077.6,10184.8,367.62,23.708
56889.6,40432,92212,118484,87664,88576.3,11620.1,150.48,23.836
61108.8,48061,83328,79797.4,69984,74725.7,3014.55,146.52,23.869
54610.4,41151,86971.1,101187,78575,84395.9,18590.9,133.98,23.902
55729.6,39868,91609.7,71867.9,49932,94327,8138.9,119.46,23.904
66672,45260,96540.4,63391.8,45404,91499.5,5577.11,106.26,23.927
119090,82391,94727.7,119765,85663,91625.6,8766.45,179.52,23.965
75221.6,43331,113769,116519,71687,106522,15125.1,258.06,24.012
60346.4,43273,91393.3,66032.9,47581,90950.8,12013.5,124.74,24.012
135690,94809,93794.4,129525,90073,94240.6,21444.5,138.6,24.045
54856.8,41804,85998.8,89418.6,72545,80779.3,5496.26,122.1,24.052
53515.2,33537,104576,51556.9,38157,88550.8,1574.65,164.34,24.06
84020,56639,97218.1,130470,83867,101953,10196.3,102.96,24.083
52364.8,43129,79570.1,63542.7,57252,72736.9,6960.8,123.42,24.1
94584.8,68199,90891.5,146939,109367,88050.3,1677.06,122.76,24.164
50246.4,35657,92350.7,66596.5,49293,88541.4,1051.05,116.16,24.251
89210.4,59146,98848.5,136991,91498,98120.4,28700.2,157.74,24.277
70094.4,48025,95652.4,119409,75385,103809,7875.56,161.7,24.283
57528,41897,89986.3,95068,67101,92850.8,47523.6,125.4,24.302
76423.2,47264,105968,86039.8,58748,95981.2,9930.69,124.74,24.305
53166.4,32904,105893,72932.1,44517,107367,3346.42,189.42,24.307
75279.2,55937,88197.4,58568.5,46965,81727.8,7060.9,133.98,24.332
71892.8,56889,82820.3,66206.1,52900,82020.5,37509,223.74,24.339
56848.8,45090,82626.8,113891,90278,82677.9,79320,142.56,24.384
58761.6,40930,94087.5,69409.3,54322,83737.9,62165.2,105.6,24.452
55275.2,44909,80663.5,52393.9,42109,81542.8,5029.64,129.36,24.498
52299.2,33401,102616,63472.6,42116,98768.7,3721.41,102.3,24.5
50684,38912,85362.5,81975,59480,90321.3,16510.3,109.56,24.541
55696,41165,88669.8,114142,81456,91834.1,22835.1,139.26,24.567
61971.2,43148,94125.9,79241.5,58316,89052.2,1109.57,123.42,24.633
64335.2,46235,91192.2,63501.1,46495,89506.6,3585.12,144.54,24.638
64348.8,44368,95049.6,82001.9,59600,90169.1,3870.79,105.6,24.669
63557.6,52416,79466.4,59784.3,50564,77486.5,3195.5,107.58,24.731
59533.6,39140,99683,96394,70756,89282.6,10853.9,120.78,24.736
101006,59155,111902,109243,66023,108437,2313.08,100.98,24.741
51863.2,40505,83913.3,83659.7,66557,82376.4,1894.97,192.06,24.744
63514.4,49094,84785.9,83973.1,62434,88145.3,19969.9,182.16,24.838
52446.4,32370,106182,67759.2,47578,93334.5,12243.8,101.64,24.891
58224,34291,111276,117652,72787,105932,5027.33,103.62,24.919
57410.4,42463,88605.3,98093.4,74863,85872.2,9588.04,101.64,24.941
53424,43673,80168.4,80810.7,65721,80583.2,3070.76,109.56,24.959
133776,96873,90501.4,80302.5,59513,88429.5,35219.8,112.2,24.992
53920,35029,100879,106160,65681,105926,15596.3,180.18,25.006
63719.2,45141,92508,46491.8,30885,98652.7,1847.23,134.64,25.179
60276.8,41344,95547.1,72560.2,53408,89037.3,8277.5,126.72,25.197
56888,46021,81011.1,86280,71361,79237.2,22145.2,333.3,25.248
85864,66413,84730.1,103399,83933,80735.1,20425,104.94,25.349
68621.6,45124,99662.8,133817,89340,98162.2,38980.5,121.44,25.447
54376.8,43939,81104.2,80703.7,64811,81606.5,4543,133.32,25.485
84079.2,62152,88657.1,138029,102632,88139.1,36800.6,99.66,25.53
55684,38517,94745.4,61981.1,44181,91939.9,2558.71,112.86,25.53
59168.8,41405,93652.6,118472,81696,95037.6,1693.23,126.06,25.533
66643.2,46820,93283.4,55786.5,41388,88335.4,10666,120.12,25.536
63790.4,40419,103431,122837,80067,100544,1450.68,137.94,25.545
80800.8,54890,96472.2,52718.8,36078,95764.2,5363.05,349.14,25.545
54916.8,41602,86510.9,77828.5,60434,84399,996.38,122.1,25.56
65301.6,47369,90346.1,73694.4,51748,93329.9,4214.21,120.78,25.59
102722,61823,108891,89691.1,58315,100797,3710.63,204.6,25.658
53801.6,36646,96216.3,94109.4,61434,100393,17207.2,107.58,25.704
98725.6,67389,96010.9,88941.9,61024,95518.1,7941.01,246.84,25.718
55259.2,41692,86862.4,91092.5,66645,89576.7,3558.17,99,25.786
53322.4,38059,91818.9,63515,52646,79066.2,1014.86,117.48,25.833
52276,43364,79004.7,99746.6,84140,77691.8,15986.7,151.14,25.862
71659.2,51972,90361.3,106925,80232,87339.3,23584.3,113.52,25.928
55132.8,39763,90868,83043.7,61879,87951.5,2845.15,120.12,25.929
130293,90344,94515.1,105830,67637,102542,37993.3,644.16,25.933
81001.6,52651,100825,129583,82075,103470,23528.9,141.9,25.961
53607.2,37551,93558.1,68961.2,50571,89368.2,2783.55,135.3,26.005
57554.4,48121,78383.4,66233.9,55460,78267.3,24317.4,120.78,26.01
65741.6,40037,107612,121359,86589,91852.1,4723.18,235.62,26.099
86888,54739,104026,119629,72835,107640,11322.1,151.8,26.183
55256.8,37133,97522.7,108301,77552,91520.9,2947.56,150.48,26.243
62020.8,44141,92082.1,97782.3,69465,92251.6,33224,112.2,26.248
63524,37653,110565,88603.9,59173,98131.7,1034.11,107.58,26.279
92422.4,68597,88298.2,129668,99837,85118,11495.3,102.96,26.352
108175,81228,87277.4,116519,87665,87106.8,50460.4,100.98,26.361
59228.8,44693,86850.7,66615.8,49729,87790.5,3119.27,497.64,26.47
71608.8,43814,107111,91441.4,64570,92809.4,5175.17,100.98,26.515
62484,45702,89601.1,47242.6,36402,85052.7,3860.01,104.28,26.515
73541.6,53239,90528,117067,94651,81056.7,3514.28,126.72,26.528
63866.4,41065,101925,113609,72585,102576,5793.48,99.66,26.56
80343.2,64063,82190.5,101155,82283,80566.9,16147.7,1245.42,26.576
59676,43618,89663.1,101332,71154,93331.3,6714.4,140.58,26.596
58913.6,43699,88353.6,66096.8,52655,82266.1,1848.77,109.56,26.602
68794.4,48509,92941.7,92804.2,63689,95495.6,13762.2,119.46,26.602
95100,74164,84036.4,76090.6,61136,81566.9,3736.81,110.88,26.642
67880,40790,109061,65490,40194,106781,4845.61,207.24,26.732
56863.2,40141,92837.4,99129,73833,87989.4,3649.03,140.58,26.816
59465.6,35911,108522,112555,69027,106862,24140.3,139.26,26.922
52541.6,40060,85955.2,62989.8,49868,82780.6,2737.35,106.26,27.051
74872.8,53693,91387.4,133352,92480,94499.7,29059,279.18,27.067
67284.8,45584,96735.2,64658.4,46680,90776.7,5968.27,130.68,27.134
66601.6,47494,91902.2,103945,77713,87658,26518.8,132,27.18
65204.8,44909,95153.8,51417.5,38624,87243.6,3158.54,102.96,27.191
114866,81747,92087.6,95235.1,66407,93986,57096.3,446.16,27.223
53240.8,39079,89285.5,106570,85587,81603.4,37050.1,101.64,27.228
74421.6,50181,97194,129837,89597,94969.4,909.37,147.18,27.305
71096.8,48248,96571.9,125920,85720,96270.1,49684.2,188.1,27.323
75069.6,54911,89595.2,130739,91407,93735.9,7579.11,118.8,27.364
72098.4,55142,85688.6,78506.9,64306,80008.5,28901.9,115.5,27.366
66084,52646,82264.2,67568.3,53970,82048.4,24667.7,114.18,27.438
58580.8,41277,93009.5,72581.7,54720,86928.3,971.74,126.06,27.516
59684,47316,82666.6,90693.7,68032,87366.3,34087.1,104.94,27.619
54043.2,36448,97173.4,112591,77488,95224.6,5522.44,106.26,27.668
56244,40419,91194.9,106178,80055,86921.6,17733.1,128.04,27.685
64689.6,52197,81221.1,96961.5,77137,82379,48941.2,132,27.775
116686,82380,92827.2,95254.4,69308,90070.3,2306.92,162.36,27.864
58521.6,44486,86213,79402.4,61906,84058.3,7872.48,127.38,27.871
69257.6,42847,105932,79078.2,52171,99336.2,48215.1,99.66,27.89
55638.4,35481,102768,81036.3,56884,93361.9,5717.25,133.32,27.918
66432,46740,93146.9,108377,69020,102906,51794.8,137.94,28.07
85664,56144,99994.2,93595.8,66816,91802.8,1760.22,108.9,28.071
63966.4,47051,89097,57690.7,42155,89688.5,7410.48,121.44,28.088
63636.8,49737,83851.1,129863,94985,89600.4,1376.76,145.2,28.117
51233.6,41092,81710.4,75570.9,61828,80103.1,6855.31,208.56,28.182
51216,38359,87502.1,95963.6,68695,91550.6,21806.4,106.26,28.197
59097.6,37240,104002,120066,75249,104568,5305.3,187.44,28.33
50907.2,39528,84402.3,66531.1,54104,80588.9,1553.09,135.3,28.421
52620,36316,94958.3,47644.5,36044,86628.3,7907.13,103.62,28.427
72680.8,56705,83999.8,113378,93221,79706.6,26789.1,112.86,28.599
63016,45753,90263.3,75983.6,59485,83712.9,4765.53,147.18,28.604
52932.8,41008,84593.3,105482,79204,87278.9,11070.3,213.84,28.738
73942.4,48296,100337,130538,86024,99448.3,43835.3,107.58,28.755
59153.6,38898,99663,46640.4,34086,89674,12087.5,122.1,28.773
63620.8,43521,95803.2,108617,83749,84995.9,4663.12,100.98,28.813
113637,72292,103017,115778,72440,104744,3327.17,108.24,29.168
65028,41440,102840,100567,66148,99636.2,3539.69,108.9,29.434
68516,47967,93611.5,51132.6,33970,98646.7,2862.09,123.42,29.509
64116.8,40409,103986,129811,79684,106763,8265.18,108.24,29.514
120408,74377,106095,146228,97988,97800,8332.17,120.12,29.538
52777.6,46170,74915.2,91288.1,79063,75669.5,4114.11,132,29.547
52455.2,41624,82589.5,49859.8,43256,75541.3,2075.92,149.16,29.568
88997.6,61505,94830.5,141394,94477,98080.7,78060.3,202.62,29.737
59168,40352,96095.2,67987.1,49524,89968.6,1826.44,108.24,29.743
61181.6,49853,80428.4,73675.9,59117,81675.7,3197.04,184.8,29.813
86571.2,71063,79838,113925,92451,80758.6,6300.14,101.64,29.839
49872,38244,85462.1,75825.8,58176,85418.7,1796.41,138.6,29.875
66042.4,43986,98398.5,82540.9,60514,89390.9,2182.95,112.2,29.884
64553.6,46108,91753.8,96691.2,72225,87736.3,6739.04,108.24,29.898
55342.4,35699,101597,105085,64963,106012,2336.18,121.44,29.936
75111.2,45844,107375,134883,87412,101127,6940.78,174.24,29.964
79161.6,53449,97063.3,73931.5,53769,90111,2687.3,104.94,29.981
56049.6,39845,92188.9,62503.2,48669,84164.7,3490.41,141.24,30.048
84449.6,64367,85983.3,100538,77679,84821.7,44538.3,307.56,30.051
83371.2,54853,99608.3,94827,64013,97083.2,27620.7,104.28,30.107
125482,73821,111399,154695,95017,106697,10999.5,481.8,30.136
51428.8,39241,85890.7,103471,69981,96898.9,2027.41,137.28,30.178
64911.2,45384,93733.9,82728.8,60625,89430.3,7788.55,114.84,30.21
64493.6,45468,92958.8,66431,48124,90466.7,2514.05,132,30.237
56773.6,36913,100797,78633.2,55061,93592.6,2899.82,108.24,30.241
51434.4,38521,87505.6,85962.8,63668,88484.9,8295.21,177.54,30.402
68481.6,45292,99090.6,111978,83192,88212.7,4404.4,172.92,30.51
67624,44978,98532.8,97910.9,74822,85759.4,5775,167.64,30.526
49304,39368,82076.5,69076.7,51196,88425.1,1524.6,124.08,30.53
72922.4,48465,98608.1,79899,56733,92296.6,7146.37,124.08,30.558
54333.6,35825,99394.5,63848.4,40053,104471,7062.44,112.2,30.564
95747.2,73145,85787,100935,79657,83042.4,17780.1,102.3,30.609
58339.2,37741,101304,95984.3,64848,97002.7,2193.73,175.56,30.645
71845.6,46652,100928,49354.7,35333,91543.6,1564.64,100.32,30.699
62046.4,50105,81155,97341.9,80301,79443.5,27338.8,162.36,30.806
64564.8,36887,114710,126448,77703,106648,4065.6,166.32,30.829
57797.6,42676,88757.7,83897.7,63392,86735.2,2875.18,99.66,30.872
61337.6,38944,103221,62460.1,43208,94736.7,12179.9,163.68,30.897
53464,43184,81136.9,50011.5,42252,77571.6,2438.59,166.98,30.9
66911.2,45095,97241.2,103205,69287,97617.4,32424.7,149.16,31.015
49318.4,38956,82968.8,50301,42065,78367.5,2497.88,100.98,31.063
49945.6,41545,78787.7,83282.4,77453,70468.5,1697.08,139.92,31.126
86810.4,52861,107626,96584.2,58544,108119,20945.5,314.82,31.192
55243.2,36884,98156.9,59631.9,41648,93834.9,8011.08,126.72,31.197
57812,44084,85944.3,88964.3,77400,75327.7,772.31,347.82,31.216
49305.6,41857,77198.4,56096.8,49325,74533.4,2043.58,145.86,31.323
66788,47334,92470.9,98134.2,71058,90508.1,26069.9,148.5,31.325
62852.8,38549,106854,101169,71893,92223.1,9431.73,146.52,31.376
59921.6,38916,100910,50264.8,30672,107399,1661.66,463.32,31.424
59813.6,36901,106229,76856,47941,105063,51639.3,108.24,31.447
58598.4,40775,94182.8,57981,41715,91090.6,10025.4,200.64,31.494
69373.6,48285,94159,116199,78128,97471.2,43799.9,112.86,31.551
63308,43096,96272.3,72762.7,49809,95737.2,2347.73,101.64,31.572
67526.4,48305,91613.9,122783,91881,87577.2,24914.9,155.76,31.572
58136,43159,88278.2,59866.7,44551,88065.9,842.38,114.84,31.677
52610.4,35567,96940.3,59700.4,38975,100386,2382.38,108.24,31.747
66272,44707,97148.1,119613,80251,97680.8,1576.96,112.2,31.752
52724.8,41422,83418.8,52803.5,45214,76536.7,4513.74,104.94,31.785
54568.8,36204,98779.7,78507.7,59164,86963,6246.24,125.4,31.79
51388.8,41028,82085.8,82550.9,63624,85031.7,2079.77,124.08,31.838
58522.4,35194,108977,115150,71619,105369,3947.79,175.56,31.883
66450.4,44546,97761.7,67114.7,49190,89417.2,1491.49,143.88,31.894
78284,53330,96201.4,88496.1,61510,94288.4,28072.7,651.42,32.051
80681.6,45357,116576,132871,82912,105025,14655.4,119.46,32.08
73221.6,57929,82836.8,103606,83657,81163.7,59872.9,115.5,32.107
69992,56801,80755.5,112079,93209,78803.6,87601.4,141.24,32.445
68572,45855,98003.1,124846,76763,106587,31883.4,124.08,32.479
50325.6,36368,90687.9,78823.4,61064,84596,1527.68,118.8,32.486
62460.8,51205,79942,116563,95261,80191.2,16795.2,176.88,32.527
56437.6,42385,87264.2,105998,77645,89467.4,19499.5,264,32.57
50789.6,39678,83889,55590.9,45779,79582.5,2840.53,130.68,32.579
50822.4,42481,78404.4,80562,67337,78407.3,1195.04,146.52,32.717
87350.4,66966,85485.1,138736,104322,87154.9,38195.8,413.82,32.772
50597.6,38564,85986,76347,60140,83197.2,2424.73,145.2,32.775
60492.8,48414,81886.6,93934.6,77738,79190.3,19825.2,207.24,32.78
65490.4,45780,93752.3,46750.6,33112,92529.7,9223.06,148.5,32.889
79159.2,55496,93480.2,108928,75457,94606.3,12243.8,189.42,32.937
81164,46733,113820,83339.4,51229,106614,10118.6,105.6,33.019
79524,61141,85240.4,103779,83153,81792.2,21145.7,161.04,33.257
61661.6,43776,92312.1,94700.8,73580,84347.8,1435.28,112.2,33.261
67216.8,50504,87223.2,47207.9,37212,83140.4,4111.03,128.04,33.316
53955.2,36328,97335.6,57051.6,38744,96503.6,3140.83,128.04,33.33
50319.2,41947,78616.3,52899.8,45023,77001.5,1907.29,127.38,33.35
72728.8,49709,95885.2,66809,46816,93523.5,2990.68,198.66,33.356
50212,40957,80345.1,68866.5,53529,84313.8,2395.47,99,33.41
95620,65273,96005.3,123548,78292,103419,48402.2,154.44,33.454
55138.4,37557,96215.1,56262.4,39861,92501.7,6072.22,126.72,33.487
58480,39934,95972,128661,90570,93098.3,3742.97,195.36,33.514
54055.2,44159,80222.9,110519,87071,83184.6,7539.84,215.16,33.614
69812.8,53860,84947.1,100568,80668,81703.2,2253.02,180.84,33.641
111326,75757,96306.4,104362,71753,95319.6,24539.1,114.84,33.684
58820,41685,92475.2,56505.7,42825,86471.8,1148.84,103.62,33.706
57593.6,40353,93535.9,105775,72153,96074.5,29283.1,123.42,33.716
131043,94000,91362.2,156467,114608,89472.2,56400.2,109.56,33.719
51829.6,42077,80725.9,94747,75949,81756.7,18789.5,102.3,33.83
54440.8,38270,93227.9,63741.4,52042,80268.9,5184.41,170.94,33.874
57980,40027,94930.4,96855.2,64214,98849.2,3408.79,130.68,33.879
73872,56133,86246.5,96926.1,76089,83483.1,30938.6,297,33.974
54910.4,32873,109470,72161.3,45149,104746,14607.7,186.12,33.994
56092,45329,81097,50723,43393,76606.4,2089.78,148.5,34.124
54995.2,42160,85487.8,80147.8,62816,83618.2,1768.69,174.9,34.146
90052,70368,83868.4,91501.4,71640,83705.1,40321.1,139.92,34.187
100550,74476,88479.8,98121.1,78396,82025.4,23896.9,161.04,34.251
52973.6,45198,76810.4,63409.5,56734,73247.2,2259.18,203.28,34.268
57484.8,44533,84596.2,65891.2,53701,80412.8,6454.14,100.98,34.271
137674,83536,108009,164486,99408,108439,25411.5,99,34.283
59224.8,47769,81252.6,63760.6,53833,77621.8,12389.3,124.74,34.328
52265.6,41940,81670.9,79490.9,65888,79066.3,877.8,141.24,34.404
69272.8,49116,92431.4,84054,59973,91850.7,25480.8,174.24,34.477
53020,40065,86727,109849,77981,92318.2,12350.8,179.52,34.574
55567.2,42909,84869.2,88522.3,64585,89825.8,37058.6,179.52,34.637
62880,46650,88336.6,70535.9,53690,86098.7,11299,174.24,34.671
53424.8,43325,80813.6,81817.1,71693,74790.7,5036.57,119.46,34.673
49228,39001,82721.1,89571,62452,93994.2,18487.7,112.2,34.673
52812,37679,91857.2,104295,79915,85529.3,2453.22,102.96,34.704
84861.6,67310,82625,117163,90890,84480.2,8861.93,105.6,34.763
124475,89414,91234.1,124607,91554,89195.8,18460,147.84,34.771
65976,37072,116633,71192.7,46172,101050,3200.12,110.22,34.775
62906.4,43931,93843.4,92833.5,63327,96071.8,1015.63,151.8,34.809
69951.2,56468,81184.4,77421.2,59056,85916.3,35328.4,135.96,34.815
52899.2,39773,87164.7,93926.9,67725,90891,22723.5,279.18,34.876
55549.6,40878,89057.7,72221.4,54471,86892.1,1178.1,333.96,34.877
56952.8,38919,95903.2,104992,77267,89051.5,1266.65,116.82,34.893
59491.2,41813,93244.1,90838.4,62957,94559.6,11707.1,137.28,34.949
70076,54540,84204.3,106025,86156,80649.8,11605.4,151.8,34.961
56543.2,44450,83365.9,108398,84262,84307.8,34477.5,188.76,35.001
63152,42180,98120.7,105534,75628,91451.2,8925.84,217.14,35.101
57568.8,35792,105410,108681,70548,100960,4467.54,135.3,35.255
64217.6,49192,85553.8,94844.8,74481,83454.1,9913.75,306.9,35.256
63855.2,45088,92814.4,110524,79600,90996.5,5048.89,130.68,35.359
52115.2,36317,94044.7,78413.7,57312,89665.7,12357.7,112.86,35.423
87964,64811,88948,130422,96255,88798.8,34981.9,121.44,35.454
58636.8,49558,77541.9,63422.6,55298,75164.8,5269.88,225.06,35.458
63105.6,39960,103496,104581,69064,99238.3,4902.59,169.62,35.495
60692,42104,94468.7,107129,74488,94254.5,4773.23,110.88,35.514
53965.6,43989,80399.4,53532.7,46245,75863.8,19252.3,99,35.609
60170.4,44205,89205.5,63482.6,50605,82213.2,4070.99,160.38,35.629
54825.6,37322,96271.7,102723,67918,99120.7,10889.3,163.02,35.673
51364.8,39340,85568,93463.4,72296,84724.1,16267,100.98,35.785
60760,46331,85946.1,83670.5,69503,78894.9,6185.41,119.46,35.897
77966.4,56601,90274.1,108521,81081,87715.6,21171.9,139.92,36.002
75008,54457,90268,127125,97108,85793.6,9884.49,450.78,36.117
84748.8,60245,92191.8,116045,81833,92934.8,41698.6,136.62,36.152
54499.2,40573,88030.5,111034,93136,78130.1,3798.41,221.76,36.154
79453.6,58859,88466.9,110272,84303,85723.7,7000.84,116.82,36.155
100640,71452,92307.3,107757,76309,92544.2,4847.15,124.08,36.188
50982.4,38544,86684.9,92332.2,70436,85909,19843.7,128.7,36.286
52995.2,34385,101006,66697.4,43585,100289,15420,110.22,36.334
120814,78217,101227,106639,73193,95482.9,31687,141.9,36.357
66818.4,47408,92368.6,97156.3,70960,89729.9,6096.09,135.96,36.486
66760,41605,105160,74334.3,48021,101447,9857.54,133.98,36.495
143118,95896,97807.6,120481,83169,94937.4,11048.7,443.52,36.515
48273.6,40276,78549.5,72190.6,66196,71470.8,6079.15,173.58,36.71
60536,43406,91399.5,109707,81674,88029.6,7550.62,143.22,36.782
65211.2,41772,102310,61630,40645,99372.3,8480.01,99,36.833
53156,34673,100471,108701,70597,100908,6016.01,279.84,36.868
62500.8,46670,87766.3,74585.3,55226,88509.4,1871.1,194.04,36.887
140810,95193,96940.9,144163,92356,102299,118466,122.1,36.929
55842.4,42057,87017.3,60937,49092,81348.7,2943.71,107.58,36.964
61867.2,41448,97822.1,118404,78812,98458.4,12437,180.18,37.091
51014.4,38671,86454.4,53379.5,42459,82391.9,3403.4,122.1,37.103
125512,87924,93553,140329,102996,89290.6,29609.6,207.9,37.159
61042.4,49058,81545.8,106000,86406,80397.2,25159.8,112.86,37.183
58564,44188,86857.3,58487.7,44501,86134,3930.85,116.82,37.207
59891.2,45499,86266.3,60040,49807,79000.5,2798.95,186.12,37.293
52893.6,42454,81651.6,87947.1,73586,78326,10465.1,116.82,37.323
53226.4,42466,82142.1,87633.7,66838,85926.6,4549.16,160.38,37.334
53090.4,35697,97468.5,79043.6,56497,91689.8,10745.3,102.96,37.338
61623.2,43000,93919.5,64084,48172,87183.6,18677.9,99.66,37.37
94244.8,73292,84271.5,129745,100129,84920.1,59578.8,106.92,37.385
60069.6,44983,87515.8,75508.5,59719,82863.5,3861.55,124.08,37.437
49167.2,38670,83326.1,67632.9,58842,75327,2940.63,124.74,37.439
79280.8,56521,91926,124380,87833,92805.6,22492.5,105.6,37.465
66226.4,48324,89814.9,113353,73808,100649,5687.99,386.1,37.485
91788,65264,92170.5,135471,88304,100541,72219.8,135.3,37.577
53056.8,43595,79759.9,53749.8,46763,75327.7,2317.7,101.64,37.611
66204.8,50788,85429.6,66986.1,58332,75258.9,2647.26,126.72,37.616
56081.6,42876,85720.8,80317.2,60584,86882.1,2601.83,126.06,37.622
67376.8,51246,86164.9,105896,85251,81406.5,17873.2,112.2,37.63
58430.4,43623,87781.6,58829.5,45387,84946.2,10854.7,120.12,37.709
81332,49612,107437,137263,89708,100277,4765.53,205.92,37.764
62320,45745,89282,110965,78077,93141.2,21801.8,202.62,37.786
54248,40944,86830.7,60504.3,48048,82526,2186.03,110.88,37.81
58108,41005,92870.8,113099,75049,98763,9340.1,265.98,37.858
50319.2,38721,85166.2,93934.6,69397,88708.4,2648.8,184.8,37.868
84436.8,62484,88561.1,141676,100304,92567.5,46246.2,106.92,37.872
65148.8,42981,99336.7,79510.2,50057,104097,4161.85,137.28,37.885
55712,41720,87515.4,86780.5,65928,86264.6,5852,179.52,37.916
121910,88357,90423.2,149807,104869,93618.9,30248.7,161.04,37.961
49666.4,40351,80665.6,87709.2,76575,75065.1,535.15,176.22,37.996
55824.8,35093,104253,100751,65629,100608,4011.7,138.6,38.051
54491.2,40888,87339.5,106074,77045,90229,4777.08,126.72,38.122
53079.2,40211,86508.6,53718.3,43779,80414.8,1746.36,122.76,38.164
59224,45836,84678.1,79717.3,60460,86410.1,29553.4,229.68,38.188
52280,37631,91047.9,97052.3,72386,87868.1,3731.42,154.44,38.198
54036,41966,84385.1,95509.3,75722,82661.5,2103.64,107.58,38.306
58652,39384,97598.5,60512,42156,94072.3,3790.71,136.62,38.329
101562,74693,89111.4,145355,97185,98019.2,97927.8,163.02,38.4
72856,54612,87429.3,118970,87528,89078.3,15395.4,216.48,38.416
65011.2,52185,81643.7,87833.9,70708,81409.2,27326.5,103.62,38.467
64660,51412,82423.5,97462,79136,80712.5,24024.8,169.62,38.551
88126.4,52213,110613,107664,68721,102674,2450.14,106.92,38.626
56329.6,38877,94956.3,82701.1,61184,88583.6,7967.96,176.22,38.667
56418.4,46594,79354.4,52088.2,44790,76214.6,4554.55,162.36,38.711
52133.6,33951,100634,83176.2,54783,99502.3,9784.39,147.18,38.736
57621.6,42868,88091.1,80682.9,62904,84058.8,8205.89,128.04,38.821
54778.4,43453,82617,95842.7,74493,84318.6,50679.1,160.38,38.856
66234.4,51621,84088.6,90388.8,71877,82414.6,39567.2,109.56,38.974
51719.2,41618,81442.4,74200.3,62646,77623.3,3028.41,110.22,38.991
84032.8,60167,91531.5,76935.3,56003,90031.5,21898,110.22,39.046
66003.2,41529,104158,131761,80516,107247,1767.15,192.06,39.071
62580,46041,89078.1,65164.3,53161,80333.5,690.69,132,39.092
50522.4,39198,84469.5,85967.4,64730,87037.9,17197.9,120.12,39.1
58024,34896,108971,122260,85064,94192.9,14389,200.64,39.146
60251.2,38791,101792,91922.6,60131,100185,7307.3,177.54,39.164
50730.4,40294,82510.2,66330.9,54838,79271,2611.07,186.12,39.205
130230,91205,93577.4,128509,82645,101905,22439.3,126.06,39.276
68240,39964,111905,73351.7,46280,103872,606.76,168.96,39.279
87038.4,63931,89223.5,143125,105563,88855.1,57072.4,108.9,39.303
76115.2,54081,92237.3,135716,99445,89439.5,36582.7,118.8,39.327
66312.8,46532,93395.4,47374.2,37872,81979.3,2182.95,399.96,39.389
64971.2,47508,89626,59022.8,42400,91229.2,4072.53,114.84,39.392
49262.4,40277,80156.4,79365.4,66101,78687.1,7618.38,128.7,39.419
71151.2,45769,101880,98791,69220,93533.2,4074.07,176.88,39.431
72004,52060,90642.6,54328.9,40229,88505.8,5028.1,132.66,39.471
69000.8,48271,93680.2,67826.2,48143,92330.3,10797.7,99.66,39.528
49229.6,38398,84022.9,76883,63578,79250.7,6654.34,203.94,39.592
71556,54687,85751.5,80399.5,62850,83835.6,16525.7,167.64,39.643
51681.6,39053,86728.4,96480.2,74384,85003.9,3735.27,405.24,39.781
72520.8,54072,87896.2,83022.2,66437,81896.2,21068,186.12,39.815
55797.6,37372,97847.4,46159.2,31736,95320.4,2351.58,113.52,39.817
62809.6,51960,79220.4,70975.5,60488,76898.7,5208.28,178.2,39.848
52431.2,35745,96129,103288,84077,80510.4,3454.22,195.36,39.857
52836.8,37440,92487,78761.8,56272,91728.2,8873.48,142.56,39.881
122583,87597,91711.1,138803,102605,88656.6,13136.2,101.64,39.912
85598.4,64816,86549.3,117942,87828,88006.4,58845.7,321.42,39.933
57063.2,32744,114210,66843.7,46248,94721.2,4362.82,170.28,39.952
59787.2,43721,89618.6,52798.1,39101,88493.3,4101.02,143.88,39.974
64264,47956,87822.3,81379,66828,79805.7,6067.6,119.46,40.05
73287.2,53400,89942.9,133963,84728,103619,22806.6,126.72,40.051
62505.6,45801,89438.4,84670,67501,82205.2,5873.56,129.36,40.064
57936.8,42033,90332.5,124055,88213,92164.4,34230.3,116.82,40.067
79349.6,56754,91628,64292.7,46465,90680.8,12268.4,147.18,40.071
61318.4,41853,96016.1,112224,75152,97864.9,12457.1,234.3,40.081
50744.8,36837,90279.1,49017.4,38505,83428.3,2142.14,102.3,40.256
64500,40315,104851,120191,86751,90798.1,25006.5,219.12,40.309
52268,39796,86074.9,71019.4,55360,84073.8,14879.5,126.06,40.311
101298,74536,89066.2,125102,92481,88652.6,62550.2,140.58,40.353
56480,37585,98482.7,104682,70553,97238.3,7361.97,114.84,40.36
51050.4,41812,80016.2,47963.3,43488,72280.2,3702.16,228.36,40.36
58863.2,43090,89525.6,108046,78214,90532.1,21565.4,110.88,40.417
57826.4,41108,92189.1,102666,78512,85698.3,900.13,107.58,40.434
64611.2,49879,84892.6,115967,93615,81183.4,7151.76,131.34,40.516
132006,92644,93380.2,92439.3,64128,94468.9,36851.4,118.14,40.583
51310.4,37352,90026.7,97151.7,72524,87790.7,3064.6,126.06,40.583
106885,72790,96233,141394,95862,96664.1,49808.2,114.84,40.637
79080.8,56008,92533.9,80783,56401,93867,27873.2,141.9,40.651
50193.6,38401,85661.5,47973.3,40709,77230.6,940.94,114.18,40.682
72032.8,47601,99173.2,67430.4,46753,94520.6,4669.28,100.98,40.716
64725.6,45225,93794.5,65341.4,46409,92271.2,3701.39,107.58,40.717
50605.6,40832,81222.8,85704.9,71472,78586.8,2593.36,137.28,40.718
73190.4,56163,85405.1,112838,82483,89654.3,9154.53,99.66,40.78
79838.4,57225,91433.6,128540,88797,94868,5940.55,162.36,40.826
67657.6,55638,79693.9,97513.6,77462,82500.4,9943.01,155.76,40.869
56700,42621,87184.5,50731.4,40733,81622.7,4383.61,175.56,40.905
57690.4,43001,87923.5,124433,86436,94345.2,32912.9,171.6,40.908
60308,33339,118550,95185.9,62107,100441,9835.21,118.14,40.911
65238.4,35475,120520,128581,78835,106890,10528.2,174.24,40.96
50576.8,35000,94702.9,96027.5,70220,89622,1835.68,128.04,41.051
56538.4,44333,83578.8,90401.9,72637,81564.2,3323.32,135.96,41.067
58273.6,40682,93874.9,91958,65610,91854.3,32867.4,108.24,41.198
54007.2,38125,92837.1,84709.2,60057,92437.3,26695.9,211.2,41.198
110084,82833,87096.5,118665,94241,82521,33333.3,143.22,41.22
52644.8,41516,83103.6,46234.6,38696,78303.6,5508.58,103.62,41.238
68895.2,44187,102182,105927,65839,105440,2671.9,100.32,41.289
111512,81533,89633,154336,114128,88625,7917.91,141.9,41.304
84867.2,61125,90991.5,80001.5,63533,82523.7,16900.7,99.66,41.331
72256,50363,94024.8,123970,86511,93912.9,7781.62,149.16,41.373
51052.8,39519,84663,95640.9,75807,82682.7,14161.8,116.82,41.385
50332.8,36849,89517,49529.5,37585,86363.3,7880.95,142.56,41.386
61060.8,47051,85049.9,77919.4,60319,84658.6,8679.44,137.94,41.46
55756,38606,94649.1,107162,75998,92410.3,5530.91,106.92,41.479
71644,57496,81662.4,116625,92536,82596.3,5662.58,197.34,41.571
182838,113543,105533,153254,99591,100849,11148.1,137.28,41.586
57999.2,41737,91071.1,121936,88900,89890.1,4758.6,190.74,41.72
84930.4,71056,78332.6,118445,98964,78436.9,75908.9,115.5,41.759
79238.4,52168,99543.2,124363,85800,94991.1,9511.04,159.06,41.804
78839.2,53239,97049.3,110468,75091,96411.5,4565.33,233.64,41.834
56023.2,44096,83262.4,79676.5,67512,77344.5,4780.16,104.94,41.864
106305,72457,96150.7,90318.7,66345,89217.4,4183.41,108.9,41.965
75118.4,54551,90245.1,124007,86067,94425.5,5152.07,257.4,42.016
52812.8,36075,95942.9,80917,62127,85357,3668.28,120.78,42.152
56401.6,42456,87062.7,121158,95500,83143.5,30582.9,143.22,42.212
62132.8,42793,95154.2,82912.1,60820,89341.1,3344.11,139.92,42.277
85465.6,65785,85142.1,115430,88265,85705.7,3263.26,107.58,42.292
65148,45792,93237.7,81643.9,56256,95111.9,22393.9,102.3,42.33
88756.8,67813,85776.6,58386,45469,84153.7,20707.6,106.92,42.351
57697.6,40505,93353.2,103804,73981,91954.4,14912.6,132,42.352
58266.4,44711,85405.1,103918,81671,83387.6,10483.5,170.94,42.363
52816,38921,88932.7,106632,79593,87799.5,1253.56,110.88,42.412
55069.6,40941,88152.2,47378.1,37037,83834.3,16208.5,283.8,42.534
66076.8,50632,85527.1,130017,100540,84750.2,10870.9,320.1,42.559
95944,73200,85898.7,131352,103512,83162.2,23356.4,104.94,42.602
64390.4,42732,98752.4,60797.7,39676,100424,3917.76,121.44,42.637
65875.2,43798,98570.6,127826,86566,96772.6,29682,110.22,42.679
52048,40456,84314.3,64273.4,51532,81740,1861.86,100.32,42.714
53415.2,38050,92000.5,67896.3,49926,89124.9,5217.52,152.46,42.715
60792,41269,96538.9,111748,75809,96604.7,4476.78,123.42,42.742
58898.4,42259,91340.7,102217,80375,83345.2,11486.9,132,42.758
120575,70787,111631,154534,96179,105299,6344.8,192.72,42.76
61213.6,40118,99997.4,93845.3,60294,102004,12931.4,125.4,42.788
60972,45714,87410,50969.4,39746,84041.9,2090.55,112.86,42.797
100889,66819,98951.6,145339,90687,105031,115495,165,42.904
82056,63887,84174,68640.1,52731,85308.4,30520.5,108.9,42.98
89696,71717,81965.5,85657.1,68553,81887.4,27523.6,122.1,43.063
58534.4,40094,95677.9,53479.6,38807,90314.6,2234.54,131.34,43.073
68573.6,47580,94452.3,97755.3,73612,87030.6,8386.84,104.94,43.094
53666.4,32710,107523,80757.6,54854,96483.9,5319.16,133.32,43.161
50600.8,37726,87901.6,91482.9,68286,87798.8,6350.96,115.5,43.217
81264,57021,93399.2,57135.5,44448,84243,8085,136.62,43.282
56473.6,41358,89488.2,44297.3,34442,84288.7,3129.28,104.94,43.296
91528,72377,82876.9,93722.9,78484,78260.8,16476.5,988.02,43.514
75849.6,46685,106477,77261,49401,102495,3133.13,165.66,43.521
79794.4,58590,89254.2,113265,85006,87322.2,19980,135.3,43.601
51750.4,39080,86783.9,78258.2,57848,88658.7,17248.8,190.74,43.611
112939,81961,90306.2,145066,101833,93359.5,40515.9,100.98,43.699
56304,34361,107387,97735.3,66228,96714.1,3000.69,127.38,43.783
64864.8,47360,89758.9,98617,78676,82146.6,2888.27,110.88,43.924
79956,62384,83995.9,119683,95460,82166.1,3503.5,200.64,43.937
73458.4,59337,81132.7,113449,88825,83703.6,42785.1,114.18,43.945
104840,74404,92344.4,126868,89056,93361.4,26942.3,100.98,44.016
57877.6,42597,89045.4,74302.7,55481,87768.8,1798.72,204.6,44.023
62527.2,44505,92074.7,117392,90100,85387.3,1607.76,99.66,44.032
78904,57981,89185.3,135459,103773,85546.8,47736.9,114.18,44.132
113106,82172,90207.6,121225,90017,88256.6,51032.5,136.62,44.236
51468,44300,76140.1,54172.6,49061,72364.1,3009.93,159.72,44.251
73785.6,52963,91301.7,66675.8,49783,87774.3,9628.85,169.62,44.283
86683.2,58540,97042.5,110871,76616,94836.9,2661.89,190.74,44.288
55235.2,36048,100419,90061.5,62516,94412.2,13294,128.04,44.313
54453.6,39123,91216.7,81331.2,56547,94260.1,1610.07,117.48,44.337
53368,39020,89634.2,62229.9,46945,86873.9,8381.45,124.74,44.405
75048.8,50273,97833.8,106175,80537,86398.9,4332.79,126.06,44.436
144294,104565,90436.4,160932,118005,89376,43406.4,100.32,44.627
70919.2,56741,81911.9,86163.8,68561,82362.1,38818,104.28,44.634
57435.2,37216,101141,107602,71652,98417.5,5114.34,276.54,44.708
59899.2,36281,108199,85782.6,52340,107410,2730.42,123.42,44.796
53504.8,37681,93057.3,81325.9,59893,88988.2,2121.35,269.28,44.801
63975.2,45889,91365.7,89203,63153,92568.9,7165.62,174.9,44.853
60290.4,37744,104684,112005,69536,105562,52122.1,110.22,44.858
90746.4,68351,87009.1,98997.4,75967,85404.1,35149.7,99,44.9
57892,38426,98735.5,78232.8,50846,100835,8433.04,166.98,44.944
65550.4,44827,95833.1,127920,87846,95432.6,7067.06,289.74,45.081
52426.4,41007,83786.1,77320.3,57967,87416.4,39896.8,108.24,45.094
105244,68073,101322,121628,74189,107442,32011.2,105.6,45.129
53804,42460,83045.2,92510.9,75560,80238.1,2522.52,135.3,45.165
51201.6,36968,90769,52706.5,36632,94293.9,7431.27,100.98,45.487
80233.6,62355,84326.7,87843.1,71707,80283.5,29213.8,99.66,45.512
95272.8,64525,96765.6,136515,96557,92656.5,19350.9,244.2,45.54
49698.4,38413,84789.9,59639.6,48553,80500.5,814.66,129.36,45.551
64065.6,49661,84545.3,103399,81545,83100,28341.4,716.1,45.679
59437.6,45721,85197.2,72882,59197,80686.5,4915.68,103.62,45.68
55365.6,39253,92437.3,89739.6,64581,91066.7,2735.04,136.62,45.732
49799.2,38390,85012.8,54923.3,44518,80853.9,8373.75,159.06,45.8
68251.2,49416,90515.4,85604.8,66881,83883.2,10393.5,119.46,45.848
54798.4,41145,87283.2,88700.9,73940,78619.2,6167.7,168.96,45.911
67113.6,44428,98999.7,105908,66497,104378,3467.31,122.76,46.025
52350.4,39545,86757.8,96261.5,77917,80965.6,6093.78,211.2,46.031
68552,48054,93491.2,126142,88998,92888.1,11465.3,300.3,46.16
64702.4,46119,91943.4,73084.5,53139,90134.7,18803.4,316.14,46.17
51585.6,34270,98649.4,53034.5,38714,89778.1,9884.49,130.02,46.18
63730.4,38463,108588,51323.6,31243,107657,2797.41,104.94,46.199
58259.2,42732,89349.3,93659.7,63704,96353.2,23337.2,113.52,46.226
59100.8,42533,91064.1,91822.5,66369,90670,9605.75,646.14,46.366
55850.4,39245,93265.7,116335,77101,98885.4,42402.4,112.2,46.456
65326.4,43535,98340,78066.4,54923,93151.6,8138.9,120.78,46.499
77339.2,54577,92868.8,101618,69705,95540.7,15716.5,164.34,46.522
54662.4,44508,80487.9,75509.3,62312,79416.1,2258.41,145.86,46.606
67392.8,53814,82072.6,81563.8,65762,81283.5,9490.25,166.98,46.613
51335.2,38333,87765.2,92836.6,65021,93571.9,9650.41,120.12,46.655
67354.4,53577,82388.7,109509,90601,79212.8,5409.25,102.96,46.767
66312,52746,82391.5,85297.5,61594,90756.5,27355.8,147.84,46.805
72572.8,50545,94097,68601.6,46893,95875.2,21822.6,140.58,46.854
56795.2,41123,90512.1,74231.1,55955,86941.4,3860.01,145.86,46.955
77728,56769,89731.8,53945.4,42341,83497.5,11864.9,279.18,46.999
50555.2,40089,82645.8,98892.6,79044,81992.7,9755.9,188.1,47.007
49414.4,39852,81261.2,50555.1,41308,80206.7,6579.65,155.76,47.064
107982,79481,89036.2,151645,109860,90462.2,40201.7,99,47.098
58406.4,45106,84860.6,71911.1,58950,79945.1,2174.48,118.14,47.126
56830.4,43500,85619.3,106193,78616,88524.8,3289.44,120.78,47.2
68884.8,50018,90256.2,96903.7,72642,87424.4,29094.4,246.84,47.219
72794.4,52109,91551.4,93494.2,71728,85423.2,17679.2,229.68,47.369
59964.8,36179,108622,77361.9,47699,106291,15005,200.64,47.428
50786.4,36184,91983.7,65250.6,48369,88409.1,3069.99,114.18,47.462
101250,75915,87407.6,128234,98571,85257.9,29528,122.76,47.527
85781.6,61747,91045.4,110865,85731,84749.1,30832.3,127.38,47.554
55090.4,42001,85960,94797,77549,80112.1,2610.3,116.16,47.565
62411.2,35723,114497,86512.6,59894,94662,5207.51,154.44,47.579
91540.8,60909,98494.8,114092,69837,107066,10012.3,413.82,47.587
74266.4,50192,96970.1,59528.7,41856,93207,1363.67,116.16,47.624
55851.2,38204,95808.4,83961.6,57096,96372.9,5507.04,133.32,47.768
65779.2,51030,84477.9,73528.8,59274,81296.8,2918.3,160.38,47.829
146875,97624,98598.8,116194,79045,96336,35088.9,139.26,47.834
63455.2,34539,120403,69984.5,47279,97009.4,4672.36,100.32,47.846
59084,34688,111627,75245.2,51124,96457,1628.55,170.28,47.882
102856,80608,83624.1,124450,95816,85121.4,34094.1,106.92,47.919
73056.8,59572,80370.8,107725,89460,78916.7,1755.6,338.58,47.993
51712.8,38705,87561,49436.3,37557,86265.1,5233.69,100.98,48.012
56063.2,38956,94315.6,82406.2,53692,100584,5256.02,124.74,48.014
67992,50173,88811.2,93310.1,64217,95226.7,6313.23,133.98,48.042
50788,40941,81298.5,49426.3,39981,81018.5,937.86,99,48.061
65904,41832,103248,94624.5,61708,100494,2306.15,105.6,48.113
60417.6,46413,85310.8,98478.4,76041,84873.7,1882.65,113.52,48.113
85632,64310,87264.5,107045,79434,88315.8,40047.7,100.32,48.198
62055.2,42304,96133.9,52716.5,38704,89262.8,15351.5,137.28,48.265
54516,38384,93079.4,104296,70928,96367.8,3050.74,173.58,48.273
60165.6,43846,89928.7,58554.6,47234,81243.1,4084.85,109.56,48.309
53993.6,32278,109627,86868.3,56282,101151,11769.5,135.96,48.361
56061.6,39612,92751,78294.4,58933,87066.7,1655.5,102.3,48.362
53208.8,44323,78674.5,80087.7,68867,76214,7092.47,140.58,48.375
130562,94220,90814.4,123834,87100,93175.3,44890.2,143.22,48.4
67570.4,52888,83729.6,89731.9,68840,85425.2,7677.67,127.38,48.437
67006.4,51384,85461.1,52629.5,40972,84182.5,7775.46,101.64,48.466
58439.2,42760,89566.7,78992.8,58700,88192,3927.77,143.88,48.637
62584.8,35489,115573,120852,73233,108150,2717.33,100.98,48.652
70330.4,46636,98832.9,72473.9,48460,98011.8,2252.25,151.8,48.705
77297.6,58701,86297.9,69663.4,54032,84495.5,35828.1,100.32,48.806
65591.2,45932,93585.8,79270.7,55249,94030.4,7959.49,110.88,48.89
57071.2,45986,81333.8,82712.6,73318,73933.5,10810,118.14,48.949
52388,40599,84566.1,74008.5,56551,85767.3,5293.75,99.66,48.959
60408.8,49401,80139.1,99358.5,86180,75557.6,23722.9,172.92,48.977
71890.4,52144,90353.8,54984.2,38696,93121.8,4439.82,163.68,49.02
63431.2,45824,90717.2,80326.4,59992,87749.5,8412.25,106.92,49.055
54645.6,42444,84376,55088.9,43820,82389.4,1609.3,116.16,49.059
102829,64532,104429,109557,68088,105451,9823.66,144.54,49.113
78372.8,48499,105904,47183.3,31107,99405.4,7227.99,100.98,49.23
61738.4,44581,90758.1,52333.8,39685,86424.3,2177.56,110.88,49.232
79806.4,59894,87324.1,127933,98722,84927.7,7479.78,207.24,49.291
71637.6,42890,109462,77419.6,51742,98059.1,10518.2,145.86,49.355
60848.8,37066,107586,66277,44894,96750.7,9050.58,116.16,49.358
96595.2,72849,86898.4,98302,73353,87826.3,50672.2,124.74,49.362
53020,42001,82729.4,55304.5,45941,78893.2,6605.83,135.3,49.451
64896.8,47255,90002.7,72303.8,51879,91337.5,2219.91,137.28,49.457
54632,42217,84808.6,46681.2,38009,80488.9,7126.35,166.32,49.553
51205.6,39852,84206.8,68781,57420,78502.8,3119.27,104.28,49.557
54325.6,40801,87259.7,76380.9,62689,79849.7,3368.75,150.48,49.66
55260,36757,98526,106509,71733,97308.1,9185.33,108.24,49.696
56492.8,35897,103137,82578.6,51860,104355,3125.43,142.56,49.781
53108.8,36876,94384.9,105071,64277,107129,50657.5,153.78,49.815
59405.6,45621,85338,70836.1,53813,86267.6,1700.16,149.16,49.816
70709.6,47200,98178.5,80625.9,56616,93328.8,5400.78,104.94,49.861
91867.2,64029,94029.4,122975,90393,89158.5,52380,147.84,49.872
53869.6,39828,88641.1,72598.7,57324,82998.9,32002,111.54,49.894
70670.4,43837,105652,76730.5,51216,98184.4,2470.93,130.68,49.898
85188,65181,85652,65719.5,48829,88205.6,1587.74,99.66,49.929
49077.6,42073,76446.9,58806.4,51021,75536.3,30341.1,145.2,49.944
61004,46193,86549,114111,86377,86578.3,19195.3,139.26,49.946
53604.8,42069,83506.7,98629.3,78189,82668.5,24801.7,127.38,50.035
65109.6,45565,93646.9,81643.1,56912,94014.7,2332.33,119.46,50.164
137378,83224,108181,102821,65420,103004,5125.89,317.46,50.326
92860,67549,90092.7,97883.2,69616,92146.5,14773.2,101.64,50.465
110026,65439,110189,150565,99756,98915.7,7972.58,203.28,50.468
76751.2,57618,87298.5,137320,101222,88907.8,28702.5,108.24,50.517
68460,43051,104216,128696,80443,104847,30709.1,115.5,50.628
139369,88313,103424,141908,86308,107755,16162.3,186.78,50.631
65361.6,43725,97965.4,90543.5,68928,86087.8,11938.8,133.98,50.658
57614.4,39221,96270.3,91817.9,68085,88380.4,11733.3,141.9,50.664
56574.4,38667,95886.9,72688.8,47307,100698,5533.22,156.42,50.68
54457.6,42095,84782.8,89714.2,68363,86004.3,2104.41,135.3,50.717
67723.2,44740,99202.2,76310.9,52444,95360.9,6051.43,164.34,50.739
59494.4,38792,100511,115297,74401,101560,57171.7,137.28,50.752
57250.4,43981,85308.7,124916,100365,81566.9,11388.3,145.86,50.813
103291,68479,98852.1,149129,98315,99408.2,15045.8,203.28,50.821
57366.4,40799,92148.5,106820,73675,95019.2,2159.85,110.22,50.835
56256.8,39069,94367.5,57912.5,42345,89629.3,1093.4,127.38,50.919
101553,73939,90011.6,133176,99907,87359.5,10624.5,128.7,50.939
58688,43452,88515.5,61677,45448,88938.2,17008.5,130.02,51.031
59851.2,34643,113224,72001.2,44051,107118,5494.72,159.72,51.051
126903,89273,93160.6,103174,73241,92319.9,41900.3,100.98,51.059
56938.4,41504,89907.4,69356.2,52484,86604.1,2514.82,107.58,51.281
55397.6,35516,102223,89713.5,64021,91836.5,7597.59,108.9,51.337
59115.2,35131,110278,107807,73291,96399.8,12920.6,170.28,51.446
64988,51489,82717.7,109506,87825,81714.9,9250.78,138.6,51.485
57739.2,44284,85448.4,127457,98268,85002.2,2760.45,262.02,51.506
64361.6,36615,115199,71091.8,48071,96920.6,8275.19,200.64,51.569
65141.6,49814,85701.2,87098.5,72070,79202,2303.84,133.98,51.672
65025.6,48249,88323.5,48735.6,39129,81625.8,11490.7,128.7,51.785
73351.2,42308,113623,133679,85944,101936,20632.9,242.22,51.814
69084.8,53420,84753.7,102914,82577,81675.8,31182.7,99,51.817
50764.8,41044,81057.4,62231.4,51372,79389.5,2392.39,151.8,51.894
64072,44557,94239.3,74960.3,57577,85322.2,3183.95,169.62,51.902
50839.2,35559,93697.7,102747,69155,97370.3,4616.15,147.18,51.908
57264,42685,87919.7,92350.7,76313,79308.9,5597.13,100.32,51.959
69223.2,41356,109697,81360.5,50376,105845,10209.4,157.74,51.969
53105.6,36242,96030.3,89679.6,63970,91875,752.29,108.24,51.974
55023.2,39248,91877.3,93097.6,62048,98331.1,31983.5,99,51.987
76537.6,58124,86297.7,85801.1,65633,85674.3,9455.6,128.7,52.073
57868.8,42631,88960.8,66812.9,51043,85783.6,1848.77,112.86,52.212
71914.4,46911,100466,71021.7,50575,92031.2,4892.58,124.74,52.276
57713.6,43404,87142.2,93555.8,67397,90972.5,35909.7,126.72,52.302
57603.2,37096,101765,81198,54876,96971.3,7317.31,156.42,52.401
62420.8,36573,111853,96604.2,61913,102257,33657.5,153.12,52.427
155426,104827,97169.4,167008,113483,96446.7,5189.8,173.58,52.494
66417.6,42708,101919,130385,79652,107278,9550.31,198.66,52.498
55411.2,36832,98594.4,53538.1,41388,84775.1,1984.29,112.86,52.529
63864.8,50835,82333.9,111451,89147,81932.9,25985.2,118.14,52.559
62511.2,38187,107281,56999.2,38975,95843.6,2875.95,147.84,52.586
63772,44094,94783,63916.9,44318,94518.3,5045.04,99.66,52.592
60492,45850,86464.6,76590.4,59447,84435.3,1108.8,104.94,52.702
68744,48497,92896.6,79728.9,62661,83387,6073.76,105.6,52.705
71612,45809,102451,56584.2,34509,107459,5557.86,165,52.706
50603.2,37961,87361.5,77546.7,61700,82367.9,3023.02,114.84,52.707
52052,40044,85188.3,76195.4,61560,81116.6,3056.9,137.94,52.731
70179.2,48980,93900.9,128429,91616,91869.6,43396.4,165,52.755
125402,75865,108328,155884,102317,99846.8,10980.2,106.92,52.756
57558.4,39967,94381.6,90120.8,63755,92638.3,2057.44,181.5,52.829
51828.8,43568,77962.1,87342.6,74672,76656.4,65081.9,151.14,52.832
81660,54860,97551.4,131641,85925,100404,2859.01,147.84,52.842
61532.8,47629,84667.2,63337.1,53360,77789.8,16190.8,118.14,53.049
56572,40824,90816.8,64188.7,47356,88830.8,3404.17,149.82,53.053
56184,36376,101223,47110.9,31029,99502.4,2152.92,138.6,53.065
60989.6,38356,104208,86322.4,59728,94716.5,5962.11,234.3,53.093
51676,40370,83890,61514.5,47590,84711.4,12420.1,99.66,53.11
59463.2,42192,92363,85181.2,65484,85248.9,1925,116.16,53.112
66405.6,50544,86102.4,63474.9,53568,77656.3,7555.24,138.6,53.119
109196,80719,88656.6,106287,78239,89030,55112,165,53.137
54066.4,35581,99583.9,46590.4,33981,89854.6,8458.45,100.98,53.159
69184.8,51718,87669.6,87839.3,65242,88235.1,82637.9,122.1,53.216
53337.6,39761,87913.6,63401,50293,82616.9,14009.4,234.3,53.263
61496.8,39658,101625,73138.4,52446,91393.1,10135.5,102.96,53.268
52178.4,37436,91344.3,49084.4,34785,92476.5,2581.04,118.8,53.485
48912,40177,79784.4,92518.6,77681,78053.8,39095.2,140.58,53.532
62892.8,51727,79682.6,100929,79323,83386.9,29222.3,100.32,53.643
108748,80598,88425.4,136775,104898,85451.5,27876.3,254.76,53.686
55246.4,37776,95844.7,67328.8,48872,90286.1,6330.17,135.96,53.718
52540,41108,83761.3,85399.2,65820,85030.7,2506.35,161.04,53.724
56872.8,39451,94477.1,67820.1,47631,93314.3,7514.43,148.5,53.778
80641.6,53843,98154.4,135103,91331,96945,23146.2,102.96,53.956
73807.2,44333,109107,102327,66377,101030,6062.98,166.98,54.11
65519.2,44137,97285,96390.9,64185,98419.8,8684.83,210.54,54.125
66652.8,49145,88883.1,87750.7,68617,83810.6,4298.14,216.48,54.18
87132,69277,82426.8,85221.3,66960,83408.9,26863,376.86,54.188
57324,47744,78686,94302.7,77872,79363.8,1964.27,155.1,54.24
60535.2,41320,96012.5,87569,57208,100317,845.46,178.2,54.275
111220,82645,88195.5,122231,88885,90122.7,25661,232.32,54.328
93544.8,70609,86823.9,139414,102925,88769.8,36735.9,110.88,54.389
87575.2,58524,98067.9,60766.9,40300,98819.3,4426.73,255.42,54.401
56422.4,42448,87111.3,90056.1,71668,82350.8,9548,150.48,54.42
117644,87745,87867.3,108860,82261,86727.2,65254.4,166.32,54.627
58321.6,44473,85943.5,72295.3,56692,83573.4,4529.14,128.04,54.635
51435.2,33352,101069,91486.8,63724,94088.2,5792.71,165.66,54.64
51070.4,36604,91436.7,53338.7,40837,85598.9,2370.06,104.94,54.696
80392,54158,97281.5,114857,76958,97810.1,1754.83,133.98,54.702
73056,57876,82725.1,70040,57384,79989.9,14719.3,116.82,54.733
69652.8,51343,88907.3,53639.7,41963,83772.2,15534.8,101.64,54.749
69946.4,51632,88782.3,132594,95480,91010.5,32515.6,151.14,54.773
122717,89160,90201.5,137343,105672,85178,24502.2,136.62,54.808
72542.4,55984,84919.6,100502,80916,81399.2,25185.2,120.78,54.831
57305.6,45997,81648.4,69102.1,57357,78955.9,5783.47,100.98,54.887
63960,48439,86535.3,89550.2,67283,87225.1,17346.6,112.86,54.9
52378.4,41205,83307.2,87167.1,68065,83928.3,2161.39,109.56,54.913
70160,52236,88023.7,76255.4,58965,84753.2,5993.68,100.32,54.943
52345.6,41720,82227.3,51329.7,42776,78641,2676.52,122.1,54.952
59630.4,37144,105210,109263,71256,100492,4457.53,148.5,55.043
50784.8,39806,83611.3,47050.8,36846,83686.8,2748.13,104.28,55.089
59600,43174,90469.9,114867,84002,89616,24413.6,118.14,55.097
73118.4,59043,81159.3,106264,85639,81319.3,62093.6,205.26,55.146
86648.8,53504,106134,128561,78404,107461,5541.69,102.3,55.219