"FSC-A","FSC-H","FSC-W","SSC-A","SSC-H","SSC-W","530_30 Blue C-A","586_15 YG D-A","Time"
71969,48415,97419.4,28956.1,23026,82414,3994.54,-33.44,0.496
111837,76178,96213.9,53681.1,41966,83830.8,16752.7,19.76,0.729
79935.4,53703,97548.4,29553,24243,79890.6,8042.01,15893.1,0.779
86417.5,55648,101773,48376.7,37116,85419.1,17437.4,36774.1,1.04
78735,54553,94586.5,26273.4,21732,79231.2,9150.86,15256.2,1.466
122697,72863,110359,55591.2,41359,88087.9,17824.7,24141.4,1.52
75018.1,48234,101928,32244.4,25303,83514.6,15860.9,34476.6,2.312
66206.7,52307,82951.1,27634.8,22095,81967.7,14531,34.96,2.594
104570,65488,104646,55238.2,41832,86538.7,36407.1,32.68,3.233
149413,88953,110080,58948.6,43197,89433.5,9552.86,18660.3,3.264
109873,78515,91710.1,42788.2,33859,82819,18518.1,6.84,3.417
93939.3,64606,95291.6,41594.3,32323,84333.8,42303.8,36.48,3.502
90650.8,55867,106340,43066.9,33195,85025.9,18402.9,35248.8,3.777
114139,70355,106321,54342.4,41067,86721.2,16921.5,37304.6,3.783
81084.8,56812,93536.2,31932.2,25989,80522.9,14252.2,29087.5,3.913
92974,72485,84060.7,32340.9,26397,80293,20065.2,28.12,4.504
84346.7,53438,103442,31616,25571,81028.6,8600.79,2.28,6.064
83680.2,52275,104908,41659.3,32587,83781.3,11873.1,23808.5,6.848
88393.4,55818,103783,34911,27731,82504.4,11999.7,22646.5,6.935
111920,76903,95377.1,40120.3,32299,81405.7,11136.7,16.72,7.239
84380.1,56891,97202.3,37788,30486,81233.2,29390.2,22.04,7.914
118693,79766,97518.9,55573.2,42514,85666.9,24331.1,-5.32,8.076
77506.2,51435,98754.7,32123.8,26251,80197.6,13807.4,27103.1,8.595
98396.5,61175,105411,38307.9,29711,84498.9,16828.4,0.76,9.191
109710,72240,99528.9,41440.8,33000,82299,4200.23,19.76,10.254
74636.2,52364,93410.7,32474.2,27461,77500.1,7252.08,11.4,10.599
82686.9,55837,97049.8,37028.2,29808,81410.4,1085.4,-10.64,10.817
68865.9,52135,86567.5,40091.5,33523,78377.1,22893.2,15.96,11.051
107838,70228,100633,42610,33176,84171.9,8876.83,21.28,11.075
82183.5,57261,94060.1,27939.7,23072,79362.6,23279.2,18.24,11.23
97747.3,63716,100539,50248.7,38396,85766.6,2959.39,36.48,11.424
130946,81966,104698,66346.1,46570,93366,27774.2,50.16,11.617
107518,74291,94847.2,44776.8,35167,83444.4,33217.9,19,12.251
85749.1,58740,95670,39162.2,31644,81106.4,28873,44.08,12.286
133904,79315,110641,49123.1,35387,90974.9,9339.8,2.28,12.716
97526,62955,101524,48219.9,37775,83656.9,34641,18.24,12.725
73207.7,47054,101962,33957.6,26926,82650.4,8180.7,15136.9,12.811
99585.6,69371,94080.3,43552,35302,80851.6,17376.5,30.4,12.88
96440.4,63499,99534.1,28599,22879,81920.6,8445.35,27.36,12.967
97554.5,63947,99978.6,40979.2,33030,81308.3,23807.1,94.24,13.886
114122,77578,96407.6,42731.9,35006,80000,14784.9,36.48,14.296
126768,76971,107935,59894.7,44571,88067.5,23076.8,52.44,14.31
114190,73726,101505,44605.9,33998,85984.3,3810.96,7.6,14.361
108928,81007,88124.9,69316.9,53775,84477,17068.9,-3.04,14.68
99089.6,62710,103555,44070.6,34118,84653.6,13711.6,26269.4,14.821
88390.9,61081,94837.8,47923.8,36996,84893.8,9402.11,39.52,14.833
74303.9,48175,101081,28566.1,22267,84075.5,15078.4,-15.96,15.079
104094,67664,100821,45386.5,34508,86195.9,17439.4,-3.04,16.037
112201,71164,103327,65377.9,44321,96672.2,10232.2,56.24,16.546
80699.8,54938,96267.5,30899.7,25111,80643.7,15245.2,1.52,17.028
86777.7,52983,107337,58993.5,41431,93316.5,29608,12.92,17.426
116580,75197,101602,40777.5,31648,84441.3,19910.4,31.16,17.743
98527.3,66666,96857.2,42182.5,33870,81620.2,17688.7,-4.56,17.879
147682,92930,104148,56155.4,43042,85502.5,16703.8,0.76,18.43
118932,76611,101739,60347.6,48675,81251.9,29100.8,9.88,18.484
116284,70742,107727,66218.1,49714,87292.7,41887.7,25.08,18.532
78559,55262,93164.2,59073.2,48823,79295.1,12898.8,7.6,18.769
123909,77307,105042,41862.9,32166,85292.8,12485.5,28.12,18.938
110130,66766,108101,60222.3,45562,86623.2,10275.8,54.72,18.975
79254,58930,88138.3,27299.2,22450,79691.6,12947.1,39.52,19.554
85831.6,58414,96296.4,34326.8,28615,78617.5,14134.3,28414.1,19.74
127630,82389,101523,57904.8,45417,83555.6,14451.9,-24.32,20.19
72334.8,50146,94534.6,23899.6,19806,79081.2,9038.97,4.56,20.673
92946.7,63660,95685.7,32703.4,26337,81377.8,12000.4,0.76,21.033
78291.1,58755,87326.8,36568.6,29419,81463,11542.1,2.28,21.161
108562,73057,97385.9,48543.5,38285,83096.5,13067,7.6,21.558
76889.9,52985,95103.5,31531.5,26004,79466.7,18264.2,25.84,21.94
106158,64485,107888,48154.2,34841,90578.2,31692.3,77.52,21.962
99666.2,68876,94833.1,41974.8,33077,83165.4,38629.5,8.36,23.09
86449.7,54075,104772,39597.7,32351,80216.2,8352.89,16704,23.421
68950.2,50259,89908.7,28988.2,24663,77029.2,14885.4,15.2,23.518
105694,63636,108850,68598.6,53528,83987.4,36270.4,50.16,23.549
86118,58294,96816.6,51774.2,37574,90303.9,13907.9,33.44,24.259
81903.9,55615,96514.5,31843.1,26411,79015.1,11016.1,5.32,24.727
107992,67378,105040,38313.3,30038,83590.8,14237.5,-2.28,25.374
117017,80467,95303.9,46673.5,36955,82770.9,6981.4,16.72,25.406
70569.6,48446,95464.1,27715.9,22282,81518.2,11899.9,9.12,25.461
100235,62102,105777,40908.2,31018,86432.4,11118.7,13.68,25.917
76893.6,53290,94563.7,23619.5,18775,82446.2,19478.2,-8.36,26.33
95703.8,62230,100788,45138.6,34106,86735.5,33764,39.52,26.426
147641,90293,107160,64093.5,48133,87267.2,41034.2,-0.76,26.575
90297.4,61631,96018.8,44650.1,35650,82081.1,25076.8,21.28,27.033
102177,63218,105924,48004.2,37442,84023.3,17377.8,36.48,27.177
153645,96560,104280,66614.8,49608,88003.2,33700.3,54.72,28.067
82930.6,54454,99807.9,59132.9,45730,84743.7,14995.9,37.24,28.486
129064,84906,99620.2,49486.9,38286,84709.1,30146.7,28.88,28.634
76333.8,54466,91848.3,28118.6,23258,79232,8161.94,-3.8,28.806
103223,64275,105248,50693.5,38963,85266.9,28998.9,56.24,28.817
147132,91631,105231,51116.3,39474,84864.9,10001.1,26.6,29.363
131155,78918,108915,74212.6,54442,89335.3,18825.7,35.72,29.368
109338,78606,91158.3,37237.3,29518,82674.3,16228.7,-5.32,29.401
102350,71642,93627,47375,36890,84162.9,31597.9,15.2,29.5
117498,75073,102572,53245.6,40789,85550.1,9965.58,16.72,29.581
82049.6,58090,92566.7,32961.3,26318,82078.9,17958.7,39.52,29.861
120366,78821,100078,55254.9,42973,84266.5,26244.6,3.04,29.869
99894.4,67890,96430.7,36491.6,29650,80658,23324.7,20.52,29.951
70706.7,48666,95217,39787.3,31802,81991.7,30946,-0.76,29.962
89399.7,63291,92570.8,35351.9,28571,81090,20561.6,15.2,30.44
81672,56958,93972,38198.7,31715,78934,7169,-15.96,30.441
69698.5,48963,93290.1,26833.5,22279,78933.5,9215.18,41.8,30.498
85710,54215,103608,29860.6,22323,87664.8,22590.4,50.92,30.669
140837,90163,102369,61591.1,47667,84679.8,35165.6,5.32,31.434
120462,79112,99790.4,46231.3,36101,83926.1,38630.2,34.2,31.811
105365,69235,99736,42618.7,32991,84661.2,13712.2,-0.76,31.981
105592,69875,99035.3,35136.1,27351,84190.1,15463.6,20.52,33.603
98608.5,68669,94109.5,39469.7,29104,88877.3,27939.7,38,33.673
90753.7,56483,105300,48807.5,36739,87064.1,20687.6,40365.1,33.89
101392,68737,96670,38367.6,31373,80147.1,10110.3,23.56,34.063
93494.1,65562,93457.1,30399.2,24867,80116,25314.6,44.84,34.586
91193.3,57786,103424,40824.4,28826,92814.5,10806.4,24.32,34.712
106141,73517,94618.3,42276.3,35405,78255.1,18033.7,23.56,35.483
89926.7,65691,89714.5,32504.4,26319,80938,29279,10.64,36.219
99431.9,67626,96358.9,47145.9,37530,82327.6,37187.7,10.64,36.323
102348,66069,101523,42867.9,34041,82529.7,13156.8,16.72,36.54
80764.3,58911,89846.9,28726.2,24347,77323.8,6498.33,25.08,36.736
86767.8,60430,94099.2,36348.2,29002,82136.2,20274.2,32.68,36.793
96568.1,64490,98134.4,39349.8,31546,81748.1,18271.6,16.72,36.843
124530,81490,100150,68380.9,50262,89161,49040.7,-2.28,36.911
121673,79311,100541,48220.6,37199,84953.4,26974.2,5.32,37.086
94849.5,65462,94956.7,37752.5,29878,82808.3,19840.7,23.56,37.327
77472.7,52023,97596.3,35743.8,27559,84999.7,21882.9,28.12,37.497
117058,69816,109882,55077.4,41381,87227.2,18632.7,-37.24,37.75
75701.4,51281,96744.7,30054.2,23689,83145.4,16955,0,37.979
98343.2,65141,98939.5,36592.1,28541,84022.9,13530.7,2.28,38.373
102483,63955,105016,44828.4,34963,84028,20870.5,20.52,38.709
88828.6,55920,104104,42341.3,32924,84281.4,27378.9,45.6,38.715
114076,77686,96234.4,49852.7,38186,85558.7,27466.7,24.32,38.972
115700,73278,103476,55541,43530,83619,21792.4,45.6,39.827
73741.6,46061,104920,42901.4,30461,92301.3,25957.8,38,40.341
79451.1,51402,101298,36984,29287,82759.7,5804.21,31.16,40.611
145566,89562,106516,64125,45802,91753.6,40676.4,63.08,41.416
111692,71117,102927,53522.3,40608,86378,24756.5,55.48,41.798
120561,78410,100766,48714.4,37774,84517,12677.7,15.96,41.898
110739,69826,103936,43912.5,33998,84647.6,16381.5,22.8,42.432
139940,84434,108619,54169.5,41834,84860.5,7453.75,43.32,42.754
114982,76548,98441.1,50918,39852,83733.9,20370.7,6.08,44.974
99653.2,68550,95271.7,35141.5,28102,81952.6,15538.6,44.84,45.021
95080.7,65515,95111.2,43939.3,32831,87709.9,25764.9,31.92,45.329
95204.7,67261,92763.1,39247.3,30928,83164.4,18257.5,10.64,45.722
79864.7,56370,92851,27156.4,21618,82326.1,22991.7,-7.6,46.224
97569.4,63508,100685,57557,43708,86301.3,43678,36.48,46.25
83266.6,59388,91886.6,35549.5,27813,83765.6,17418,4.56,46.702
134642,88635,99553,59838.4,45391,86395.3,23576.6,27.36,46.747
84502.3,59058,93771.2,35353.2,29294,79091.6,20386.1,13.68,46.849
100008,67878,96557.9,34210.9,27090,82762.8,11542.1,11.4,47.009
96021.9,65011,96797.3,32497,25579,83260.6,13222.5,12.92,47.067
84962.9,57667,96556.6,41883,32611,84169.4,15889.1,22.04,47.236
82165.5,54450,98894.4,28132,22610,81541.6,9116.69,58.52,47.732
95576.7,63762,98235.9,42211.3,32834,84253,29229.4,33.44,47.976
95891.1,64487,97450.9,34036.7,27115,82265.4,35923.4,5.32,48.641
113354,77935,95320,57771.4,46210,81932.7,20500.7,23.56,49.036
105822,68735,100897,45505.1,35067,85043.5,22561.6,65.36,49.165
81200.2,53753,98999.8,36247.7,28516,83305.1,13761.8,-12.16,49.592
126385,83195,99558.1,50865.7,39643,84088.9,17465.6,38.76,49.645
83126.5,55654,97886.6,31884.6,25746,81161.8,16435.8,32.68,50.467
69349.5,54858,82848.2,27730.6,23770,76455.8,6467.51,-12.92,50.608
117022,78655,97503.6,46367.4,36450,83367.1,43464.2,47.12,50.655
84861.9,60167,92434.5,32633,27299,78341.2,19616.3,7.6,50.877
122526,74463,107837,50422.2,37227,88765.4,6554.61,22.04,51.271
82094.8,56687,94910,37857.7,31275,79329.8,15336.3,3.8,51.461
93757,60452,101642,42271,32140,86193.9,6868.84,51.68,51.495
131052,84863,101206,56158.7,43339,84921.6,11237.2,20.52,51.623
76548.3,51031,98306.3,30831.4,25419,79490.4,15027.4,-9.12,52.211
76151.5,55851,89356.8,24406.8,20027,79868.3,14441.2,32.68,52.389
114610,77325,97136.6,39777.9,31069,83906.3,6488.28,9.12,52.738
135286,87091,101803,49941.8,39015,83890.4,33189.8,16.72,52.815
132705,86541,100496,59969,44960,87413.9,60064.2,47.12,53.082
88647,60946,95323.2,33080.6,26550,81656.1,8482.2,16739,54.198
111186,70630,103167,46979.1,36338,84727.3,26350.4,31.16,57.556
122160,78762,101646,44827.7,34650,84785.8,20489.9,17.48,57.806
146463,88352,108640,52788,38476,89913.5,25856.6,2.28,57.839
103737,68354,99459.8,36793.7,28906,83419.1,8393.09,31.16,58.27
113073,72734,101883,59197.2,47550,81588.8,41795.3,16.72,58.344
95868.7,67114,93614.7,39704.9,32714,79540.8,6346.91,12.92,58.892
140813,90631,101823,48450.4,37527,84612.3,14912.2,44.08,59.564
73734.1,48422,99794.3,49163.9,37798,85242.8,6943.88,15.96,59.69
125415,80083,102633,49474.1,38067,85174.5,13532,44.84,60.023
94617.6,68555,90450.8,44370.1,34518,84241.2,8851.37,15.96,60.452
106274,67483,103208,49250.4,38054,84818.2,13566.8,-5.32,60.51
92991.9,59931,101689,40697.8,31675,84204.3,24456.3,-5.32,61.015
106399,70777,98520,38314.6,30196,83156.3,27555.1,9.12,61.111
89612.9,59363,98931.5,41984.9,33483,82176.7,45805.9,29.64,61.188
127674,79059,105836,64912.3,48723,87311.8,41192.3,39.52,61.477
76726.9,57850,86920.9,29155.7,24382,78367.2,36937.1,19.76,61.776
101815,71327,93548.9,32576.1,27211,78457.4,10307.3,6.84,61.956
93241.8,65359,93494.3,35167.6,28546,80738,17903.7,13.68,62.416
87327,61203,93509.5,37057,30631,79284.7,22449.7,-12.16,62.455
85383.3,63636,87932.6,36019.9,29872,79023.8,14149.7,21.28,62.761
100575,69685,94587,33759.3,26873,82329.8,27624.1,9.12,63.23
83558.6,64490,84913.9,25016.5,21159,77483.8,23589.4,13.68,63.301
81109,49198,108044,63651.3,46307,90082.6,14394.3,51.68,64.404
93791.7,62547,98273.9,32591.5,25923,82394.6,20937.5,41.8,64.516
73142.6,55595,86221.4,32179.4,27455,76813.4,5244.09,-2.28,65.404
109799,69007,104276,47117.1,35951,85890.9,30997.6,-5.32,65.655
81329.7,59615,89407.5,31692.3,25794,80522.2,4801.22,-5.32,65.697
84652.3,62350,88977.9,46626,37687,81080.5,2009.33,25.08,66.101
104658,72702,94342.6,45925.2,35290,85286.2,11047,29.64,66.482
111343,72364,100837,39586.3,30741,84393,18722.5,36.48,66.587
114375,73510,101968,45019.3,36162,81588,7514.72,14.44,67.338
84426.6,55083,100448,31530.2,24934,82873.3,3737.26,-10.64,67.82
127417,82643,101042,49253.7,37671,85686.4,18530.9,12.92,68.012
94400,66534,92984,44800.9,37058,79229.1,12112.3,-10.64,68.765
76715.7,47126,106685,42102.1,29890,92312,27245.6,57.76,68.867
93216.4,69548,87839,54079.1,43333,81788.1,20817.6,23.56,70.48
100810,66034,100049,36845.3,28302,85318.9,24897.2,43.32,70.744
90081.7,64537,91476.1,31449.8,25780,79949.4,17101.8,35.72,70.836
95036.1,63828,97579.2,35093.3,28056,81974.3,16932.9,31.16,71.766
105065,68315,100791,42819,33323,84211.8,11585,9.12,73.245
97146.6,67718,94016.3,38323.3,30090,83468.2,22585,3.04,73.953
100746,68226,96773.5,38090.8,30430,82034.9,5457.82,24.32,74.149
106953,62507,112136,49964.6,36267,90288.1,17916.5,26.6,74.248
106377,66887,104228,44600.6,33419,87463.5,10732.1,7.6,74.277
109815,66931,107526,53224.1,41703,83641.4,21712,19,74.633
103294,73288,92368,42921.5,34101,82487.5,33915.4,34.96,75.396
80911.2,57041,92961.2,29444.5,23885,80790.2,7923.42,33.44,76.05
98103.8,65487,98177.2,54111.9,43371,81766.1,44485.3,28.88,76.157
79718.4,53978,96788,34277.9,27790,80836.1,17964,17.48,76.237
100054,66704,98301.8,34095.6,27448,81408.2,9584.35,11.4,77.915
99541.6,62304,104705,38827.2,30068,84627.4,24761.9,21.28,78.012
83206.5,55494,98263.2,34819.2,28606,79770.4,22966.9,28.88,78.138
112265,74050,99357.4,45566,36162,82578.8,17561.4,-5.32,78.546
105539,75407,91723.5,39837.5,30539,85490.4,14197.3,25.84,78.644
85427.3,61923,90411.7,31051.2,26515,76747.8,18435.1,29.64,78.774
125052,74811,109548,52308.2,39199,87453.1,34020.6,11.4,78.988
130907,82295,104249,58136.6,44107,86381.7,13930.6,17.48,79.488
108797,72504,98341,49207.5,37953,84969.9,36143.8,26.6,79.513
115254,70163,107654,47783.1,36343,86165.4,26186.3,25.84,79.947
74741.6,50835,96356.2,42933.6,32675,86111.6,34539.2,22.04,80.066
78869.6,56718,91131.5,28749.7,23870,78933.4,12323.3,32.68,80.07
125085,78862,103948,80279.4,52842,99564.6,41716.2,133.76,80.112
92535,54422,111432,50488.5,38966,84915.5,19761,2.28,80.188
133040,86606,100673,54209,42026,84534.4,59608.6,30.4,80.592
96875,63263,100356,41651.2,33215,82181.4,16843.8,53.96,80.958
108716,67771,105131,60012.6,44918,87559.2,15793.9,15.2,81.347
115921,72738,104444,60182.1,42602,92580,29878.7,-13.68,81.526
130212,82892,102948,58820.6,46737,82480,67252.6,31.92,81.656
76780.8,51215,98250.6,26284.1,21151,81440.8,17125.2,30.4,82.421
95954.9,60510,103925,33774,25626,86373.8,18274.9,9.12,83.095
114965,71090,105983,69315.5,51990,87375.7,9276.15,19.76,83.373
95206.6,66783,93428.8,37201.1,30959,78749.6,9371.29,22.8,84.675
101239,65102,101914,38994,30174,84692.5,28532.6,6.08,85.635
98800.1,64114,100991,31200.6,25138,81341.4,13083.8,-5.32,86.99
79606.1,48195,108249,54073,40119,88330.5,13711.6,18.24,87.319
97137.9,65797,96752.6,38559.8,30273,83475.6,16307.1,1.52,87.337
119673,73694,106425,55342,38682,93761.8,31341.9,29.64,88.426
124582,84002,97195.5,43135.9,34266,82500.4,29317.9,24.32,89.031
119525,74196,105575,85592.5,57488,97575,2081.02,34.2,89.122
68448,47366,94705.2,26235.9,21606,79579.4,16299.1,9.88,91.187
110950,70351,103357,44221.3,34306,84477.6,15813.3,-3.8,91.314
84423.5,56511,97906.3,34792.4,27659,82438.1,17322.2,28.12,92.166
85238.2,55446,100750,38367.6,31026,81043.5,19123.1,8.36,92.873
91357.6,61478,97387.9,67436.8,54294,81400.2,20223.3,9.12,92.942
136877,83251,107751,42695.1,32939,84946.9,23288.5,38.76,93.125
102371,67291,99700.8,33310.4,26751,81605.5,15355.1,3.04,95.064
95961.7,61360,102493,35807.5,27864,84219,20890.6,2.28,95.214
101933,72147,92592.6,36165.3,29459,80455.1,15582.2,-29.64,95.271
72734.1,47714,99901.5,30688.7,24418,82366,4158.02,38.76,95.63
73463.8,48247,99789.1,31190.5,24579,83164.5,17767.1,22.04,95.789
89362.5,60281,97152.6,41380.5,31380,86421.8,13117.9,47.88,96.234
93308.8,57971,105485,35534.8,27079,86000.5,22228.6,20.52,96.847
95121,58674,106246,45939.9,34722,86709.2,2403.29,-9.12,97.165
116757,73832,103638,56030.8,41825,87795.2,10143.1,17.48,113.825
68337.6,57651,77684.3,20254.8,13571,97812.7,6.03,3.8,114.077
90347.6,60091,98534.3,33837,27103,81819.1,20799.5,4.56,119.774
72714.8,50532,94305.4,27005.7,23052,76776.2,11256.7,3.04,120.466
101466,66839,99488.1,38429.2,30119,83618.2,13161.5,1.52,122.062
129883,83014,102537,62337.5,48118,84902.7,36235.6,19,122.538
110651,70930,102236,42778.2,34130,82142.1,20745.2,44.08,122.614
69867.2,49558,92393.1,24682.8,20586,78578.3,7671.5,-17.48,122.653
83401.8,59278,92206.5,25157.8,22334,73822.1,-20.77,1557.24,124.282
120666,75143,105239,56629.7,43639,85045.2,18604.6,41.04,125.338
104587,71419,95971.4,37712.3,30811,80215.3,13905.9,-12.16,125.79
132273,82443,105147,72259.5,55990,84579.4,20202.5,36.48,125.819
80249.1,58299,90210.9,35701.6,29078,80464.3,14040.5,18.24,126.098
117749,72966,105759,60163.3,45538,86584,13158.1,-15.96,126.21
108492,70959,100200,54645.2,43586,82164.6,14405.7,57.76,126.568
123236,76807,105151,43984.2,33151,86952,17262.6,19.76,126.794
80655.8,50658,104344,37258.7,28434,85875.6,42082,-17.48,126.913
111396,71625,101926,44926.2,32980,89274.8,21356.2,9.12,127.053
127877,77342,108357,72636.7,53358,89214.7,22331.1,31.92,127.055
113854,70215,106267,45490.3,34227,87102.4,18086.7,7.6,127.427
101676,66094,100818,44865.9,36099,81451.9,27298.5,38.76,127.441
77365.5,54103,93714.3,32403.2,27335,77687.1,15175.5,27.36,127.491
85114.2,59262,94125.2,30736.9,25566,78791.2,26223.8,-28.12,127.513
117028,71810,106803,54349.7,41554,85716.5,26723,22.8,128.691
71358.9,47593,98261.9,48178.4,36084,87501.9,3069.27,6.08,128.706
68177.7,48231,92639.4,31532.9,25895,79804.5,21019.9,15.96,129.132
99054.3,66752,97249.9,44776.8,36344,80742.1,9542.14,12.92,130.254
107151,67292,104355,49846.7,37329,87512.4,17491,22.8,130.914
94749.6,61307,101286,31650.1,25366,81771.8,28544,-0.76,131.02
104492,69282,98842.5,52985.6,39770,87313.7,15723.6,25.84,131.362
98360.5,63174,102038,34134.5,26430,84640.1,27338,8.36,131.46
95750.9,60994,102881,43281.3,33506,84656.1,7469.16,2.28,131.657
116494,77830,98092.9,41127.3,31902,84487.4,20206.5,10.64,131.681
77263.2,51032,99222.4,33222.6,25457,85527.7,19975.4,8.36,131.711
93417.9,66709,91775.2,40152.4,33981,77438.3,3671.6,19,131.769
84848.2,54809,101454,35451.7,26436,87886.3,18609.2,32.68,132.066
123991,75426,107733,50530.7,37098,89265.8,21787.7,25.08,132.514
87566.9,58214,98580.9,38397,31398,80144.8,14720.6,-17.48,132.569
68659.4,46292,97201.8,32547.3,26760,79709.2,14263.6,36.48,132.621
82111.6,57305,93905.6,35002.8,28644,80084.6,12468.7,-11.4,133.095
109709,75646,95046.5,44171.1,35790,80882.8,23894.2,4.56,133.653
121349,74247,107112,57301.8,43063,87205.4,12411.8,-9.88,135.054
76524.7,55541,90295.9,33465.8,25917,84624.6,21578.7,28.12,136.329
78772.9,53078,97261.7,34048.1,27638,80735.7,13105.2,17.48,136.42
132056,87090,99373.5,42635.4,33530,83333,11237.9,28.88,136.523
100569,63180,104319,42911.5,33797,83210,15460.9,18.24,137.772
127138,78713,105855,63022.9,41508,99505.3,13290.8,4286.4,137.776
91283.8,58225,102746,67869,52255,85118.4,4761.69,36.48,137.808
104328,68814,99358.3,38251,31546,79465.4,10044,18.24,137.811
101500,71480,93059.8,40021.1,33109,79217.8,34440.7,26.6,137.814
84506,62643,88408.7,26876.4,21939,80284.9,27825.8,4.56,137.947
93045.9,64129,95087.3,31015.6,25577,79471.4,22245.3,-3.8,138.115
96674.7,64763,97828.6,37529.4,30479,80695.8,23393.7,6.08,138.334
84155.7,54854,100544,38601.4,30810,82109.1,23388.4,33.44,138.712
108139,70146,101032,46566.3,35382,86252.1,39253.3,11.4,139.039
96574.9,63005,100454,46231.3,35664,84954.5,76675.5,69.16,139.299
84416.1,59294,93302.8,33571.7,28515,77157.8,13711.6,31.16,140.375
83944.9,59135,93031.4,32756.3,26594,80721.9,14577.2,8.36,140.636
97878.8,63411,101159,43871.6,34959,82244,15576.8,36.48,141.197
81854.9,48903,109696,43330.2,34775,81659,17903.7,-3.8,141.258
81947.3,56694,94727.8,30920.5,25318,80038.2,11751.1,11.4,141.344
112086,70035,104886,59213.9,45703,84910.1,9473.8,30.4,141.589
76518.5,52015,96409.1,29389.6,23874,80676.6,10829.9,-3.04,143.948
83198.4,58353,93439.8,44516.8,34141,85453.1,13331,29.64,145.219
91439.5,63091,94983.1,33997.8,28631,77820.6,19432,-22.04,147.245
84028.6,57766,95331.1,32255.8,27250,77574.9,9374.64,24.32,147.727
90413.4,56136,105553,39300.9,30033,85759.7,6658.46,10.64,148.029
81295.6,55132,96637,32491.7,26945,79026.6,5680.93,3.8,148.102
116275,77075,98867.7,49996.1,38431,85257.8,31370.1,44.84,148.31
117557,72253,106628,53094.2,40064,86850.5,28716.2,31.92,148.318
71517.6,48709,96224.1,30073,24461,80571.6,12697.8,-8.36,148.476
94684.5,59462,104356,50540.1,37714,87824.1,14638.8,8.36,148.49
111490,69693,104840,54924.6,43472,82801.3,10844.6,22.8,148.508
86091.3,56379,100074,47888.9,35243,89051.7,6160.65,28.88,148.512
82063.2,55905,96200.6,31965.7,25401,82473.3,21614.9,31.16,148.541
94863.1,62384,99656.1,40689.1,33136,80474.4,18313.8,25.84,148.851
85739.8,61361,91573.5,24051,20489,76929.4,12938.4,7.6,148.89
82365.1,55955,96468.3,44063.2,32003,90233,9811.48,-13.68,149.193
123268,74863,107910,36245.7,26847,88479,11124.7,40.28,149.512
142482,83271,112136,67193.6,48903,90047.7,6589.45,28.12,149.784
86010.1,57141,98646.5,36979.3,30121,80458,6376.39,28.12,149.905
99863.4,60437,108289,58560.7,42849,89566.4,8226.26,34.2,149.96
73653.5,45141,106931,51904.2,39561,85983.6,23608.8,25.08,150.337
142681,88081,106160,58736.2,43993,87498.9,25841.9,13.68,150.866
73941.2,51841,93474.5,23524.4,19841,77702.4,6664.49,15.96,152.786
95220.8,62042,100583,44538.2,34682,84160.6,6680.57,31.92,153.018
117440,73110,105274,56832.1,38970,95574.7,33043.1,69.16,153.071
104371,65781,103982,47119.8,35501,86984.6,10588.7,18.24,153.234
79245.9,53685,96739.5,32623.6,26489,80713.6,19454.8,31.16,153.474
77108.2,51530,98066.4,28174.2,23162,79717.7,13536.7,9.88,154.44
78457.9,51496,99848.9,35497.3,28664,81159.3,12857.3,10.64,155.293
111387,68812,106084,49212.2,37653,85655,22428.9,15.2,155.422
121581,76158,104624,57674.9,43923,86054.8,22388.1,3.8,155.453
74565.5,45638,107076,34208.9,26418,84863,11057.7,14.44,155.53
116420,74819,101975,64750.1,47955,88488.5,18680.9,14.44,155.532
105697,68301,101418,43931.9,34352,83812.3,23924.4,25.84,155.589
80025.3,53857,97378.9,27005.7,22305,79347.5,9077.16,33.44,155.667
101813,62299,107103,51629.5,39350,85987.1,24201.1,34.96,156.042
109162,74180,96441.2,33579.1,27436,80209.9,4813.95,30.4,156.321
87441.1,58301,98292.3,38125,31056,80453.4,10614.8,9.88,156.426
106139,71796,96884.6,40415.1,32364,81839.1,12732.7,43.32,156.494
152320,92079,108412,90378.3,65490,90441.8,42687,40.28,156.521
91744.5,60315,99686.1,37491.2,28454,86350.7,29983.8,-6.08,156.749
98358,63359,101738,38198,30338,82515.2,10135.8,11.4,156.802
73755.8,45523,106181,45143.3,33939,87171.4,9806.12,12.92,156.885
129210,80108,105706,58706.1,45569,84429.4,19095.7,33.44,158.497
81735.2,59486,90048.1,32607.6,26602,80331.1,13288.8,-3.04,158.596
99792.7,66542,98284,34423.9,26986,83599.1,18026.3,41.8,158.768
88725.1,54935,105847,49134.5,37331,86257.4,10776.3,3.04,160.362
103247,64991,104113,42271.6,33359,83045.5,22464.4,-1.52,161.462
80877.8,54407,97421.4,32409.9,26039,81570.6,10600.7,9.88,161.808
75796.2,52010,95508.2,36882.2,29006,83331.4,28962.1,21.28,162.279
87653.7,55983,102611,51037.9,40203,83198.3,3713.81,26.6,162.587
103501,64914,104493,47444.7,36378,85473,28152.7,36.48,164.118
95113.6,60923,102315,27620.1,22102,81898,8482.87,40.28,165.172
89591.9,58444,100464,56231.8,40069,91971.5,36638.9,47.88,166.012
107137,68564,102405,46181.1,35804,84530.3,23262.4,11.4,168.69
119767,77499,101279,60958.6,45579,87649.7,19401.2,9.88,169.606
111023,69866,104143,37787.3,29559,83779.2,18463.2,12.16,169.835
105244,71798,96065.3,55445.9,42826,84848,39764.5,-7.6,170.007
94197.2,58018,106403,41571.5,31630,86134.3,51205.4,20.52,170.948
115317,72941,103610,53117.6,41904,83073.6,28044.2,43.32,170.978
81457.5,56206,94979.1,45044.1,35658,82786.8,13585.6,26.6,171.934
90491.5,61833,95910.8,30377.8,24516,81205.7,21385.7,25.08,172.87
87480.8,55895,102570,35030.9,28119,81645.4,13870.3,16.72,173.264
83104.2,55297,98492.1,37457,30797,79708.5,19096.3,3.8,174.291
106969,65927,106335,54668.7,40779,87858.1,13813.4,25.84,174.41
82842.5,54787,99095.9,32665.2,26967,79383.9,17454.8,0.76,175.427
89867.8,54709,107653,49852,35113,93045.4,21777,0,175.545
95075.8,62231,100125,34563.3,28059,80727.7,993.61,15.2,176.159
67025.1,48339,90869.8,21556.6,18259,77371.8,4066.23,34.96,177.864
135732,81815,108725,45834,33627,89326.4,42520.2,2.28,178.009
92487.9,57307,105769,37540.1,28726,85644.6,17069.6,37.24,178.058
74376.4,47838,101893,33808.9,26483,83664.9,21173.3,18.24,178.396
107069,71608,97990.1,38246.3,30705,81631.9,18575.1,11.4,178.405
94736.6,67139,92474.7,32310.8,26527,79825,11630.5,44.08,178.586
88568.2,56028,103598,37668.7,29601,83397.8,27311.9,23.56,178.96
138182,83110,108963,55435.8,41330,87903.2,23736.1,44.84,180.044
107201,70694,99379.5,42526.9,33302,83690,20326.5,-6.08,181.949
78736.3,50614,101949,30749,24182,83333.3,10774.9,12.16,182.086
78314.7,52439,97874.3,42235.5,34071,81240.4,11614.5,11.4,183.041
108401,70368,100958,41124.6,32144,83845.9,27931,39.52,183.378
94631.2,63882,97081.4,34864.1,29054,78641.7,14775.5,-5.32,183.773
68496.4,48244,93047.4,33343.2,26232,83302.1,24607.1,-17.48,184.121
103784,67598,100618,36498.9,29694,80554.8,7550.9,-12.92,184.498
81923.7,54214,99032.6,31778.8,25638,81233.1,11134.7,31.16,186.719
79420.1,54063,96274.3,33520.1,26987,81401.2,22229.3,33.44,186.744
82323,53739,100395,64890.8,43743,97219.8,7713.04,1.52,187.981
113001,71102,104155,50918.7,37850,88164,7464.47,55.48,188.097
94453.9,57507,107641,42007,32295,85244.5,17358.4,14.44,188.459
76806.2,52327,96194.6,34014.6,28175,79119,12493.5,14.44,189.136
98746.2,60911,106244,37759.2,29099,85040.2,18224,9.88,189.708
89524.9,57338,102325,42714.5,31806,88012.9,56038.1,21.28,190.694
80538,50438,104646,47011.2,35190,87551.2,19172.7,26.6,190.853
97204.2,61654,103325,68622.1,53062,84754,30555.4,12.16,190.933
124098,76710,106021,62689.2,47138,87156.9,36662.4,62.32,190.974
118393,76358,101613,57562.4,45106,83634.3,21669.8,16.72,191.401
80819.5,51061,103731,42985.9,33625,83780.6,11495.2,19.76,193.857
105722,69685,99427.2,32155.3,25833,81575.1,12794.3,6.84,194.05
157297,94950,108569,61021.6,45282,88315.7,13869.7,16.72,194.633
98642,66044,97883.3,39182.3,30369,84555,24004.1,38,195.046
77902.4,53626,95204,21052.1,16526,83484.7,13410.7,0,195.153
88896.2,60442,96388.3,30032.1,24339,80865.4,10987.3,17.48,195.463
82916.9,53575,101429,36119,29403,80505.3,9783.34,13.68,195.907
86281.7,55306,102241,61229.3,43178,92934.4,25232.9,-13.68,196.886
76554.5,51803,96849.1,42786.2,33270,84281.2,8846.01,116.28,196.899
