"FSC-A","FSC-H","FSC-W","SSC-A","SSC-H","SSC-W","530_30 Blue C-A","582_15 YG D-A","Time"
92297.7,66299,91235.5,55286.2,46463,77981.1,551.58,139.92,0.273
124452,82545,98808,70755.4,53285,87023,326.54,192.92,0.326
157800,104311,99141.8,83684.1,65295,83993,262.16,178.61,0.473
87636.1,66260,86678.6,41217.1,35012,77150.8,506.34,190.27,0.499
123603,87319,92768.3,72723.3,59079,80671.5,575.94,139.92,0.509
157179,93934,109661,76319.9,52451,95359.5,930.32,181.26,0.512
66825.7,46461,94261.6,42117.3,33001,83639.8,241.28,49.82,0.526
107791,77671,90949.8,49679.3,41687,78100.7,198.94,59.36,0.672
94323.9,68331,90465.7,48618.5,39471,80724.1,219.82,197.69,1.014
140680,95303,96739.7,78727.5,60587,85158.2,218.08,75.26,1.089
112209,74866,98224.9,72434.5,56890,83442.9,351.48,193.45,1.101
97410.1,69582,91745.9,38699.3,30211,83949.6,178.64,131.44,1.12
96804.2,70724,89703.1,56241.4,48564,75896.5,278.4,104.94,1.207
101460,71687,92754.8,44992.9,36955,79790.4,503.44,163.77,1.216
81502.7,57242,93312,45419.8,35674,83439.8,497.64,195.04,1.225
130855,84727,101216,79232.6,60239,86199.8,256.36,108.65,1.279
111105,76694,94940.7,82006.8,64514,83305.9,429.2,122.43,1.375
90381.7,65611,90278.4,41017.6,34390,78166,378.16,183.91,1.381
111180,73282,99428.4,63112.1,48026,86122.4,345.1,172.78,1.401
107198,75684,92824.4,47074.5,38100,80973.1,327.7,124.55,1.537
103053,73913,91373.4,52458.7,43773,78540,321.9,174.9,1.626
109012,75570,94537.3,55709.6,45206,80763.2,274.34,103.88,1.626
104218,74011,92284,57852.1,48246,78584.7,175.16,157.41,1.66
120806,85387,92720.5,71011.7,56710,82063.6,306.24,144.16,1.696
130823,90176,95076.6,84636.5,63696,87081.4,255.2,155.82,1.767
95533.7,68454,91461.4,43992.4,35438,81355.8,214.02,111.3,1.801
93808.4,67539,91026.4,48936.3,41547,77191.9,358.44,184.97,1.857
137039,93143,96421.6,77546,59867,84889.1,451.24,193.98,2.043
139488,94791,96438.6,75985.2,59671,83453.7,211.12,175.96,2.073
106155,75918,91638.1,56279.7,44679,82552.2,408.32,189.74,2.079
100005,72888,89918,69312.3,58168,78091.9,208.22,55.65,2.108
140556,98455,93560,65190.3,52171,81890.5,371.2,177.02,2.176
103546,75676,89671.7,44727.9,37685,77783.9,270.86,139.39,2.327
82764.7,60982,88945.3,39145.4,31914,80385.7,266.22,83.21,2.378
176083,119775,96345.7,55748.4,42802,85358.9,354.96,190.27,2.422
96090.7,69274,90905.7,44469.2,38115,76461.6,381.06,148.93,2.447
94787.9,68838,90241.1,43558.6,37006,77140.3,179.8,171.19,2.508
123105,91655,88023.8,107171,85247,82390.9,172.26,77.38,2.621
104141,64594,105660,60031.2,41482,94841.2,206.48,171.19,2.626
97729.5,71886,89096.6,40170.2,33703,78111.6,240.12,168.01,2.703
95507.9,69838,89624.7,50609.6,41694,79549.9,277.24,121.37,2.714
90103.9,68178,86612.2,49556.4,43482,74691.3,578.84,115.01,2.974
99820.4,71603,91362.5,45172.1,37579,78778.1,230.84,120.31,3.032
122073,83825,95439,65581.2,50241,85546.2,1059.08,190.27,3.2
90766.5,65610,90664.1,38291,31795,78925.6,448.34,190.8,3.222
101489,73498,90494.6,45760.8,38039,78839.7,203,9.01,3.354
105097,72431,95092.5,51371.2,41730,80677.2,212.28,156.88,3.42
119180,82666,94483.2,65802.2,51370,83948,713.98,125.61,3.433
109227,78523,91162.1,58158.9,47766,79795.3,1481.32,175.43,3.463
104478,71682,95520.1,101002,77518,85390.4,787.06,26.5,3.469
112129,75955,96747.7,62465.4,48955,83622.4,234.9,192.92,3.485
92798,65942,92226.6,53047.4,37622,92406.4,253.46,147.87,3.509
153449,100549,100015,95759.7,66565,94279.4,256.36,81.62,3.706
176483,110802,104384,94791.7,68170,91129.1,377,161.65,3.758
91613.9,64659,92856.5,47472.4,37451,83072.6,272.6,86.39,3.821
171246,103867,108049,107393,77814,90448.1,401.94,149.46,3.825
122105,84730,94444.1,57418.3,46247,81366.6,191.4,171.19,3.835
95792.4,68470,91687.6,54289.7,44438,80065.1,196.04,146.28,3.889
152708,100811,99273.7,57530.2,43830,86021,174,99.11,3.919
96505.2,69074,91562.2,53536.9,44554,78749.3,277.24,116.6,4.056
123570,84639,95680.7,62250.2,47794,85358.7,206.48,163.24,4.07
82668.3,62043,87322.5,44433.8,37430,77798.9,697.16,173.31,4.076
89165.3,64387,90756.5,47033.4,39687,77667.2,317.84,175.96,4.166
92625.7,65895,92121.1,49260.6,42547,75877,449.5,174.9,4.175
156460,98946,103630,118259,85290,90868.7,436.74,196.63,4.223
101295,72977,90967,39518.9,34001,76171.6,352.06,195.04,4.238
100282,72025,91247,42099.3,35149,78495,174.58,134.09,4.248
89772.5,67307,87410.4,37496.4,32479,75660.1,326.54,186.56,4.252
72587.5,48477,98130.9,73776.6,56137,86129,307.98,148.4,4.265
88463.1,62182,93234.7,65555.7,51562,83322.1,1277.74,41.34,4.274
90070.9,65206,90526.7,46755,40094,76423.7,270.86,172.25,4.304
113829,81873,91115.4,55486.3,46129,78830,223.3,45.58,4.366
96728.9,70503,89914.3,49791.8,40679,80217.3,239.54,59.89,4.5
89309.9,64400,90885.3,41563.4,34228,79581,422.24,162.18,4.503
93226.3,65482,93303.2,57055.8,47123,79349.9,280.72,106.53,4.548
94690.2,66658,93096.4,56581.9,47486,78089.4,370.04,175.43,4.586
116395,82067,92949.2,67578.1,54763,80872.1,221.56,164.3,4.622
92882.5,68846,88416.8,42223.4,35671,77574.3,307.98,159,4.629
77220,58650,86286.3,56290.7,48199,76538.3,450.66,195.04,4.697
102437,74470,90147.5,51707.6,42538,79663.1,213.44,133.03,4.712
108592,77959,91287.4,47542.6,38831,80238.8,249.98,81.62,4.728
121387,86395,92079.8,57088.8,47135,79375.7,218.08,17.49,4.78
86164.3,63625,88752.3,47571.6,40605,76780,376.42,157.41,4.846
103650,75090,90462.5,50228.6,41390,79530.8,544.62,108.12,4.902
76629.3,55978,89713.4,39773.5,33511,77783.3,354.38,168.54,4.904
101996,74377,89872.4,58158.9,47341,80511.7,285.94,35.51,4.933
101568,73298,90812.4,57844.6,49514,76562.2,220.98,138.86,4.993
127616,89279,93677.8,58469.2,45554,84116.4,233.74,119.25,5.056
128420,89455,94082.4,68154.1,53999,82715.3,794.02,41.34,5.167
65372.3,50150,85428.6,33329.1,29586,73827.4,415.86,96.46,5.26
130487,89207,95862.1,86098.7,63643,88659.6,541.72,188.15,5.344
87589.3,62735,91500,58953.5,49743,77670.8,424.56,192.92,5.364
131848,90519,95458.5,70926.5,56239,82651.5,1079.96,165.36,5.592
89130.4,65626,89008.1,39677.2,33539,77530.2,281.88,178.61,5.593
78304.4,54895,93483.1,47170.2,38018,81312.8,261.58,141.51,5.7
148441,100397,96897.8,55530.4,40285,90337.3,262.74,99.64,5.711
132750,88133,98713.2,61536.8,47873,84241.2,380.48,157.94,5.716
104372,75259,90887.6,49461.2,40843,79364.7,191.4,28.62,5.726
126055,87754,94140,70952.6,56170,82783.5,276.66,191.33,5.804
133316,90128,96939.9,65758.1,51168,84223,385.7,52.47,5.917
117214,81178,94628.3,68116.9,53630,83239.1,280.14,147.34,5.944
81424.2,60682,87937.4,34637,29395,77223.1,263.9,49.82,5.98
139403,95880,95285,84207.9,63532,86864.1,266.8,137.8,6.074
102343,70486,95155.7,64139.3,51882,81019.1,224.46,153.17,6.1
89936.2,63270,93157.3,54890,43230,83212.4,461.1,165.89,6.111
82279.6,60274,89462.7,34891.1,30222,75660.8,311.46,177.02,6.216
119748,83255,94262.6,66785.8,53555,81726.8,213.44,100.7,6.291
92518.8,65526,92532.9,46292.1,37674,80527.7,202.42,110.77,6.405
80272.5,58551,89848.8,127800,100431,83395.3,334.08,156.88,6.436
149688,104396,93968.7,55170.8,42136,85809.5,357.86,171.19,6.45
117099,82319,93224.8,64543.6,52626,80377.1,368.88,188.68,6.505
122037,85445,93602.2,70809.9,57905,80141.5,268.54,131.97,6.702
96611.5,67233,94172.9,47349.5,38405,80799.2,338.14,145.22,6.716
133001,90106,96734.6,58578.3,45271,84800.1,235.48,178.61,6.748
92712.2,66883,90845,43333.5,36491,77824.9,351.48,168.01,6.763
122070,84937,94187.5,73758.6,57533,84018.6,653.08,119.78,6.809
124394,85558,95283.9,82615.8,62670,86393.9,176.9,9.01,6.911
94849.9,70547,88112.7,48177.1,40067,78801.4,271.44,86.92,7.024
91560.5,66711,89947.8,47976.4,40615,77414.4,260.42,112.89,7.151
91833.7,61727,97500.5,58238.4,40866,93395.7,379.32,184.97,7.193
84643.7,64679,85765.2,36739.5,32703,73625.1,545.2,152.64,7.24
109799,79551,90455,57551.1,47602,79233.4,241.86,84.8,7.294
80663.9,59465,88899.2,42514.6,36073,77238.8,278.4,147.87,7.353
73103.6,54314,88207.8,40032.8,34238,76627.9,248.24,54.06,7.374
117402,82786,92939.2,73369.4,57274,83953.2,430.94,189.74,7.428
120758,85603,92450.2,63184,51019,81162.5,224.46,190.27,7.459
72179.6,53497,88422.9,46828.6,39529,77638.2,897.26,144.16,7.517
87951.6,64082,89947.2,42994.2,35534,79295.1,174,83.74,7.524
80551,58188,90723,50769.1,41948,79317.4,294.06,106,7.525
107348,77500,90776.5,54920.2,45608,78917.1,224.46,151.58,7.539
132477,93139,93215.3,57258.2,47203,79496.5,310.88,131.97,7.586
92751.8,68702,88477.5,61962,54995,73838.4,385.12,156.35,7.628
111393,78366,93156.3,59137.4,49299,78614.7,337.56,190.8,7.709
82917.8,60491,89833.2,44835.7,38358,76603.5,179.8,139.39,7.718
130552,91814,93186.8,64986.7,51778,82254.4,302.18,191.33,7.739
106583,74783,93403.7,64303.4,50738,83057.9,1153.62,187.62,7.753
97410.1,67850,94087.9,45303.8,36727,80840.5,253.46,195.04,7.755
99094.4,76538,84850,31840.3,28151,74124.7,766.76,172.78,7.774
85561.7,63859,87808.7,38696.4,33635,75397.9,232,142.57,7.78
78498.4,57117,90069,46115.2,38905,77681.7,404.84,106.53,7.824
108583,76594,92906.9,55232.8,43918,82420.4,252.3,146.28,7.832
124236,86991,93595.4,63525.7,50415,82579,490.1,109.71,7.85
146347,96446,99444.3,76445.2,58471,85682,732.54,121.37,7.903
126864,86951,95618.8,77562.2,59979,84748.3,180.96,132.5,7.947
105030,75841,90759.3,53719,45137,77996.5,253.46,121.37,7.971
95063.1,69234,89985.5,41564.5,35434,76874.6,294.64,121.37,8.037
84929.5,63735,87329.4,40392.9,34823,76018.5,203,128.79,8.045
80426.3,56631,93073,54888.9,44847,80210.4,1117.66,190.27,8.102
113853,78742,94758.2,63305.8,49518,83783.9,229.68,89.04,8.121
87013.7,62356,91451.2,43993,36900,78133.5,198.94,92.22,8.169
74637.4,53854,90827.8,84747.9,68023,81649.4,244.18,37.1,8.221
121655,84147,94747.9,77349.4,60855,83299.1,186.18,175.43,8.288
132317,88507,97976,82235.3,63295,85146.9,196.04,122.96,8.339
87982,66147,87169.3,37260.4,31443,77661,282.46,139.39,8.494
111969,78469,93514.6,67082.2,52881,83135.7,268.54,167.48,8.495
101720,70362,94743.1,46254.4,37315,81236.2,477.92,193.98,8.532
83189.7,60071,90757.9,38821.7,33171,76700.1,174.58,155.82,8.613
136924,95082,94376.1,79597.5,60999,85517.8,285.94,120.31,8.711
72281.2,51963,91161.5,56628.9,42022,88316.4,171.1,-14.31,8.715
81137.8,60421,88006.6,43255.2,37269,76062.6,292.32,168.54,8.734
101497,74617,89145.1,45871,38057,78992.2,190.24,42.4,8.76
91322.2,65151,91861.9,52973.7,44306,78357,1240.62,147.87,8.819
110141,79393,90917.2,51881.6,44101,77098.3,261.58,20.67,8.877
70238.5,53971,85289.4,30637.9,27291,73573.2,280.72,176.49,8.908
109405,79234,90491,59172.2,49682,78054.6,197.2,89.04,8.998
148579,102618,94888.3,79404.9,62055,83859.1,184.44,67.31,9.044
169880,112298,99140.3,51691.3,39610,85525,273.76,167.48,9.052
106343,69647,100066,47803,35938,87172.9,407.16,168.54,9.069
78560.5,58322,88277.8,48419.6,41186,77046.2,281.3,177.02,9.172
87477.1,66055,86789.8,43955.3,38411,74995.6,230.84,151.58,9.181
114998,82896,90915.5,40608.7,34112,78017.5,183.86,142.57,9.194
82630,58883,91966.1,44080,37043,77985.8,433.26,82.68,9.198
110809,77614,93565.6,46785.1,38391,79865.3,279.56,148.93,9.207
97808,67895,94409.7,61360.5,48671,82622.6,388.02,165.36,9.268
82052.5,59795,89930.5,39350.7,32863,78473.9,1303.26,187.62,9.282
85923.4,60661,92828.6,44930.3,35585,82747,218.08,129.85,9.282
81554.2,60992,87630.1,40417.3,34420,76954.9,620.02,171.19,9.423
99437.6,72750,89577.2,52951.1,45319,76572.8,180.96,-3.18,9.427
109317,76835,93241.5,47873.2,39743,78942.7,318.42,190.27,9.439
108455,76383,93053.1,67700.5,55746,79589.9,449.5,193.98,9.442
134345,93378,94288.1,68826.3,57350,78650.4,286.52,181.79,9.462
95456.5,65728,95177.6,72327.2,56016,84619.3,312.04,-12.72,9.506
98157.2,73051,88059.4,57545.9,46950,80326.4,182.12,104.41,9.517
80574.1,58878,89685.5,58249.4,51171,74601.5,1241.2,111.83,9.535
118322,77751,99733.3,90065.3,68027,86767.3,585.8,168.54,9.536
116769,84011,91090.3,62547.2,49647,82564.8,175.74,121.9,9.536
86354.4,62429,90652.1,46605.9,38720,78883.4,208.8,169.07,9.572
103534,73236,92648.1,53888.4,47312,74645.5,272.02,86.39,9.598
99151.1,74435,87297.2,54225.9,46715,76073,186.18,96.46,9.606
118893,83047,93823.7,53978.9,42139,83949.8,481.4,106,9.63
128992,92708,91185.7,61863.4,52100,77817.2,231.42,145.22,9.633
101757,73669,90523,50225.7,41041,80202.5,203.58,51.94,9.646
123655,87165,92971.4,54740.4,43245,82956.8,182.12,95.4,9.672
138657,93781,96896.1,71964.1,55001,85748.2,193.72,157.41,9.727
106814,76907,91021.5,62861.6,51275,80345.1,186.76,170.66,9.775
136566,89807,99658,88225,67170,86078.8,400.2,137.27,9.871
118308,84256,92022,45726.6,36736,81575,217.5,152.64,9.932
131261,84293,102052,101877,78069,85521.9,1276.58,182.32,9.935
105576,75280,91910.8,56802.9,47572,78252.6,483.72,186.03,10.037
88310.6,63092,91731.5,49959.5,41252,79369.3,261.58,93.28,10.042
108252,76426,92827,58993.5,45379,85198,183.86,33.92,10.063
97727.5,71123,90050.6,47993.8,39211,80215.4,193.72,74.73,10.068
171388,105561,106404,86405.5,61113,92659,305.08,99.11,10.069
119553,86468,90611.9,41520.5,34976,77798.6,283.62,134.62,10.17
75155.5,55033,89498.9,43578.9,36237,78814.1,1405.34,126.14,10.264
139108,97853,93166.2,82804.9,64989,83501.8,197.78,48.76,10.279
85823.8,62047,90649.8,44605.5,36507,80074.1,447.76,129.32,10.321
89062.4,67583,86364.8,47903.4,41074,76432.6,368.88,165.89,10.328
149026,103447,94411.3,75672,59095,83919.8,266.8,162.71,10.329
131287,91708,93819.5,61136.6,47820,83786.1,232.58,111.3,10.332
95099.4,69570,89585.1,45256.8,38346,77347.1,450.66,193.45,10.347
74487.6,54327,89856.2,43242.5,35327,80220.2,229.1,143.63,10.366
117698,82719,93249.3,53442.9,43362,80772,332.34,133.56,10.373
99073.9,71606,90675.5,59853.1,48638,80647.5,294.64,144.69,10.407
86353.7,64374,87912.5,48474.7,39446,80536.3,243.6,173.84,10.425
102648,67409,99795.7,122270,90141,88894.9,423.4,180.73,10.484
97318.3,66640,95706.1,81806.7,62232,86149.9,870.58,182.85,10.5
82895.3,60431,89898.1,50059.8,42274,77606.1,350.32,174.37,10.557
86483.8,66355,85416.3,28232.1,24971,74094.7,232,122.43,10.58
101217,69961,94815,49520.4,38857,83520.8,422.24,185.5,10.596
107478,72657,96944.6,64885.2,49749,85475.4,189.08,152.11,10.646
138241,93362,97039.1,78274.5,58546,87619.9,414.7,179.14,10.664
124786,87734,93213,60638.4,46122,86162.8,251.14,145.75,10.685
79003.3,57026,90793,47584.9,39270,79412.4,755.16,160.59,10.809
141801,95343,97469.9,81857.7,63314,84730.5,526.64,92.75,10.833
122000,86903,92003.9,62544.9,49363,83036.7,240.7,72.08,10.868
92044.9,67106,89891.5,50132.3,40442,81239.1,378.16,196.63,10.932
113842,79543,93795.2,47870.3,37799,82997.6,605.52,92.75,10.933
89168,63495,92034.2,56198.5,44051,83608.2,174.58,49.82,11.026
104514,71315,96044.4,71507.6,57263,81838.6,1190.74,127.2,11.031
111717,78339,93458.9,62305.3,51067,79958.5,348.58,102.82,11.055
87420.3,65082,88030.1,45637.3,38410,77867.4,274.34,189.74,11.073
86349.1,63686,88857.5,45120.5,36974,79975.6,364.24,181.79,11.167
168197,108267,101813,123039,93551,86193.4,672.8,159.53,11.204
101398,72840,91230.2,48899.8,41896,76491.7,297.54,179.14,11.246
111564,81096,90158.4,63847.6,52520,79670.9,527.22,190.8,11.248
76025.4,56771,87763.1,40262.4,34687,76070,274.92,171.72,11.249
157222,102295,100725,90293.8,66195,89394.9,285.94,80.03,11.25
92887.1,66494,91548.8,53164,42887,81240.3,340.46,192.39,11.287
99884.4,63523,103050,62377.8,48064,85053.1,254.04,98.05,11.317
87374.1,62783,91205.4,51237.2,42178,79612.2,551.58,117.66,11.368
121596,84855,93912,57124.8,46839,79927.6,202.42,96.46,11.421
90977,66302,89926,50741.9,42087,79013,209.96,89.04,11.479
118042,80347,96282.1,76089.6,57467,86773.4,264.48,86.92,11.505
96365.3,69161,91314.4,44394.9,36994,78647,214.02,159.53,11.507
107727,79411,88904.1,50685,42715,77764.1,484.3,189.74,11.569
101350,73419,90467.7,43444.9,37382,76165.1,382.8,176.49,11.584
108416,77420,91773.7,70123.2,57976,79267.1,237.22,81.09,11.592
104244,77391,88275.3,49934.5,43762,74779.7,206.48,149.46,11.601
100775,70429,93773.5,53396,40160,87135.4,224.46,180.73,11.61
118570,76362,101760,78159.6,58782,87140.1,220.98,112.36,11.674
148798,100079,97439.1,69710.8,54955,83132.9,661.2,167.48,11.722
74529.8,56335,86702.5,33324.5,28955,75425.8,185.02,141.51,11.796
113076,79875,92777.2,66560.2,50507,86366.1,194.3,109.18,11.805
116301,81454,93572.8,64813.3,51550,82397.7,516.2,157.94,11.818
127736,89726,93298.4,61381.4,49354,81506.9,285.36,165.89,11.841
89001.7,65461,89103.6,45318.3,38581,76980.4,331.76,36.57,11.851
100748,73184,90219.2,49625.4,41572,78231.7,275.5,67.31,11.887
62332.4,46346,88141.7,59305,52346,74248.5,3752.02,135.15,11.89
97859.5,70079,91515.6,42643.3,35627,78442.6,236.06,170.13,11.938
100810,72011,91745.2,54086.2,44043,80480.2,274.34,123.49,11.951
115573,83195,91041.6,53040.4,43990,79019.3,513.3,45.05,11.982
110118,77244,93427,63101.7,49128,84176.7,175.74,175.96,12.008
90661.6,66175,89786.1,56630.6,46290,80175.9,219.82,127.73,12.016
98646.9,68406,94508.1,77884.1,57630,88568.7,303.92,129.32,12.025
80822.3,58314,90831.9,44922.7,36986,79599.2,1046.9,-54.59,12.077
87678.4,64316,89341.5,41224.7,34492,78328.3,243.6,171.19,12.103
84588.2,62246,89059.1,50600.9,42522,77987.5,397.88,-10.07,12.218
73771.5,54190,89217.4,43006.4,36263,77723,185.6,143.63,12.226
98998,72131,89946.6,50044.7,41579,78879.5,298.12,169.6,12.256
146789,100541,95681.7,79675.2,58217,89691.9,240.12,127.2,12.307
127256,87363,95462,76587.8,60687,82707.3,570.72,97.52,12.31
158842,101278,102785,128766,97178,86838.5,363.08,193.98,12.378
105250,74926,92059.3,52851.9,43443,79729.8,227.36,129.85,12.409
173878,111302,102382,68204.5,48030,93063.7,226.2,114.48,12.411
103251,69858,96863.1,70383,50994,90454.2,194.3,115.54,12.419
110755,79877,90869.9,48415.5,40757,77850.6,240.12,173.84,12.461
166089,106615,102095,77823.8,55391,92077.4,565.5,135.68,12.467
169771,108938,102133,79575.4,59395,87802.9,1317.18,173.84,12.476
133610,91519,95677.3,81164.6,62763,84750.6,407.74,188.15,12.495
165240,112675,96109.9,52097.9,40815,83652.8,182.12,116.07,12.495
86380.8,61772,91644.3,72209.4,58008,81580.4,362.5,67.31,12.507
98274,69435,92755.6,45433.7,37606,79177.4,700.06,150.52,12.53
167483,103426,106126,132616,90266,96283.8,410.64,164.3,12.597
84503.1,63115,87744.5,40752.5,33798,79021.2,231.42,139.39,12.597
144249,94279,100272,102858,76915,87640.7,422.82,94.87,12.63
59536,45170,86379.2,33305.3,29014,75229.2,2175.58,193.98,12.654
79009.9,56228,92089.2,54379.1,44240,80555.7,412.96,78.97,12.669
82711.9,56467,95996,85399.2,62095,90131.6,348.58,143.63,12.683
86665.3,63690,89177.2,47373.8,41063,75608,756.32,41.87,12.7
83759.9,64191,85515,33330.3,30210,72305,303.92,136.21,12.934
111423,79414,91951.4,57025.6,47094,79356.8,389.76,107.59,12.957
146518,99398,96603.6,82784,63094,85988.1,274.92,156.88,12.972
95231.4,69451,89863.1,38338,32054,78384,368.88,178.61,12.981
83990.9,59110,93121.8,48812.8,40010,79954.9,485.46,159,12.992
126972,85747,97044.2,76488.1,56923,88061.5,421.66,51.41,13.064
112133,81366,90316.9,64485,54598,77403.7,209.38,51.94,13.12
116019,80268,94725.2,79410.7,62312,83519.4,419.34,143.63,13.132
85318.9,61551,90842.7,68162.8,55874,79949.8,526.64,159.53,13.228
99792.7,72970,89626,43898.5,36995,77765.4,282.46,171.19,13.274
105433,76809,89959,64016.9,51540,81401.1,220.98,110.24,13.277
105700,74210,93345,55450.3,45546,79787.3,498.22,119.78,13.338
104485,75367,90855.5,52293.4,43235,79266.8,203,61.48,13.371
97986.9,71748,89503.1,45734.7,38676,77496.9,215.18,23.85,13.371
107578,74487,94650.5,67369.3,52883,83488.4,216.92,53,13.396
110970,75999,95692.8,54409.2,42818,83277.2,345.1,131.44,13.407
81873,58762,91311.2,51990.6,43335,78626,348,196.1,13.483
83087.4,63054,86358,35713.5,31299,74779.4,219.24,107.06,13.483
98856.8,69534,93172.8,56308.7,43683,84477.9,285.94,116.07,13.505
96485.4,68566,92221.6,62537.9,50721,80804.5,249.4,70.49,13.516
82853.1,61376,88468.8,35842.8,30980,75823,509.24,174.9,13.565
109452,76318,93989.3,84651.6,67671,81980.9,403.1,193.45,13.586
101517,71395,93185.7,55564.6,46455,78387.3,254.62,160.59,13.587
88805.6,65014,89518.7,39427.8,33334,77516.7,248.82,120.84,13.608
81053.3,58689,90509.4,40967.7,33797,79440.8,296.96,53,13.608
104821,76944,89280,45396.6,38372,77533.4,310.88,116.6,13.622
90599.5,64817,91604.5,47391.2,40085,77481.1,188.5,78.97,13.648
87317.3,64129,89233.1,44303.3,36981,78512.2,340.46,157.41,13.653
95769.3,67526,92947,45964.4,37998,79275.9,205.9,12.72,13.654
66539.2,46402,93976.9,30537,21574,92763.2,216.92,89.04,13.679
106116,75650,91929,54399.9,44130,80787.5,251.14,180.73,13.685
122933,79283,101617,122371,86827,92364.4,1026.02,46.64,13.696
71196.8,54795,85153,36765,32735,73604.2,406,190.8,13.806
77845,57435,88824.8,35159,29542,77996.8,338.14,159,13.842
93296.9,67015,91237.9,45930.8,38551,78081.5,185.02,115.01,13.883
134930,93236,94842.7,75477.1,59328,83375,307.4,194.51,13.938
128656,86511,97463.1,72632.2,53295,89314.7,223.88,136.74,13.941
105718,76266,90844.5,73486,60163,80048.9,271.44,137.27,13.958
66964.3,50971,86099.4,51712.8,43078,78672.4,416.44,121.37,14.041
105401,74124,93189,51188.5,38504,87125.7,307.4,153.7,14.077
82025.5,61075,88016.7,35983.2,30319,77779.4,341.62,95.4,14.148
106331,77998,89342.4,54346.6,46259,76993.8,183.28,55.12,14.151
98761.1,70403,91933.7,43550.5,34587,82520.1,897.84,168.01,14.184
146812,99383,96811.9,77174.8,57687,87675.3,189.66,-33.92,14.202
127362,87690,95184.9,66645.5,53283,81971.3,185.6,46.11,14.303
111304,79352,91924.6,64584.2,51480,82218.1,186.76,18.55,14.303
139890,96004,95494,69014.8,54436,83087.5,233.74,75.26,14.321
144960,100597,94437.5,65302.8,52165,82041.3,312.62,196.1,14.344
71451.6,54575,85802.1,36969.2,32431,74706.7,254.62,113.42,14.364
137254,93829,95866.9,71013.5,56993,81658.1,356.12,182.32,14.448
89504.6,67082,87441.8,38004.5,33075,75303.5,196.62,168.01,14.459
77312.4,56468,89727.7,34193.3,28192,79486.9,225.04,121.37,14.468
116157,77462,98273.3,60255,44938,87873.8,197.2,95.4,14.47
159129,102530,101714,64839.4,48446,87712.3,342.2,160.06,14.473
84263.5,59561,92716.6,53328.1,44201,79068.6,303.34,114.48,14.48
82319.8,61013,88422.3,41392.3,35649,76094.3,5637.6,139.92,14.496
135920,92131,96684.5,82434.8,63539,85025.7,395.56,169.07,14.503
142160,95678,97374.5,66584,52291,83449.3,657.72,159,14.519
105564,68807,100546,75780.5,54831,90575.6,212.28,83.21,14.526
76987,56014,90074.3,38472.6,30858,81707.8,243.02,63.6,14.555
119595,82060,95513,73953.5,56632,85580.9,196.04,121.37,14.565
109290,77038,92972.7,60588.5,48003,82718.4,790.54,78.44,14.601
135091,90306,98036.8,85757.1,65526,85770.1,425.14,159.53,14.72
120680,84034,94115.6,57085.9,45178,82809.8,592.18,146.28,14.737
113192,81206,91349.8,59820,47330,82830.5,896.1,65.72,14.786
97451.6,71028,89916.5,52361.2,44644,76864.7,250.56,148.93,14.846
129362,88571,95718.3,69387.1,54678,83166.1,235.48,191.86,14.889
126427,83419,99324.1,134672,102591,86029.6,492.42,97.52,14.895
129395,89547,94699.2,61196.4,47718,84047.2,179.22,119.25,14.901
147009,99489,96838.7,87941.9,66277,86958.7,320.74,172.78,14.904
118866,85146,91489.9,54746.8,43235,82985.7,421.08,131.44,15.004
69950.8,53938,84991.9,38388.5,33794,74445.9,263.32,192.39,15.047
125788,85607,96296.4,86267.5,66043,85605.2,288.26,126.67,15.066
82696.7,58991,91871.8,75655.8,59858,82832.3,238.96,143.63,15.089
113851,78759,94736.6,64393.3,49791,84755.9,261.58,131.44,15.096
131156,90223,95268.7,67991.1,52187,85382.6,270.28,110.77,15.12
79212.5,59886,86685.9,32461.4,27671,76881.7,205.32,165.89,15.124
107536,79815,88298,46469.6,39295,77501.8,405.42,140.45,15.316
124561,88358,92388.2,53244.6,42906,81327.5,361.92,179.14,15.316
84614.6,62708,88430.6,35640.4,30220,77290.9,291.16,154.23,15.327
114284,80910,92568.2,47545.5,39731,78426,244.76,23.85,15.352
106911,74460,94097.6,80957,62012,85557.6,248.24,129.85,15.397
104289,73938,92437.7,56418.9,46670,79225.8,349.74,145.75,15.406
111723,81754,89559.7,54844.8,45015,79846.9,1282.38,192.39,15.428
158611,103707,100232,83790.9,62347,88076.7,582.32,193.45,15.435
108985,65339,109314,90179.6,63158,93575,341.62,181.79,15.461
69682.1,50014,91308.2,42498.9,35162,79210.8,261.58,-12.72,15.48
89957.3,66287,88938.2,42535.5,37090,75157.8,225.04,75.26,15.497
92526.1,67614,89682.4,44593.3,37674,77572.5,737.76,156.35,15.541
98493.8,71851,89837.1,62385.4,50326,81240.1,478.5,151.05,15.566
101651,71555,93100,59602,48703,80201.9,356.12,90.63,15.615
111483,76846,95074.9,64494.3,50067,84420.8,408.9,119.78,15.645
102889,74086,91015.3,58676.3,46306,83043.4,460.52,150.52,15.685
154102,98473,102558,83755.5,62429,87923.9,234.9,98.05,15.691
86272.6,63395,89186.2,44893.7,37399,78669.4,223.3,154.23,15.73
99652.7,74019,88232,52206.4,45215,75669.5,263.32,88.51,15.755
142831,98958,94591.1,72415.9,57374,82717.7,261,195.04,15.761
113608,79386,93787.9,60810.1,48599,82002.7,190.82,140.45,15.795
125261,86744,94636.3,58088.7,46424,82002.9,419.92,181.79,15.865
103649,72407,93813.4,71236.2,57687,80928.7,249.4,67.84,15.87
99027.1,72254,89819.8,52208.1,44311,77215.8,386.28,47.7,15.871
90856.3,64962,91659.1,44633.3,36290,80603.2,2023.04,119.25,15.881
86644.1,62778,90450.6,64963.5,51687,82369.8,1651.26,172.78,15.906
142743,97994,95463.4,60717.3,44083,90265.4,378.16,130.38,15.922
100480,71008,92736.6,59382.1,46228,84184.2,223.3,140.98,15.94
76218.1,57907,86259.5,36991.2,32539,74503.1,665.26,163.24,15.964
104498,71531,95739.9,51902.5,41990,81006.9,433.84,163.24,15.972
96893.9,69264,91678.8,54607,44788,79903.6,294.06,156.88,16.056
123951,85986,94472,74170.4,55470,87629.9,1187.84,155.82,16.125
78326.8,59666,86032.7,37045.8,32906,73780.8,227.94,51.94,16.151
104114,76667,88998.4,40079.2,33727,77879.1,242.44,142.04,16.233
129751,89079,95458.9,71018.1,56935,81746.6,214.6,157.41,16.304
95228.1,67207,92860.4,47759.5,39567,79105.5,290.58,72.61,16.309
114014,81590,91579.9,54101.2,44030,80526.4,266.22,137.8,16.313
93553,68994,88864.1,38049.2,32042,77822.5,343.36,192.92,16.328
105140,75323,91478.8,50594.6,42006,78935.5,229.68,111.3,16.339
92366.3,68388,88514.4,37086.9,31056,78262.8,217.5,162.18,16.471
132273,88977,97425.9,72671.1,55909,85184.4,687.88,62.01,16.472
73084.4,51906,92275.7,70019.3,59438,77202.9,310.3,95.93,16.516
118542,80639,96340,68331.5,52834,84759.4,320.16,93.28,16.567
93927.2,67841,90735.9,55749.6,44805,81544.6,3183.04,122.43,16.574
71451.6,52459,89263.1,36094,30182,78373,456.46,160.59,16.577
168330,104148,105923,108461,72000,98723.8,181.54,50.35,16.581
94991.8,68633,90705.4,44313.2,36685,79163.4,298.7,162.18,16.642
115301,82721,91347.4,59532.4,48373,80654.8,245.92,155.82,16.648
83094,60938,89363.8,59901.8,48810,80428.7,211.12,69.96,16.651
106619,76733,91061,54756.1,44473,80689.3,180.38,115.54,16.733
107682,75575,93378.3,55148.7,42327,85388.2,249.98,128.79,16.745
93013.8,69862,87254.2,37483.7,32554,75460.1,213.44,26.5,16.807
97827.8,71224,90015.2,48148.1,41384,76247.7,404.84,107.06,16.853
106669,78876,88628.6,45342.7,37948,78306.5,177.48,173.31,16.911
76350.1,56498,88563.9,34299.5,29382,76504.3,245.34,126.67,16.948
90330.2,63584,93103.3,53346.7,43296,80749.4,184.44,114.48,16.993
144373,96999,97543.6,83287.4,64423,84726.3,850.86,170.13,17.002
112651,81791,90262.8,54802.5,45771,78467.5,250.56,128.26,17.02
96021.4,70578,89161.8,42191.5,36446,75867.4,232,161.12,17.025
90303.8,64774,91366.2,43145.6,35658,79297.5,172.26,28.09,17.03
67534.5,51759,85510.6,61103,49675,80612.9,291.16,103.88,17.035
100247,72282,90891.4,54212.6,43706,81290.4,403.1,174.9,17.079
91071.4,66417,89863.4,47708.5,39845,78469.6,328.28,156.88,17.104
91742,66812,89989.9,44169.9,36972,78294.9,189.08,172.78,17.144
106133,75514,92108.8,57323.7,48167,77994.6,240.7,72.61,17.166
126545,89731,92423.6,65761.6,52699,81780.5,1022.54,137.8,17.182
113298,77606,95676.5,49718.2,38102,85516,293.48,64.13,17.182
84157.3,61710,89375,48905.6,41091,77999.5,441.96,125.61,17.223
89253.8,65827,88859.2,47355.3,41419,74928.8,236.64,84.27,17.224
98603.3,70895,91149.8,53885.5,44011,80239.9,251.14,109.71,17.329
92781.5,68206,89149.5,58791.7,49214,78290.2,178.64,53.53,17.336
87948.3,64929,88770.5,55276.3,46065,78640.8,469.22,185.5,17.357
112626,81431,90641.6,76428.3,61911,80903.4,202.42,119.25,17.374
87473.1,62935,91088.2,48637.6,37899,84105.6,1156.52,181.26,17.392
90038.5,64803,91057,53128,42767,81413.2,353.22,130.38,17.472
71471.4,55326,84660.9,61634.3,53971,74841.4,1711.58,74.73,17.479
113263,82568,89899.5,56906.1,45948,81165.6,381.06,174.37,17.494
110553,76914,94199,65977.9,54738,78993.2,451.82,89.04,17.511
90957.2,65638,90815.9,46596,39226,77849.3,263.32,118.72,17.566
128889,87890,96107.6,78650.9,60922,84607.6,282.46,137.8,17.604
106943,77890,89981,44628.1,37578,77831.4,190.82,128.26,17.611
110144,80387,89795.7,55026.9,45947,78487,243.6,161.65,17.632
92820.4,60999,99724.2,58783,46755,82395.5,217.5,-12.72,17.644
82708.6,57450,94349.7,54618,41879,85471.2,220.4,147.87,17.708
99401.9,72984,89258,55362.2,46712,77672,233.16,131.44,17.713
84966.4,61982,89838.3,49268.7,42419,76118.5,259.84,168.01,17.736
174280,103682,110160,127608,85882,97376.9,255.78,150.52,17.748
74803.1,55607,88159.7,44385.7,38507,75541,273.18,173.84,17.762
71845,52066,90432,45113,37898,78012.7,891.46,168.01,17.786
97688.6,71711,89276.7,99510,83826,77797.9,380.48,144.69,17.796
116027,80793,94116.1,60286.4,48697,81132.9,175.16,172.25,17.806
118042,82568,93692.2,64077.2,52424,80103.9,543.46,135.15,17.808
78519.5,57238,89902.8,50831.8,42442,78490.9,236.64,192.39,17.812
87558.9,63870,89842.8,44209.3,37191,77903.3,294.06,135.68,17.867
97994.2,71006,90445.1,44412.9,36830,79029.2,184.44,82.15,17.867
92068.7,66843,90268.5,60713.8,48143,82648.4,310.88,135.68,17.905
138669,89735,101274,85893.4,64235,87633,384.54,128.26,17.933
118273,79143,97938.1,85983.8,65691,85781,257.52,189.21,17.956
118001,82390,93862.1,52702.9,41830,82570.8,214.02,128.79,17.987
82086.8,60999,88192.3,65964.6,53791,80367.6,309.14,181.26,18.013
97873.4,70150,91435.9,50414.8,39970,82661.5,318.42,118.72,18.039
104007,73365,92907.9,59815.4,47537,82463.4,556.22,175.96,18.193
82711.2,62150,87217.4,40035.7,35010,74943.6,178.64,78.44,18.211
74222.9,53563,90814.1,50481.5,39110,84591,218.08,126.67,18.222
81215,58339,91234.1,39115.2,32615,78597.4,200.68,138.33,18.357
106766,77114,90736.2,60422.1,52227,75819.4,570.72,161.12,18.473
82013.6,60328,89093.7,37336.9,31516,77640.3,1577.02,140.45,18.482
126339,86446,95779.6,89059.6,69559,83908.8,237.22,159,18.487
90877.4,65786,90532,45280.6,37447,79245.6,800.4,148.93,18.5
140638,93547,98526.5,83669.1,61334,89401.2,347.42,122.43,18.61
123915,86887,93465,119385,92135,84919,618.86,182.32,18.612
77976.4,56327,90724.9,53157,43187,80665.4,479.66,183.38,18.727
85870.6,59639,94361.4,59383.9,46939,82911.5,442.54,188.15,18.736
104875,75811,90661.1,56314.5,47887,77069.5,430.94,174.37,18.759
111486,77439,94349.6,56048.3,44690,82192.5,242.44,136.21,18.787
101888,69980,95417.9,55772.2,41980,87067.4,233.74,85.86,18.813
113069,78489,94408.9,65432.1,53316,80429.1,220.98,162.71,18.902
75146.3,56002,87939.5,40746.7,34758,76827.7,243.02,195.04,18.908
89094.7,67081,87042.7,39530.5,35037,73941,245.34,161.12,18.919
123817,88133,92070.5,69422.5,55445,82057.4,193.72,163.77,18.955
97047.7,68539,92795.6,46094.9,38326,78820.6,309.14,147.87,19.04
76097.3,53042,94022,92144,73254,82435.8,182.12,-5.3,19.089
128115,91538,91723.2,52160.6,42574,80293,261.58,113.42,19.1
112936,79430,93181,52635,42134,81869.4,274.92,42.4,19.12
88004.4,63484,90849,56968.8,48407,77127.4,240.7,63.07,19.155
88935.7,63763,91408.6,70028.6,59039,77735,484.3,-47.17,19.161
113313,74860,99199.4,71879.4,46860,100527,321.9,143.1,19.189
86343.8,62761,90161.6,74060.2,62121,78131.5,218.08,39.22,19.197
122853,86754,92806.1,57819,45518,83246.8,227.94,9.54,19.208
118469,85906,90377.9,57914.7,49090,77317.2,200.68,177.02,19.245
81380.6,60874,87613.1,42212.4,36179,76465.1,173.42,27.56,19.301
179053,123206,95242.1,98481.7,76254,84639.4,319,130.38,19.325
96445.1,66980,94365.9,55591.8,46272,78735.9,3046.16,188.15,19.458
92930,66358,91778.8,41343.6,31886,84974.3,884.5,88.51,19.505
98602.7,69130,93476.4,56399.8,45479,81273,534.76,137.27,19.511
120185,85902,91691.3,72745.3,58350,81704.2,486.62,143.1,19.533
102037,74295,90007.1,54310,45967,77430.8,214.6,119.25,19.548
110321,79073,91434.4,57882.3,46193,82120.1,255.2,157.41,19.557
97095.2,70464,90304.8,46438.3,37676,80777.7,476.18,95.93,19.601
130318,87947,97109.6,94614.2,72751,85231,346.26,147.87,19.617
84812,62495,88938.9,39409.3,34674,74485.9,671.06,3.18,19.631
88622.8,62796,92489.7,54850,44892,80073.3,374.68,187.09,19.658
100494,71733,91812.6,59869.9,47893,81925,812.58,191.33,19.662
105741,77118,89860.4,55538.5,45875,79341,232,57.24,19.68
101895,71346,93597.1,53495.1,42922,81679.7,733.12,83.21,19.684
107076,75473,92977.9,58321.9,47045,81245.3,272.02,109.18,19.702
114303,82530,90766.3,49650.9,41214,78951.9,683.82,121.9,19.706
135525,85370,104039,92349.9,63242,95699.8,295.8,195.04,19.71
144354,97402,97127.1,81798,62039,86408.8,218.66,95.93,19.738
98375,68779,93736.5,61410.4,49275,81676.1,245.92,161.65,19.81
80933.2,59014,89877.6,59767.8,49278,79486.7,309.72,182.85,19.834
62348.9,44438,91950.5,33243.3,25082,86860.4,281.88,167.48,19.841
76228.7,53064,94145.2,84235.1,66204,83385.2,429.78,91.69,19.87
84018.7,62022,88778.9,42773.3,35342,79316.1,393.24,38.69,19.895
114436,81538,91977.8,59341,45662,85168.6,488.36,92.22,19.898
81704.7,58695,91227.5,69082.1,57547,78672.4,1900.08,108.65,19.898
89985.1,65831,89581.8,43990.1,37415,77052.9,291.16,154.23,19.903
105389,76851,89872.7,79204.8,66095,78534.9,237.8,140.98,19.95
84695.2,62487,88827.8,56394,49171,75162.9,323.06,-6.36,20.003
129152,91390,92615.3,62922.5,49847,82726.9,226.78,65.19,20.016
104057,73170,93200.4,61495.1,49586,81275.8,665.26,138.86,20.017
109919,76499,94166.7,60492.3,48911,81053.8,342.2,170.13,20.099
111578,75126,97335.1,57694.9,44506,84957,302.18,164.83,20.101
107779,79020,89387.8,47279.3,38869,79716.4,335.82,143.1,20.115
101028,72554,91255.3,41754.8,35811,76413.4,213.44,161.65,20.222
71798.1,54639,86117.2,37330,31250,78286.6,359.02,146.81,20.252
96082.8,69070,91166.7,65623.5,53930,79746,300.44,64.13,20.262
91854.2,64186,93786.1,52031.2,41559,82050,343.36,134.62,20.385
91492.5,68403,87657.8,39485.2,33787,76588.8,291.16,103.88,20.438
108592,78434,90735.1,45020.8,37322,79054.7,192.56,159.53,20.463
103977,75510,90242.9,47859.3,40534,77379.6,241.86,197.16,20.467
106467,76140,91639,62920.7,50984,80879.7,285.94,18.55,20.475
78307,59146,86767.1,37740.6,32522,76052.1,197.2,189.74,20.497
132705,91670,94872.3,66811.4,53590,81704.6,270.86,126.14,20.515
154262,102533,98599.5,83052.5,64161,84832.4,337.56,107.06,20.528
82033.4,60494,88870.6,48131.3,40963,77004.4,759.22,172.25,20.534
120616,81601,96869.7,85557.5,58529,95800.4,621.18,71.55,20.539
131376,92355,93225.4,65676.3,51755,83164.2,280.14,137.8,20.565
77398.9,58467,86756.8,43781.3,39107,73369.2,236.64,106,20.577
95418.8,69771,89627.1,60215,47862,82450.6,313.78,125.61,20.617
80212.4,58874,89289,41850.5,34759,78906.6,198.94,98.05,20.632
156769,105094,97760.3,105589,76738,90175.4,370.04,142.04,20.657
79177.6,57970,89511.5,37700,32314,76459.3,656.56,40.81,20.69
131698,88652,97357.6,81713.3,58700,91229.4,752.26,139.39,20.738
108256,77289,91793.9,64490.8,52137,81064.6,247.66,108.65,20.758
102124,74180,90223.6,48300.7,41294,76656,388.6,181.26,20.884
151760,104495,95179.4,104223,81698,83604.6,335.24,197.16,20.939
80696.9,59882,88316.2,34105.7,29950,74629.5,236.06,127.2,20.943
138239,96901,93493.7,75226,57365,85941.1,277.24,174.37,20.972
109978,78315,92032.2,69162.1,55419,81788,185.02,125.08,20.973
111778,78396,93441.7,47547.8,38924,80055.9,183.86,81.62,20.99
141522,96106,96505.7,79225.1,61059,85034.1,282.46,159.53,21.034
86000.6,61791,91212.9,57797,48882,77488.3,452.98,192.92,21.072
91741.3,66213,90803.3,44745.8,36833,79615.1,288.26,28.09,21.137
138554,93949,96651,76321.6,58841,85005.6,267.96,191.33,21.175
96103.9,66631,94524.6,52037.6,40487,84232.9,401.94,69.96,21.195
132541,92738,93663.6,65759.2,52106,82708.3,227.94,117.66,21.196
104782,76376,89910.6,53014.3,42844,81093,357.28,109.71,21.233
93871.1,67281,91436.5,42314.5,34577,80201.3,2195.88,170.13,21.278
112098,78422,93678.8,60677.3,50086,79394.4,412.96,189.74,21.332
141711,93643,99176.1,84968.8,62854,88594.5,182.7,133.56,21.355
69066.4,52275,86587,45419.2,38787,76742,470.96,184.44,21.38
120120,80187,98172.8,79415.3,60422,86136.9,218.08,99.11,21.382
89663.6,64784,90704.4,49781.4,41492,78629,180.38,54.06,21.407
75016.9,55743,88196,37967.4,33314,74690.2,306.82,192.92,21.412
123557,78235,103501,88616.5,63526,91420.3,293.48,154.23,21.433
83571.2,61335,89295.2,64517.5,51047,82829.9,230.26,57.77,21.444
96352.7,68999,91516.9,56899.7,46063,80953.9,214.6,101.76,21.45
105475,74629,92623.9,66429.1,51717,84179.3,211.7,54.06,21.494
97843.7,68629,93434,53909.8,43201,81781.3,315.52,116.07,21.53
104212,76150,89686.7,44971.5,36414,80937.3,223.88,181.79,21.641
100814,75038,88047.7,56116.7,48183,76327.1,667.58,198.75,21.66
101470,70313,94576,53219.1,43305,80539.5,457.04,162.71,21.67
103780,71491,95135.8,69047.8,54771,82618.9,251.72,101.23,21.678
143673,92457,101840,86901.4,66445,85712.5,353.8,194.51,21.739
125554,82966,99176.7,63787.8,49538,84387.7,197.2,101.23,21.758
79543.9,56774,91820,44074.2,36222,79742.9,193.14,100.7,21.768
121288,82677,96142.1,54674.3,43265,82818.3,285.94,170.66,21.787
81684.9,59631,89773.8,47953.2,40738,77143.3,305.66,146.81,21.847
129427,86667,97870.1,84647.5,62966,88102.5,455.3,141.51,21.889
123673,84178,96284.3,88914.6,66838,87182.5,504.02,140.98,21.924
174396,115739,98750.1,87080,66219,86181.9,302.18,145.75,21.932
99232.3,75057,86644.7,52524.8,45157,76228.8,222.14,150.52,21.961
77005.5,56187,89818.5,51995.8,41990,81152.6,361.92,123.49,21.975
84653.6,62095,89344.7,53050.9,43282,80327.6,309.72,181.79,21.992
93638.2,66591,92154.7,41470.6,33131,82032.4,240.7,136.74,21.999
99615.1,74094,88109.4,47530.4,40675,76581.5,373.52,106.53,22.027
99297.7,71983,90404.3,39691.1,32802,79300,228.52,140.45,22.029
102293,73035,91789.6,55169.6,45750,79029.4,219.82,147.87,22.14
110347,76811,94149.1,66917.5,51675,84867.1,740.66,162.18,22.145
98965.7,73829,87849.2,32592.5,28965,73743.6,258.68,111.3,22.15
95855.8,69210,90767.3,52282.4,42698,80246.8,293.48,21.2,22.162
101177,73471,90250,51444.8,43794,76985.2,220.98,118.19,22.166
80810.4,59062,89668.3,39854.7,34058,76690.3,260.42,161.65,22.227
106834,76346,91707.3,51622.3,42147,80269.5,266.8,30.21,22.248
97807.4,71808,89264.5,42760.5,36436,76911.6,181.54,89.57,22.263
118453,82874,93671.4,64634,52643,80463.8,408.9,191.33,22.367
93149.1,64802,94204.2,53705.7,43390,81116.7,330.02,132.5,22.398
104008,74194,91871,51576.5,41590,81272.4,219.82,33.39,22.42
108719,77295,92179.6,64663.6,52674,80453.3,272.02,159,22.442
119986,82738,95039.8,74010.3,58402,83050.9,185.6,107.06,22.509
88475,65726,88219.2,33264.2,28739,75855.1,320.16,67.31,22.651
91295.2,65197,91769.9,45410.5,36765,80947.2,265.64,14.84,22.743
108651,80130,88862.1,51474.4,44058,76567.9,198.94,7.42,22.751
106618,74243,94114.5,67369.9,54931,80376.4,352.06,168.54,22.825
95719.1,68402,91708.6,48127.8,40394,78083.5,804.46,165.89,22.842
97331.5,69222,92148.7,52885.6,40602,85363,190.24,134.09,22.879
107697,78930,89421.8,68168,54446,82053,325.38,89.57,22.895
156472,103318,99252.4,96447.6,75134,84126.9,311.46,116.6,22.905
93280.4,68320,89479.3,50969.8,40708,82056.6,236.06,95.4,22.951
99353.8,69577,93583.4,50394.5,39629,83339.2,1445.36,116.07,22.953
129311,83090,101992,74370.5,54690,89119.5,335.24,155.29,22.981
126942,87862,94685.5,68157.5,54618,81782.1,199.52,98.58,23.047
90104.5,63688,92719,88733.6,64961,89519,326.54,117.66,23.211
88624.1,64198,90471.2,62100,50534,80535.6,329.44,91.69,23.311
126007,87022,94895.6,84204.4,65159,84691.6,247.08,192.39,23.344
75842.6,54097,91879.8,53524.1,43537,80569.6,247.66,100.17,23.548
88298.8,65492,88358.1,44504.6,37968,76818.7,254.04,113.95,23.605
115512,82299,91983.9,48857.5,39679,80695.6,338.72,188.15,23.647
111904,79087,92730.3,63481,51490,80798,313.2,176.49,23.655
95576.6,67712,92505.1,54049.6,43984,80533.7,424.56,112.89,23.675
178436,116594,100297,93652,65258,94051,375.26,176.49,23.688
71775,54634,86097.4,45851.9,38506,78038.5,303.92,180.73,23.734
90175.8,65227,90603,38090.3,31903,78246.2,245.92,143.63,23.737
87556.9,63239,90737.2,44360.1,38071,76362.2,268.54,179.67,23.853
149724,100369,97762.6,88146.7,68033,84911.4,361.92,95.4,23.855
123896,85302,95187,61652.3,49638,81398.2,282.46,99.11,23.862
84087.3,64565,85351.9,46311.8,41537,73069.6,301.02,128.26,23.883
129978,87594,97247.1,76665.6,55982,89749.4,538.82,134.62,23.901
120270,84275,93527.2,74164,60511,80322.8,209.38,119.78,23.912
100701,73390,89924.7,53966.7,42947,82351.8,343.36,126.67,23.987
73611.8,54327,88799.7,35590.5,29651,78663.8,591.02,185.5,24.104
141103,94826,97518.7,69543.7,53687,84892.4,277.82,187.09,24.143
75554.8,56999,86871,36382.8,32499,73367.9,1430.86,16.43,24.184
118688,82290,94523.8,61645.9,49262,82011,208.22,120.31,24.187
100792,72498,91112.8,47499.1,38726,80382.7,453.56,156.88,24.219
124957,86763,94385.8,63500.7,50431,82520.3,462.26,187.62,24.304
100308,73739,89149.5,44781.8,38294,76639.2,202.42,138.33,24.313
85958.4,59557,94587.9,44529.5,36101,80836.7,252.3,173.84,24.356
118923,81774,95308.1,62853.4,48663,84646.7,611.32,100.7,24.448
85888.4,61475,91562.2,43708.8,36419,78654,226.2,185.5,24.605
128336,86975,96701.4,78247.8,59010,86901.3,178.06,37.63,24.66
124551,84955,96081.3,75505,61190,80867.7,172.84,71.02,24.723
103882,74571,91295.7,48149.9,38582,81788.1,345.1,80.03,24.776
90400.2,66697,88826.6,42941.5,37209,75632.5,362.5,-7.42,24.799
99415.8,69043,94366,67582.2,53635,82577.9,615.38,164.83,24.833
100453,70350,93578.8,50687.9,38718,85796.9,1589.78,19.08,24.834
102855,72938,92417,59005.7,46174,83748.4,288.84,140.45,24.836
129827,89586,94974.2,57391,45310,83009.9,182.12,26.5,24.853
90057.7,64015,92197.4,47201.6,39698,77923.4,202.42,99.11,24.953
120310,85674,92030.7,59952.3,48519,80979.3,334.66,195.57,24.992
87854.6,65069,88485.1,40035.1,33197,79035.4,287.68,114.48,25.005
93421,67531,90661.2,53911.6,45023,78474.3,217.5,101.23,25.059
109512,79862,89867.1,50642.1,40154,82653.8,174.58,-14.84,25.143
66889.7,49643,88304.1,40380.2,34678,76312.2,187.92,72.08,25.248
128535,84811,99322.9,83526.4,63254,86539.7,174.58,98.05,25.256
99236.3,73478,88510.2,38168.1,33906,73774,265.06,62.54,25.27
124177,88675,91774.1,69376.7,56423,80581.9,308.56,196.63,25.288
127123,89318,93275.2,74415.7,58750,83011.2,639.74,157.94,25.297
108829,74954,95154.9,52364.7,40394,84957.5,388.02,121.37,25.3
115679,83138,91187.3,59520.2,48018,81234.4,283.04,139.39,25.331
107329,77674,90556.5,45904.1,37902,79372.4,454.14,164.3,25.345
102594,73383,91623.1,45342.1,36927,80470.6,204.16,-16.43,25.382
123347,87991,91869.6,79585.3,65103,80114.6,261,33.39,25.472
77337.5,56216,90159.2,55419,44780,81106.3,358.44,184.44,25.506
156770,104123,98672.4,63882.4,46790,89476.3,407.16,193.45,25.572
93974.8,67316,91489.9,43322.5,36112,78621.6,805.62,196.63,25.59
71829.8,54278,86728.3,34938.6,28478,80403.7,331.18,128.26,25.695
108631,76384,93203.6,77138.8,62592,80767,174.58,67.84,25.728
157025,101006,101883,93409,72131,84868.5,912.34,166.95,25.731
124007,84170,96553.5,63902.1,49534,84545.7,316.1,173.84,25.752
155751,104917,97289.5,83361.1,62657,87191.4,280.72,145.22,25.77
87007.8,62589,91104.6,43568.4,35609,80184.8,211.7,68.9,25.948
78643.6,58480,88132.5,43098.6,36244,77930.5,1038.78,193.98,25.983
147190,96613,99844.1,87696.6,64929,88516.4,738.92,86.39,25.988
121150,79363,100042,95190.8,68707,90797.5,246.5,78.44,25.994
89182.5,64543,90554.6,49614.9,40082,81122.8,429.2,87.98,26.016
97206.8,71950,88541.3,42395.1,36970,75153,200.68,90.63,26.025
85513.6,61471,91168.5,63093.6,51026,81035.2,544.04,170.13,26.029
100663,71683,92030.5,51725.6,42843,79123.5,815.48,191.33,26.04
89119.8,64238,90920.6,44472.1,36803,79192.5,289.42,187.09,26.069
91169.8,63116,94665.4,59640.2,45244,86389,4612.74,184.97,26.084
81262.5,59285,89830.8,60474.3,50981,77739.6,391.5,59.36,26.109
88729.1,64630,89972.9,53865.2,45602,77411.3,540.56,177.02,26.143
81406.4,55682,95812.8,52125.8,36850,92703.2,298.7,134.09,26.18
142924,90669,103306,128720,95792,88063.6,509.82,174.37,26.195
95541.6,68995,90751.7,53809.5,43659,80772.8,221.56,76.85,26.227
98639.6,67299,96055.6,41957.2,32867,83661.6,182.7,33.92,26.256
97376.4,74358,85823.5,46709.1,39778,76955.4,682.66,-21.2,26.343
96087.4,68934,91350.9,51335.8,42290,79554.1,421.66,123.49,26.349
124645,91266,89504.7,52717.9,42794,80733.8,272.6,117.13,26.372
165344,113477,95490.5,59314.9,42325,91843.1,245.92,141.51,26.373
74672.4,54983,89004.4,32212,27499,76768.2,531.86,175.96,26.383
80677.1,60115,87952.3,37730.2,32507,76066.2,221.56,108.12,26.399
98090.5,72022,89256.9,41931.1,35498,77412.7,218.08,102.29,26.456
114021,80327,93025.7,52056.2,40295,84664.4,327.12,191.86,26.467
83635.9,60904,89996.7,40669,33864,78705.6,201.84,125.61,26.485
127177,85306,97703,75756.7,56839,87348.3,356.12,177.55,26.487
172133,114952,98135.6,105555,79080,87476.5,410.06,179.14,26.543
112534,79542,92718.6,52017.3,42610,80004.8,404.26,149.46,26.559
88213.6,64574,89527.8,43929.8,37367,77046.1,310.88,143.1,26.613
89219.5,64528,90613.2,71039,58512,79566.8,370.04,98.58,26.619
160496,106431,98827.2,64715.2,48239,87920.1,533.6,102.29,26.619
167095,103422,105884,162140,104771,101421,523.74,178.08,26.636
96806.2,69042,91890.3,43581.8,35946,79457.4,513.3,124.55,26.654
114133,83191,89911.5,54140.7,45347,78244.7,205.32,100.17,26.686
83573.8,59104,92668.8,81331.1,57792,92229.3,408.9,155.82,26.754
85890.4,63031,89303.9,38688.3,33775,75069.7,268.54,144.69,26.766
98520.8,66794,96665.3,67817.7,52803,84171.3,198.94,100.17,26.778
130240,89495,95372.9,69297.2,55423,81941.9,241.86,114.48,26.792
133901,92451,94919.1,62426,48795,83843.6,288.26,55.12,26.911
103637,72751,93359.1,61465.5,51083,78856,921.62,137.27,26.963
100107,71520,91731,50288.9,41056,80274.1,211.7,119.78,26.977
88015.6,63554,90760.5,43560.3,35770,79809,222.14,-87.98,26.98
103367,71067,95322.4,57096.9,45035,83088.8,503.44,147.87,27.023
76638.5,57557,87262.8,57892.7,49669,76386.8,518.52,135.15,27.033
78032.5,56554,90425.7,59948.8,48743,80602.4,392.08,149.99,27.073
83816,59441,92410.4,51744.1,41381,81948.3,481.4,178.08,27.198
119754,83714,93750.4,53018.4,42258,82223.8,193.72,37.1,27.209
133721,92624,94614.3,59827,46340,84609.9,1085.76,154.23,27.225
88201.1,61923,93347.3,36124.7,29247,80947.4,528.38,111.83,27.327
110951,78467,92666.5,53491.1,44675,78468.8,322.48,136.74,27.405
90325,64739,91437,43611.4,36331,78668.7,219.24,175.43,27.439
69893.3,52067,87973.8,70761.2,59423,78040.5,267.38,15.37,27.509
106422,73950,94313.7,70714.2,55514,83480.3,220.4,111.83,27.512
96646.4,68287,92753,58668.7,47387,81138.6,262.74,172.25,27.53
78954.5,56567,91473.1,48765.8,39247,81430.9,323.06,174.37,27.654
80363.6,57956,90874.2,40734.6,34464,77460,296.38,91.69,27.701
102413,73991,90710.1,51258.7,43023,78081.2,194.88,186.03,27.707
84868.1,64007,86895.4,42537.2,36551,76269.3,205.32,116.6,27.761
134050,91663,95841.3,92162,66315,91079.4,669.32,173.31,27.767
98805.3,67180,96387.4,48706.7,37196,85816.8,997.6,147.87,27.842
76247.2,58701,85125.2,44034.2,38889,74206.7,187.34,127.2,27.846
106749,73514,95164.3,109805,81511,88284.8,365.98,155.82,27.848
91592.2,64964,92398.6,64239.6,52800,79735,185.6,92.75,27.853
71981.6,54010,87342.8,34481.6,29646,76225.6,481.98,110.77,27.868
137712,89518,100818,96321.2,71043,88854.7,196.62,16.96,27.951
97251.7,70693,90157.2,49721.1,41733,78080.2,254.04,24.38,27.989
139517,96163,95082.4,83745.6,66747,82226.2,542.3,195.04,28.071
73702.9,55631,86825.5,29888.6,25634,76413.2,557.38,156.88,28.077
134281,90834,96882.6,69810,53958,84789.4,440.22,171.72,28.12
95163.4,68867,90560.5,49078.4,40675,79075.7,388.02,166.95,28.145
114527,76062,98677.5,58277.8,44606,85622.9,241.86,134.62,28.149
87954.9,63593,90642.3,51598.5,42665,79258.5,214.6,107.06,28.25
85018.6,61916,89989.3,41715.9,34849,78449.7,239.54,180.73,28.311
100199,72286,90842.1,48728.7,39530,80786.3,309.14,163.77,28.456
107485,73774,95482.6,58336.4,46775,81734.6,2442.96,187.62,28.503
95317.9,66206,94353.3,72890.9,58307,81928.1,196.04,16.96,28.51
147494,93400,103492,113518,83704,88878.5,2314.78,150.52,28.518
96911.8,70954,89511.6,43476.2,37571,75836.6,195.46,33.92,28.555
81242.7,60927,87388.5,46581.5,40834,74760.4,284.2,119.78,28.586
104178,74131,92099.6,50834.1,42271,78812,321.32,108.12,28.671
80280.4,57414,91637.2,46307.8,34938,86863.2,4479.34,193.45,28.733
94887.5,69480,89501.3,48951.4,39665,80879.4,505.18,124.55,28.841
95441.9,67536,92615.5,43639.2,34116,83829.8,256.36,145.22,28.864
68554.9,51663,86963.8,40623.8,34866,76358.6,193.72,183.38,28.974
68966.7,48171,93828.3,64789.5,51334,82714.1,258.1,155.29,28.996
118414,80626,96251.5,67147.2,51386,85637.3,451.82,154.76,29.025
146410,104408,91900.2,44451.8,36456,79909.8,320.16,122.96,29.043
