"FSC-A","FSC-H","FSC-W","SSC-A","SSC-H","SSC-W","530_30 Blue B-A","582_15 YG D-A","Time"
73445.1,46796,102857,48310,40772,77652.4,382.32,47.46,0.108
76806.4,48152,104535,56421.4,48026,76992.3,332.1,82.32,0.127
79279.4,50501,102882,57029.9,49495,75513,469.26,-19.32,0.13
57712.6,36996,102234,42691.3,37367,74874,1493.1,68.04,0.284
72242.6,48137,98354.5,52927,46465,74650.3,453.06,82.74,0.302
77239,46193,109582,37190.3,29698,82069.7,768.96,25.62,0.319
81495,48584,109930,85150.4,68433,81545.7,306.72,74.76,0.344
40435.2,29056,91201.9,24443.1,22066,72596,379.08,28.56,0.476
84767.4,53429,103976,60820.7,49927,79835.5,1082.16,59.22,0.477
57705,37327,101314,45037.1,38959,75760.4,403.92,16.38,0.486
90671.4,54266,109502,50490.5,42920,77095.7,997.38,99.96,0.582
58892.2,36579,105513,57870.7,49739,76250.3,18034.9,143.22,0.588
55747.2,35673,102415,39811,33840,77099.6,446.04,14.7,0.624
116355,65941,115640,66058.7,49631,87228.3,686.88,-30.66,0.625
69178.9,43486,104257,41752.8,35936,76144,1149.12,102.48,0.762
113028,62162,119163,73220.2,56713,84611.3,638.28,69.3,0.769
73213.4,47260,101526,50065.6,43106,76116.9,2345.22,68.88,0.795
88281.6,52765,109649,55157.8,44763,80754.6,891,24.36,0.839
75381.1,46748,105677,52206.1,45262,75590.6,420.66,96.18,0.874
117026,64063,119717,54618.8,43071,83107,312.66,14.7,0.88
70026.2,42113,108974,37761.1,31497,78569.8,528.66,18.06,0.903
79872,49361,106045,46444.3,39974,76143.9,572.94,56.7,1.028
63353.6,41088,101050,50885.8,44323,75239.8,953.1,11.34,1.038
52655.4,34353,100452,70640.6,62158,74479.6,684.18,78.12,1.082
56609.9,36125,102699,44590.5,38179,76541.6,385.02,101.22,1.113
88604.2,52444,110723,66727.8,53714,81414,383.94,72.24,1.136
86739.2,52184,108933,74508.1,61582,79292.1,567,73.5,1.162
104329,61408,111342,64791.4,52740,80511.3,430.92,96.6,1.175
114303,61786,121240,93694.9,70222,87442.5,479.52,47.88,1.224
65148.2,39211,108887,64539.2,51407,82277.5,419.04,84,1.246
73759.4,46756,103386,42946.2,37218,75622.6,1628.64,56.7,1.25
60814.1,39240,101568,32337.4,28759,73690.4,412.56,29.4,1.265
57662.1,37015,102092,65193.7,54537,78341.9,436.86,68.46,1.275
43222.4,29672,95464.5,64220.6,56926,73933.9,414.72,53.76,1.323
75593,46532,106466,58586.2,51011,75268.2,395.28,-7.98,1.392
64064.6,41817,100403,45408.1,40339,73771.4,925.02,32.76,1.459
63653.8,39850,104683,52078.1,43472,78510.1,426.6,62.16,1.474
60455.7,39200,101072,33284,29250,74574.3,504.36,24.36,1.528
119850,66125,118782,71804.3,58255,80778.8,540,41.58,1.676
98719.4,56088,115349,76011.5,59983,83048.4,460.62,91.56,1.722
62267.5,35804,113975,76729.1,58351,86177.1,1314.9,57.96,1.738
71964.8,45301,104110,47779.7,41871,74784.3,428.22,101.64,1.753
80440.3,46896,112413,77170.3,64651,78226.7,575.1,53.76,1.8
60315.5,38966,101443,46359,40349,75297.6,535.68,21.84,1.806
106423,57097,122152,48094,38371,82142.5,468.18,48.3,1.865
104153,58973,115744,63356,50983,81440.9,1159.92,71.82,1.871
78184.3,48901,104781,44844.3,38526,76284,345.6,40.74,1.913
59568.6,39246,99472.3,33975.7,30167,73810.2,379.08,49.14,2.043
81094.4,50026,106237,37510,31321,78485.9,333.18,62.58,2.089
102773,55075,122294,61095.6,46052,86944.4,797.04,81.48,2.1
64450.6,35581,118710,67909.3,52526,84729.6,714.42,95.76,2.111
72511.4,45720,103939,43596.4,37435,76322.5,356.94,49.98,2.143
90692.5,54702,108655,65263.9,54975,77801.4,710.64,87.78,2.186
72652.2,45740,104096,41069.2,34086,78962.3,400.14,101.64,2.198
90283.5,47333,125004,118422,82510,94060.2,326.7,67.62,2.204
75285.8,48486,101760,50629.3,43999,75411.8,31889.7,134.82,2.225
130143,68196,125066,77558.6,57938,87729.6,1201.5,2.52,2.247
105475,59560,116058,68956.9,57214,78987,485.46,84.84,2.257
101151,58585,113153,65348.6,50190,85329.5,639.36,62.58,2.435
60751.4,39266,101396,43170.3,37131,76195.3,3883.68,101.64,2.51
54825,36012,99772.5,38754.2,34114,74450.2,545.94,74.34,2.525
82979.8,49856,109077,51367,42911,78450.4,1419.12,73.92,2.559
102883,57517,117227,60241.9,46227,85404.9,619.38,90.72,2.559
88906.2,49885,116800,103146,81752,82686.8,502.74,101.64,2.573
74781.4,46313,105821,52991.3,43126,80527.7,307.26,46.2,2.581
63216.6,40192,103079,43267,37611,75391.3,469.26,36.54,2.613
68526.7,44045,101963,46207.3,39211,77229.3,1274.4,87.36,2.667
79224.3,48191,107739,54696.1,45546,78702,590.22,88.62,2.766
67642.9,43528,101843,45919.4,39423,76335.6,777.06,-21.84,2.782
55545,35885,101441,52547.9,44862,76763.9,483.84,91.14,2.788
115967,61503,123572,79766.1,59386,88026.7,574.56,99.54,2.827
114949,59488,126636,76957.6,57055,88397,402.84,63.42,2.876
73865.6,46389,104354,47284.6,40110,77258.6,524.34,95.34,2.878
58346.2,36596,104486,56911.1,47291,78867.6,358.02,73.5,2.903
68403.8,45651,98199.7,53036.6,44749,77673.5,579.42,60.48,2.958
113979,63412,117797,68677.2,53835,83604.1,691.74,70.14,2.968
87694.1,52109,110290,50708.2,42465,78257.6,771.66,75.18,3.007
59503.4,38181,102135,51915.1,45086,75462.6,461.7,79.8,3.01
70006.4,42137,108881,117308,91730,83810.1,357.48,67.62,3.101
106746,59436,117701,61641.5,49119,82243.9,404.46,97.44,3.176
57915.5,37953,100007,36358.7,31586,75438.7,994.68,81.48,3.179
92184.3,52289,115538,56795,44370,83888.2,542.16,68.04,3.188
71847,44307,106271,71431.2,59888,78167.8,673.92,66.78,3.206
116066,63709,119394,67174.4,53638,82075,543.24,94.92,3.417
80409,47585,110742,76779.9,61147,82291,589.68,53.76,3.423
65207,42485,100586,38214.2,34511,72568.3,351,19.32,3.426
73219.8,46748,102647,38221.7,33845,74010.9,369.36,63.84,3.444
103414,51333,132027,120760,87184,90775.2,2821.5,8.82,3.508
94151.7,55481,111215,69251.8,58398,77716.4,483.3,98.7,3.531
100584,59537,110719,47176.6,38822,79639.5,891,71.4,3.535
67850.2,44320,100330,35764.2,31225,75063,1228.5,28.14,3.605
82343.7,51773,104233,56759.4,49223,75570,516.24,63,3.612
137981,69692,129752,65317.9,47142,90803.8,1442.88,97.02,3.625
71585.3,45709,102637,59557.7,49937,78161.9,372.06,81.06,3.676
77694.7,47149,107994,55222,45483,79568.9,315.36,98.7,3.679
98556.2,57944,111469,58389.1,48648,78658.7,1043.28,39.48,3.731
82087.7,50221,107120,57481.4,48402,77829.4,444.42,102.48,3.784
61627.5,40595,99490.6,40822.9,35583,75186.8,445.5,94.5,3.797
129564,65777,129089,119798,87094,90145.3,980.1,13.02,3.849
101807,56963,117129,50142.2,40779,80583.7,333.18,43.68,3.864
66291.2,42156,103057,45070.6,38223,77276.6,302.4,95.34,3.874
79454.1,46364,112309,46649.5,37487,81554.2,330.48,47.46,3.917
69497.6,43233,105350,39732.1,34774,74880.2,480.6,56.28,3.92
82197.1,51100,105418,61084.3,50754,78874.9,697.68,97.44,3.975
130553,69902,122399,99978.3,76626,85508.5,648,47.04,4.005
64782.7,42659,99524.1,45981,40919,73643.3,397.44,69.72,4.009
50234.9,32857,100198,43656.3,38199,74898.8,818.64,100.38,4.069
82173.4,49600,108575,51921.5,45030,75565.9,401.76,67.2,4.079
51868.8,34151,99536.6,67540.5,56177,78792.6,430.38,87.78,4.081
68893.4,42562,106081,55706.4,47278,77219.3,828.36,89.88,4.109
80624.6,46724,113086,67294.3,53219,82868.9,400.14,46.2,4.196
87529,47103,121782,51970.7,38968,87403.8,767.34,-60.48,4.208
72757.8,45211,105467,52381.6,45516,75421.4,326.16,-16.8,4.213
58041,36965,102902,41583.8,36174,75336.8,1016.28,95.76,4.316
91751.7,53720,111933,61243.6,52690,76174.9,481.68,89.04,4.326
52366.7,34553,99322.9,48084.3,41635,75687.6,2465.1,26.04,4.345
62474.9,40425,101283,51388,43593,77254.7,409.32,71.82,4.396
76040.3,47398,105139,47929.9,40614,77341.1,861.84,97.44,4.426
60567.7,39729,99911,46589,41289,73948.5,439.02,21.84,4.449
95878.4,53410,117646,83808,65398,83984.8,683.1,46.2,4.458
74540.8,43448,112436,55048.1,44494,81081.4,676.08,73.5,4.491
55134.1,36165,99910.6,56209.7,48541,75889.6,1610.82,96.18,4.517
64975.4,40176,105989,49278.8,42158,76605.5,348.84,61.32,4.544
65088.6,42569,100206,56243.7,50034,73669.6,1177.2,84.84,4.57
89908.5,52068,113164,67335.3,54750,80600.7,309.96,63.42,4.615
106246,56536,123159,88202.5,65295,88528.1,372.06,76.02,4.62
88074.2,54008,106874,66524.8,56010,77839.1,401.22,31.92,4.788
74291.8,40287,120853,32833.1,25072,85822.8,1400.22,-5.04,4.83
70741.1,45708,101428,53273.7,45751,76311.9,604.8,-8.4,4.838
85934.1,49339,114144,51114.2,41691,80348.8,5316.84,39.48,4.847
129050,72617,116466,77262.1,61942,81745,13767.3,120.12,4.928
69497.6,44660,101984,40756.5,35374,75507.9,746.28,95.76,4.968
50964.5,34026,98160.5,43375,39067,72762.7,664.2,64.26,4.978
60577.9,40660,97639.8,41379.1,37679,71971.7,731.7,71.4,4.992
124562,67753,120486,79981.6,63235,82891.9,527.04,84.84,5.008
79668.5,49585,105297,49721,44046,73979.9,502.2,80.22,5.02
79093.8,45276,114486,50285.3,38098,86500.6,359.1,49.56,5.022
64906.9,40028,106269,43421.4,36328,78332.5,558.9,97.86,5.14
54595.8,35795,99957.9,34778.2,30707,74224.8,570.78,66.78,5.166
116198,66435,114625,136367,103757,86133.3,481.68,99.12,5.185
72577.9,44144,107749,77504,63223,80339.5,475.2,70.56,5.304
94140.8,55221,111726,74480,59994,81360.2,598.86,32.76,5.381
96714.9,55056,115125,103508,80687,84072,669.6,102.06,5.414
84512,50861,108896,69746.4,58827,77700.7,1629.18,91.56,5.444
89287,54093,108175,61092.9,50187,79777.3,437.94,81.06,5.495
62339.2,41289,98947.9,46645.2,40178,76084.9,339.66,63,5.596
97891.8,58009,110594,48291.1,40647,77860.8,356.4,60.48,5.72
67084.2,41588,105714,46232.6,38699,78294.1,601.56,69.3,5.721
70273.3,45853,100439,42525.5,37431,74455.8,800.28,89.04,5.735
67867.5,39614,112278,60806.7,47396,84079.4,462.78,57.54,5.761
86880.6,49093,115980,50231.3,39241,83890.9,321.3,91.98,5.885
114322,61220,122382,73132.2,54638,87719,1375.92,76.86,5.921
89134.1,53145,109916,60720.8,49440,80489.5,399.06,57.96,5.952
126298,64037,129254,87146.3,61028,93583.6,562.14,85.68,5.991
55250.6,34913,103712,52316.3,44736,76640.7,961.2,68.88,6.008
89813.8,46785,125810,139456,92074,99261.4,373.68,95.34,6.051
54171.5,36787,96506.5,76488.3,68442,73240.7,590.76,13.02,6.103
90178.6,53801,109848,54146.9,43057,82415.6,323.46,72.66,6.136
72247.7,45609,103813,43915,38009,75719.2,332.1,39.48,6.201
51635.8,34020,99471.1,38716.9,33358,76064.3,304.02,84,6.263
77242.9,47942,105590,36312.3,31996,74376.9,378,11.34,6.336
71660.2,42434,110674,46930.3,39139,78582.1,343.44,18.9,6.401
59307.5,38009,102259,38702.3,34551,73410.2,3003.48,88.62,6.476
90501.8,53378,111116,61627.5,51323,78694.2,460.08,62.16,6.562
60046.1,39276,100193,43699,38255,74862.2,320.22,99.12,6.701
52340.5,34894,98303,41518.4,36813,73912.8,341.82,52.92,6.742
55312,37437,96827.4,35628.7,32051,72851.4,575.1,76.02,6.805
72513.3,46597,101986,46550.7,41192,74061.6,808.92,68.46,6.811
86346.2,49512,114291,61425,50526,79672.8,1119.96,61.32,6.901
64241.9,42065,100087,45321.1,39103,75957.5,570.24,71.82,6.964
73720.3,44765,107927,38885.4,32466,78494.2,1434.78,93.66,6.983
96683.5,47473,133471,119165,81423,95913.5,423.36,73.5,6.99
83449.6,50732,107801,57885.3,49579,76515.7,464.94,42,7.062
60562.6,39720,99925.2,34395.3,30159,74741.6,575.1,-30.66,7.092
88925.4,51297,113609,60018.8,50736,77526.7,678.24,68.88,7.122
45489.3,30376,98142.8,31327.6,25702,79880.3,1845.72,68.88,7.136
49482.2,30016,108038,67553.5,55039,80437.2,569.16,0.84,7.179
71380.5,45901,101915,52159.7,44299,77165.1,3924.18,99.54,7.287
70250.9,43406,106067,85754.2,69959,80332.6,1292.76,78.12,7.338
93217.3,54961,111153,53058.2,44119,78814.7,339.66,32.34,7.347
66243.2,40757,106517,51486.8,41063,82172.3,312.12,85.26,7.351
96085.8,55798,112855,83757.2,63137,86939.7,347.76,71.4,7.504
87319,52793,108396,72013.3,60401,78135.5,378.54,53.34,7.519
100029,57256,114495,65364.8,54898,78031.1,392.04,99.96,7.536
64623.4,41980,100885,47583.7,41958,74323.1,516.24,42.42,7.558
101592,61271,108664,71224.9,60167,77580.7,420.66,21.42,7.589
73313.3,44192,108722,57524,47762,78930.9,893.16,103.74,7.596
92713,57333,105978,50591,42007,78928,301.86,78.12,7.602
82361.6,49068,110003,60426,48373,81865.5,1667.52,73.08,7.715
69391.4,44672,101801,53656,44136,79671.9,3175.2,91.14,7.73
94792.3,53784,115505,83523.4,67800,80734.4,314.28,62.16,7.733
74156.8,46088,105449,58345.9,50185,76193.2,339.66,65.94,7.769
77605.1,49312,103138,49079.5,43059,74699.3,630.72,103.32,7.826
92023,55876,107932,73267.7,62477,76855.1,351,46.62,7.864
105465,59661,115850,62006.6,49283,82455.7,340.74,46.2,7.911
65158.4,41031,104073,42750.2,36599,76550.6,409.86,48.3,7.946
74081.9,46889,103543,42270.7,35567,77888.2,1356.48,99.54,7.978
73817,45769,105697,57521.3,44309,85077.9,574.02,92.4,8.007
85306.2,52229,107041,56979.7,47387,78802.7,486,102.48,8.034
78592.6,47633,108132,54139.3,44399,79913.4,943.92,79.38,8.068
95718.4,57184,109699,49655.2,42714,76185.8,576.72,85.68,8.079
45380.5,30813,96519.5,50677.4,42602,77958.6,983.34,84.84,8.155
103188,60452,111866,57433.3,48159,78156.7,1088.64,62.16,8.2
118308,62329,124396,87431.9,69415,82546.1,333.72,36.54,8.218
90944,54872,108618,73978.4,60006,80796,812.16,99.96,8.262
65863.7,42000,102772,40709,35135,75932.9,332.64,91.14,8.358
85614.1,53776,104337,47806.7,41044,76334.2,1222.02,85.26,8.39
89096.3,51388,113626,44984.7,36265,81293.7,717.66,100.38,8.544
108897,59894,119155,66019.3,51435,84118.6,332.64,75.6,8.566
115238,64428,117220,76327.9,58350,85728,545.4,57.54,8.688
97714.6,55620,115135,53773.2,43270,81444,2000.7,36.12,8.747
91335,52999,112940,67590.7,57277,77336.9,2222.1,75.6,8.781
99863.7,58325,112210,59901.1,49390,79483.3,932.04,98.28,8.954
61438.7,40141,100308,39334.7,35111,73419.6,969.84,95.76,8.996
122541,65416,122766,66287.2,51962,83603.3,514.62,28.98,9.057
79329.9,48944,106223,68159.3,57203,78088.4,797.04,63.84,9.25
65761.3,41660,103450,42522.8,37394,74524.7,453.06,99.96,9.35
69545,44548,102310,42342.5,36446,76138.9,382.86,17.22,9.487
69575,42772,106604,45235.8,37998,78019.2,408.24,70.14,9.53
67301.8,42934,102732,32684.6,28487,75192.8,621,88.62,9.599
98934.4,57068,113615,69635.7,57643,79170.9,406.08,79.8,9.614
74784.6,46860,104590,43203.8,37869,74768.4,298.62,76.02,9.616
76867.2,46933,107335,60768.9,52042,76525.7,530.28,83.16,9.656
89228.2,54416,107462,48555.2,40619,78340.5,321.3,91.14,9.684
59872,38015,103216,42866.8,36824,76290.5,1202.58,52.08,9.689
125456,69792,117806,67174.4,55497,79325.7,2773.98,99.54,9.728
72923.5,45313,105469,53971.4,46238,76497,949.32,88.2,9.765
67116.8,44122,99691,58698.5,52052,73904.3,318.06,63,9.768
79404.8,49721,104661,43189.7,37136,76219.4,629.1,61.32,9.813
56429.4,34529,107103,69387.8,56797,80064.1,3073.14,82.32,9.85
57258.2,36701,102245,76143.2,65522,76159.5,599.94,66.78,9.855
80846.1,48109,110132,64540.3,52818,80080.9,336.96,75.18,9.891
59702.4,37428,104538,51598.1,44074,76724,1222.02,59.22,9.959
68309.1,41953,106708,54035.6,45358,78074,933.12,87.36,10.062
83909.8,50483,108930,53606.3,44654,78674.8,354.78,76.02,10.121
104639,59189,115860,54463.9,44783,79703.1,682.02,78.96,10.241
66816.6,43002,101830,48702.1,41259,77358.6,1280.34,64.68,10.251
74913.9,45538,107812,45536.6,38748,77017.8,1764.72,72.24,10.271
81022.1,47221,112447,67386.6,49931,88447,705.24,70.98,10.278
109453,62272,115190,65748.8,52193,82557.3,721.98,94.92,10.279
87484.8,53473,107221,55916.5,46922,78098.6,364.5,96.6,10.341
64811.5,38643,109916,41487.7,35236,77163.6,675,85.26,10.421
92542.7,55161,109949,63269.1,53147,78017.6,373.68,45.36,10.46
40851.2,23881,112107,15505.6,10721,94783.4,846.18,47.04,10.466
71753,44673,105263,39180.2,33091,77595.6,470.88,88.62,10.491
77785,45906,111047,72634.9,60496,78686.2,619.38,76.86,10.513
57494.4,38213,98604,34536.8,30751,73604.2,860.22,17.22,10.534
98886.4,57056,113583,65621.9,53496,80391,469.8,91.56,10.621
81600,51695,103448,50038.6,42406,77331.7,567,33.18,10.626
60536.3,39275,101014,42604.9,37525,74407.9,343.98,52.92,10.725
84442.2,48913,113140,79248.2,63575,81692.7,557.28,33.6,10.787
63431,39665,104803,52152.7,42287,80825.7,471.42,63.84,10.89
65823.4,42541,101403,39655.4,35837,72518.9,446.04,49.98,10.895
120763,65072,121624,95835.4,73066,85958.9,382.86,102.48,11.018
65271.7,41249,103703,83929.5,72830,75523.9,514.62,60.48,11.068
71462.4,45808,102239,45526.9,39085,76337.4,751.68,58.8,11.136
107582,61621,114417,82611.4,64163,84379.1,762.48,100.38,11.155
98298.2,57110,112801,65692.1,54274,79323.4,404.46,100.8,11.184
76697,46297,108569,47830.5,40834,76764.9,384.48,65.94,11.266
91058.6,50914,117210,70786.4,54535,85065.8,431.46,89.88,11.444
72741.1,46300,102962,58271.9,49750,76762,372.6,99.12,11.471
102932,60248,111967,63848,51178,81760.5,467.1,-7.56,11.513
63562.2,40602,102596,50362.6,43111,76559.6,326.7,2.1,11.604
59376,38260,101706,33890.4,30414,73026.9,551.34,46.2,11.716
83149.4,51084,106673,64304.3,52955,79581.6,1292.22,41.16,11.747
89596.2,54492,107755,60519.4,48438,81882,560.52,96.6,11.777
79492.5,49047,106217,63031.5,52556,78598.7,682.56,15.96,11.813
84897.9,49179,113135,58325.4,47681,80166.4,491.4,78.12,11.837
80633,48829,108222,60724.6,49999,79594.6,1500.12,80.64,11.86
71042.6,44706,104144,56782.1,48386,76908,497.34,83.58,11.919
50718.7,32804,101326,49414.3,41550,77940.2,484.92,89.46,11.942
60010.2,38625,101821,42159.4,34195,80800.1,7906.14,55.44,11.991
97965.4,52292,122777,69070.3,52791,85745.5,1396.98,26.46,12.063
58490.2,38069,100691,73837.4,64358,75189,390.96,23.52,12.063
87405.4,52531,109044,43574.2,37248,76666.7,342.9,78.96,12.112
120992,68524,115716,65853.5,50882,84819.3,527.58,89.46,12.196
69254.4,43555,104205,45904.9,38839,77458.8,1706.94,23.94,12.205
47174.4,31017,99675.1,39582,35487,73098.5,544.86,31.08,12.303
57404.8,37313,100825,34803.5,30733,74216.2,673.92,55.86,12.322
82233,46833,115073,51929.1,39748,85620,320.22,91.56,12.391
57597.4,34080,110760,47902.3,38483,81577,386.64,52.5,12.406
64846.7,41758,101772,40658.2,35935,74149.9,520.02,93.66,12.429
60408.3,39772,99540.4,35256.6,31154,74166.3,671.76,89.88,12.473
91680,54368,110512,60841.8,50831,78442.9,334.26,91.98,12.49
94052.5,54947,112178,59053.9,47839,80899.6,922.86,85.26,12.645
60663,39028,101866,52650.5,44842,76948.1,395.82,79.38,12.705
81133.4,49196,108081,39833.1,33699,77465.3,338.04,97.02,12.71
53699.8,36938,95275.1,31841.6,28327,73667.3,411.48,76.44,12.713
91377.3,53214,112536,81469.8,64315,83016.5,626.4,99.96,12.769
70819.2,42559,109053,51822.2,41880,81094,530.82,23.1,12.816
135062,73440,120526,73816.4,59008,81982.6,370.44,94.08,12.961
100212,58986,111340,56495.3,46065,80375.1,526.5,96.18,13.002
85980.8,52362,107613,59331.4,49731,78187.5,312.66,57.54,13.058
74448.6,46260,105471,43514.8,36846,77397.5,360.72,68.88,13.085
72558.1,45851,103709,44000.8,39130,73693.8,440.1,102.06,13.103
61965.4,37173,109245,76906.8,64700,77900.5,522.18,71.4,13.193
43107.2,25667,110066,64269.7,51640,81564.3,1110.24,62.58,13.234
77267.8,48925,103502,37818.4,32663,75879.9,1341.9,73.92,13.58
57442.6,36361,103533,86202.9,70615,80002.7,425.52,73.08,13.605
103826,60320,112804,61294.3,50402,79698.9,407.16,87.78,13.681
70253.4,44497,103471,40824,34839,76794.4,316.98,68.46,13.704
73381.8,46449,103536,49912.7,42815,76400.4,382.32,93.66,13.738
74926.7,46297,106063,40336.9,34233,77221.4,389.34,50.82,13.754
82030.1,47977,112052,52135.4,43279,78946.9,709.02,92.82,13.792
63275.5,37255,111309,77218.4,58153,87021.9,921.78,4.62,13.795
50193.3,32561,101025,67028,57887,75884.9,594.54,78.12,13.833
68416.6,43295,103563,43168.7,37192,76067.5,327.78,39.06,13.844
77701.8,48227,105589,43244.8,37310,75960.7,1733.4,6.72,13.92
76115.2,47280,105505,49093,41611,77320,2641.68,55.02,13.977
54530.6,35725,100034,36757.3,31419,76670.9,1675.62,90.72,14.007
97131.5,56906,111862,57664.4,44983,84011.7,401.76,101.22,14.182
51034.9,35349,94617.1,30499.7,27275,73284.4,12835.3,128.1,14.219
62947.8,40694,101375,32524.7,28731,74189.6,623.7,81.48,14.275
67649.9,44129,100467,38087.3,34302,72768,535.14,5.88,14.283
68285.4,43296,103362,38755.8,33391,76065.4,415.8,71.4,14.375
57202.6,37093,101066,28462.3,23980,77785.9,844.02,33.6,14.376
64283.5,41576,101330,36965.2,32979,73457.3,720.36,82.74,14.438
76146.6,45705,109186,49790.2,41983,77723.1,571.32,37.38,14.455
42028.8,30109,91480.9,47968.2,42886,73302.3,2594.16,-6.3,14.46
76548.5,47401,105835,44737.4,37682,77806.6,482.76,41.58,14.48
76132.5,46932,106312,53634.4,45806,76736.4,570.78,80.64,14.482
93629.4,55045,111474,38302.7,32276,77773.2,339.12,79.38,14.525
75634.6,42383,116952,37341.5,27221,89901.8,1676.7,-38.64,14.604
135171,70924,124902,109002,82326,86771.3,380.16,85.26,14.637
133064,72792,119800,72139.1,57659,81994.3,388.8,26.46,14.649
75674.2,47609,104169,38530.6,33953,74371.7,356.94,39.9,14.731
93403.5,53196,115071,76425.7,61734,81132.5,488.16,72.24,14.77
93321.6,54190,112861,77277.2,62117,81530.7,376.92,89.88,14.819
73489.3,44668,107822,65586.8,52844,81339.3,364.5,90.72,14.842
45527,28872,103341,49918.7,41571,78696,2019.6,101.64,14.852
68170.9,41689,107166,50181.1,40950,80309.4,697.68,56.28,14.859
90993.3,50525,118027,46352.5,37666,80649.9,857.52,23.52,14.864
119938,65689,119659,52133.2,40750,83843,332.64,62.16,14.939
77145.6,43725,115628,78132.1,60676,84390.2,821.88,65.94,15.054
65166.1,41753,102285,49676.8,44243,73584.9,706.32,11.76,15.08
67274.9,43174,102120,51316.7,43362,77558.6,514.08,89.88,15.097
111834,58540,125199,61006.5,45507,87857.3,710.1,60.9,15.142
90643.8,52653,112822,77298.3,60322,83979.7,999.54,44.1,15.175
55142.4,34965,103355,51573.8,43261,78129,362.34,93.66,15.181
81167.4,47438,112133,60434.1,50085,79077.8,585.9,40.32,15.22
53595.5,31692,110830,52091.6,41911,81455.4,1855.44,28.98,15.221
96438.4,56432,111997,43218.9,35959,78767.3,543.24,96.6,15.246
61489.9,40148,100374,37108.8,33767,72021.9,304.02,102.48,15.289
75148.2,47219,104299,43186,35334,80099.5,386.1,100.38,15.294
72334.7,43548,108858,44937.2,37387,78770.8,320.22,32.34,15.318
59228.8,39266,98854.4,45212,38723,76518.3,507.06,13.44,15.391
117990,57973,133382,72230.4,49994,94685.2,1657.26,89.04,15.466
74780.2,45023,108851,50842.1,42802,77846.5,756,54.18,15.515
89465.6,50241,116702,62234.5,48404,84261.6,489.24,36.54,15.611
61536,37308,108095,32715.9,27202,78820.3,880.74,43.68,15.723
59959.7,39141,100394,37753,33354,74179.5,351,97.44,15.783
73801,46824,103294,48279.8,40758,77630.5,786.78,28.56,15.784
64912.6,41492,102529,39077.1,33522,76396.3,338.58,71.4,15.791
67635.8,43047,102971,52597.1,45317,76064.2,341.28,97.02,15.83
71520,44224,105986,48990.4,41890,76644.5,369.36,68.46,15.833
92089.6,48500,124437,115140,83658,90198.7,1252.8,99.54,15.914
81148.2,49892,106593,118636,101157,76859.9,368.82,76.86,15.999
78717.4,46676,110524,70994.3,60147,77355.2,557.82,11.76,16.023
76545.3,44721,112173,65922.1,52866,81721.2,614.52,93.66,16.026
49361.9,28850,112131,76495.3,59017,84945,385.02,76.44,16.115
94684.2,52303,118640,47009.7,34989,88051.3,19739.2,136.5,16.126
65531.5,36702,117015,69358.7,52830,86040,8822.52,121.8,16.155
82800,51237,105907,58840.6,50453,76431,404.46,54.6,16.21
95100.8,54440,114484,67400.1,54344,81281,407.7,82.32,16.212
60649.6,38356,103627,31470.1,27302,75541.2,401.76,87.78,16.248
94110.7,54029,114154,55493.6,45154,80542.8,1145.34,44.94,16.254
73925.1,45124,107365,44365.9,38542,75438.8,365.04,60.9,16.255
58367.4,35761,106965,39132.2,31922,80338.5,494.64,75.6,16.31
71817,44353,106117,40085.8,34886,75304.3,619.92,51.66,16.311
73011.8,46291,103366,44964.7,39051,75460.5,699.84,57.96,16.328
59218.6,38948,99644.3,43088.2,38103,74110.4,859.68,98.7,16.357
59925.8,39616,99134.1,31042.4,26603,76472.5,343.98,-6.3,16.415
62525.4,40313,101646,41946.1,35585,77251.1,315.36,60.48,16.434
58145.3,35333,107848,38775.8,30764,82603.4,1219.32,69.72,16.453
78195.8,48229,106256,48294.4,39939,79246.3,1056.24,47.88,16.544
83964.8,47166,116667,39884.9,30516,85656.7,1271.16,102.06,16.558
73846.4,46396,104311,53152.2,45608,76376.6,1145.88,90.72,16.56
82117.8,49540,108633,77174.6,61770,81879.8,341.28,33.6,16.614
98638.1,53850,120044,35829.5,27945,84026.7,508.14,-4.62,16.704
53329.9,35633,98084.1,40699.3,36345,73387.5,331.56,49.98,16.712
60494.7,40097,98874.8,45982.6,39311,76658.4,346.68,74.76,16.712
78757.8,48363,106724,45292.5,38503,77092.4,584.28,65.1,16.767
61959.7,39813,101992,49182.7,43370,74319.5,305.64,99.96,16.772
79356.2,45915,113268,62496.4,50405,81257.1,427.68,59.64,16.87
94380.8,56782,108931,63567.2,52664,79104.1,773.82,92.4,16.887
70428.8,44420,103909,37794.6,34018,72811.7,442.8,45.36,16.902
106459,58720,118816,62412.1,49710,82282,6349.86,36.12,16.973
58855,39040,98799.3,29445.1,25766,74893.9,448.2,8.82,16.985
45499.5,30248,98580.3,54927.7,49375,72906.2,3080.7,63.42,17.036
54105.6,35824,98980.1,37652.6,28455,86719.4,514.08,23.94,17.038
65686.4,40900,105252,41030.8,35291,76195,829.44,26.46,17.119
56720.6,33548,110804,64462,51378,82225.5,936.36,51.24,17.164
110465,61452,117806,83204.3,67398,80905.6,370.98,101.64,17.192
79051.5,50225,103150,37994.9,32983,75494.5,1618.38,63.42,17.214
65497,40581,105774,36563.4,30903,77540,418.5,-0.42,17.251
63690.2,41561,100431,41368.9,35779,75774.9,381.24,-7.56,17.259
85637.1,51975,107981,57903.7,50167,75642.9,393.12,74.76,17.301
51513,34781,97063.1,37281.1,34054,71746.4,345.6,54.18,17.316
84300.2,48227,114556,48715,38787,82310.8,477.9,60.06,17.338
88036.5,43440,132817,53792.6,38782,90901.8,461.16,31.5,17.354
69188.5,44385,102159,36647.1,31675,75823.3,653.4,103.32,17.361
89612.2,53619,109529,56543.4,46544,79615.6,522.72,94.92,17.397
63842.6,41595,100589,50989,43800,76292.5,805.14,0.84,17.45
48463.4,33155,95795.3,38032.2,35121,70968.3,829.44,78.96,17.585
56430.7,36235,102063,34023.8,29026,76820.2,559.44,49.14,17.639
73871.4,45768,105778,56050.4,46595,78835,606.96,59.64,17.644
94167.7,53613,115110,73205.6,58566,81917.9,307.8,51.66,17.659
57065,37820,98884.4,32934.1,27855,77485.8,380.7,82.74,17.751
66416.6,43520,100016,46592.8,40522,75354.3,509.76,86.94,17.768
72656.6,45409,104861,58288.7,50130,76202,718.2,72.24,17.788
68405.8,44060,101749,47089.1,41567,74242.3,367.74,14.28,17.811
94805.8,55824,111300,59188.3,50123,77388.9,306.18,-36.96,17.875
84739.8,50809,109302,39577.7,32126,80737.2,634.5,57.54,17.883
76266.2,47580,105048,45809.8,40174,74729.7,594.54,55.86,17.913
85173.8,51090,109257,43256.2,36555,77549.9,541.08,94.92,17.958
77939.8,48400,105534,52352.5,45163,75968.6,397.44,68.04,17.964
95605.8,54589,114778,63636.3,49291,84609.1,629.64,81.06,17.988
40233.6,28052,93995,23638.5,21584,71774.1,356.94,-5.04,17.997
90487,50501,117427,37676.9,29567,83511.8,725.76,76.02,18.08
67763.2,42765,103845,39554.5,33544,77278.8,642.6,77.7,18.111
64091.5,42473,98893.5,33212.7,29302,74282.6,420.66,97.44,18.117
68947.8,44169,102302,34204.1,29558,75837.4,340.2,76.44,18.12
72249.6,42819,110581,47879.6,37327,84063.5,1557.9,86.1,18.174
76421.1,46285,108206,49493.2,41153,78817.7,657.72,15.96,18.188
65196.2,41748,102345,39870.9,34159,76494.6,370.44,65.52,18.223
66067.8,41885,103374,37330.7,31635,77335.5,328.32,-86.1,18.227
101869,57079,116963,67186.8,55451,79406.2,808.38,87.36,18.368
111215,60861,119758,66533.9,51750,84258.3,315.9,79.38,18.441
60466.6,38427,103124,54947.2,47022,76581.5,2858.76,61.32,18.52
80017.3,50515,103811,48853.8,41304,77515.1,325.08,48.72,18.561
43607.7,24661,115886,22176.7,15532,93572.9,302.4,63.84,18.606
69313.3,42470,106958,39127.3,31350,81794.2,900.72,42.42,18.653
90895.4,54060,110191,55323,44067,82275.8,532.44,63,18.715
80836.5,48960,108205,48007.1,38942,80791.8,655.02,18.06,18.717
59700.5,37956,103081,38329.2,31163,80606.6,719.28,33.6,18.884
54661.8,34897,102654,36233.5,31146,76240.8,707.4,100.38,18.885
59905.3,39120,100357,43553.7,38015,75084.5,508.14,23.1,18.908
69093.1,41074,110242,37979.3,32291,77080.6,1089.72,-6.72,18.937
68301.4,43871,102031,52828.7,44845,77203.4,1114.56,28.14,18.999
46560,30305,100688,46607.4,40851,74770.8,318.6,34.86,19.009
53086.1,34966,99498.1,44696.3,39350,74440.1,528.12,43.68,19.036
95527.7,57076,109687,57835.1,47622,79590.9,1779.3,79.38,19.065
57998.7,37958,100137,35302.5,31494,73461.1,392.58,37.38,19.09
69937.3,45210,101380,42164.8,36554,75595.4,551.34,65.94,19.095
68581.8,43590,103110,56297.7,48414,76207.8,495.72,19.32,19.144
69307.5,42284,107420,48526,41223,77146.3,1420.2,69.3,19.173
86846.7,51528,110456,42984,36571,77028.2,521.1,-34.44,19.18
72548.5,46241,102821,32563.1,28770,74176.4,629.64,63.84,19.197
51153.9,33757,99310.5,32322.2,28337,74752.8,298.08,56.7,19.27
74934.4,45071,108959,42552,36302,76819.1,336.96,24.78,19.283
71230.1,42868,108896,34770.1,27686,82304.8,650.16,-31.92,19.336
58690.6,37565,102392,56675.7,49663,74790.1,506.52,-2.1,19.347
67839.4,43177,102970,46147.3,40055,75503.9,1323,34.02,19.401
61296,40032,100347,44270.3,38786,74802.7,618.3,96.6,19.413
102607,61020,110201,63372.8,51501,80643.1,470.88,10.08,19.552
80967.7,51552,102931,46012.9,38647,78026.7,360.18,34.86,19.587
97424,57152,111716,48325.7,39339,80507.2,398.52,37.38,19.644
85772.2,50969,110286,60145.7,49182,80145.4,451.44,93.24,19.672
63331.8,40561,102328,36161.6,31630,74925.4,374.22,88.2,20.002
81328,46943,113540,36363.1,30003,79428.4,473.04,10.5,20.041
101946,56388,118485,92661.8,70320,86357.9,1034.64,53.76,20.058
58900.5,40507,95294.7,41927.2,37151,73961.5,460.62,85.26,20.086
105855,58740,118102,72476.1,56790,83637.9,483.84,93.66,20.094
58142.7,37656,101191,38921,32099,79464.4,309.96,61.74,20.135
61236.5,39625,101279,39918.4,35266,74181.8,712.26,76.44,20.154
56202.2,37284,98789.6,39505.9,34654,74711.6,354.24,90.3,20.165
83946.2,49781,110514,61192.8,50331,79679.1,328.32,-9.66,20.217
65374.7,39726,107849,66077.6,54813,79004.3,403.92,85.26,20.25
72329.6,44423,106706,50019.7,42919,76378.5,1524.42,51.66,20.271
50273.3,32207,102298,44604,37726,77484.2,946.08,36.12,20.274
65694.1,38700,111249,48522.8,39827,79845.1,428.76,93.24,20.299
100512,54980,119810,71107.2,54454,85578.3,989.82,71.4,20.302
65985.3,41377,104512,54205.2,45554,77982,439.56,76.44,20.312
92035.8,49624,121547,69067.1,51634,87662.8,386.1,13.86,20.324
92052.5,52129,115727,47664.2,38611,80902.3,312.12,38.64,20.426
79107.8,47332,109533,40161.4,31590,83318.1,336.42,31.92,20.44
72264.3,45018,105200,35405.1,30146,76969,699.3,103.32,20.456
81759.4,48157,111265,42556.3,34943,79814.9,626.4,76.44,20.463
43511,28025,101750,31000.9,26795,75822.8,560.52,10.08,20.464
81313.9,47900,111252,58159.1,48991,77800.3,319.68,57.54,20.665
68642.6,42704,105343,54879.1,47449,75798.4,717.12,97.44,20.711
72473.6,43773,108506,65923.7,54158,79773.6,316.98,67.62,20.722
67347.8,43714,100968,35126.5,30795,74753.9,325.62,12.18,20.732
80213.8,48380,108658,54173.3,45358,78272.9,409.32,41.16,20.812
91198.1,54353,109962,69165.4,58871,76995.8,515.7,99.54,20.815
83917.4,50329,109273,57278.9,48358,77625.8,780.3,83.16,20.899
82518.4,49792,108610,54750.1,45550,78772.8,440.1,82.32,20.931
85513,44965,124634,47324,36029,86081.3,1056.24,16.38,20.932
47697.9,31667,98712.6,39618.7,35508,73123,365.58,19.32,20.943
106630,58901,118642,71097.5,56642,82261.3,306.72,37.38,20.979
74290.6,47556,102378,39024.7,32385,78972.5,518.4,56.7,21.019
66762.9,41480,105481,41427.7,36411,74565.6,807.3,93.24,21.034
81391.4,49157,108511,45093.8,37523,78758.8,395.82,92.82,21.136
78786.6,46223,111705,56787.5,46353,80288.7,315.36,97.02,21.145
70776.3,43796,105909,36107.6,30976,76393,368.82,73.92,21.154
99022.7,57045,113762,69724.8,58619,77952.3,365.58,76.02,21.284
62121,40203,101265,33990.8,29278,76085.2,640.44,67.2,21.375
55196.8,33775,107102,53444.3,45043,77759.7,329.4,96.6,21.468
85077.1,49300,113096,71054.8,56842,81922.7,408.78,82.32,21.589
48747.5,30492,104772,54358.6,44375,80280.4,366.12,-0.84,21.594
80362.2,44612,118054,48371,37880,83686.5,571.86,10.08,21.595
72122.2,44200,106937,67652.8,53797,82415.3,589.68,-52.92,21.607
61753,38473,105192,41937.5,35866,76630.1,309.42,82.32,21.67
47239,31421,98528.3,33767.8,30638,72230.8,916.38,34.86,21.706
77283.8,47723,106131,53134.9,44762,77794.8,447.66,94.5,21.71
45548.8,31326,95291,24989.6,22564,72581,349.92,79.38,21.781
91132.2,55896,106849,58724.5,47314,81341,631.8,82.74,21.821
54309.8,36312,98018.4,40315.3,35026,75432.7,559.44,92.82,21.821
82672.6,50688,106890,53374.1,42975,81394.5,32219.1,148.68,21.822
78111.4,47077,108739,49036.3,40453,79441.4,324.54,61.32,21.857
90755.2,53589,110988,38834.6,32574,78131.9,808.38,78.12,21.886
96464,55033,114874,62353.3,51611,79176.6,375.3,-16.8,21.894
65194.2,42688,100088,45856.3,40602,74016.9,322.92,89.46,21.938
78814.1,47100,109664,72586.8,59239,80302.7,401.22,99.96,21.988
46513.3,31563,96578.1,43190.3,38089,74313.3,797.58,20.58,22.018
65728.6,41704,103290,47227.9,39371,78614.3,471.96,92.4,22.069
112161,60412,121675,64653.1,50863,83304.3,1138.32,82.74,22.15
66572.8,44244,98610.3,51500.9,44799,75340.1,469.26,82.32,22.171
73663.4,45217,106765,41059.4,31843,84504.3,842.4,-99.12,22.183
108488,55701,127644,52087.3,37875,90127.9,1346.22,53.34,22.183
96760.3,55466,114327,52757.5,43384,79695.6,358.56,-47.88,22.212
60912.6,38953,102482,38560.3,32919,76766.9,624.78,85.68,22.238
61718.4,40363,100210,38183.9,33636,74397.2,333.72,79.38,22.358
79361.3,47659,109130,49574.7,42212,76966.9,469.8,97.44,22.364
83555.8,51864,105582,50029.9,42267,77572.6,410.4,80.22,22.372
48106.2,32873,95905.2,29275,26206,73211,484.38,60.9,22.374
67357.4,41364,106719,66172.7,55358,78339,32077.6,132.3,22.387
76787.8,44717,112538,59515,46522,83839.4,1998.54,7.98,22.449
69094.4,42463,106638,54112.9,46056,77000.6,362.34,76.02,22.45
56916.5,37470,99548.4,34307.8,30576,73534.7,431.46,90.3,22.46
68711,43985,102377,45569.5,39726,75176.1,386.64,-26.88,22.545
92077.4,52579,114768,53613.9,43262,81217.7,1753.92,78.96,22.583
55893.1,35585,102937,56046.1,44892,81819.4,540.54,71.82,22.584
80504.3,51536,102374,42473.2,33902,82104.9,302.4,79.8,22.639
70992,44348,104910,38239.6,33651,74472.3,626.4,81.06,22.679
61281.3,39385,101971,38303.8,33522,74884.5,1002.24,63,22.688
56172.8,34829,105698,46857.4,39374,77991.8,1736.64,56.28,22.728
61363.2,36903,108975,27185.2,21972,81085.5,302.94,-73.08,22.781
100031,56100,116856,58050.5,46051,82612.8,789.48,70.56,22.813
73653.8,42620,113256,49100.6,38390,83820.1,1463.4,76.44,22.828
85624.3,53353,105176,52177.5,43613,78405.6,800.28,44.52,22.908
61651.2,40364,100098,37258.9,32890,74241.4,308.34,16.38,22.92
95521.3,55704,112381,46633.9,39102,78159.6,956.34,28.56,22.927
66341.1,42530,102227,55116.7,47374,76247.1,367.2,79.8,23.019
73948.8,44676,108477,47808.4,39998,78333.1,466.02,21.84,23.066
58515.8,37506,102247,30831.3,27242,74170.8,308.34,82.32,23.087
68622.1,43241,104004,46226.7,39394,76902.9,330.48,74.34,23.13
108052,59742,118532,75141,60185,81821.7,356.94,60.48,23.143
93033.6,52579,115960,53518.9,42608,82318.2,2716.2,55.02,23.15
83441.3,49952,109473,46629,38243,79906.9,298.62,81.06,23.151
77456,47277,107371,42340.9,36343,76351.7,434.7,72.24,23.185
48874.9,30169,106171,53241.8,43482,80246,511.92,84.84,23.202
83779.2,48876,112336,54198.7,43839,81023,785.16,86.52,23.203
68723.8,41669,108087,59310.4,49220,78971.2,851.58,76.86,23.207
86630.4,46304,122612,60685.2,45266,87859.9,389.88,-15.54,23.27
75962.2,48756,102106,42260.4,36598,75675.7,304.56,57.12,23.307
63281.9,40434,102568,42219.4,36243,76342.7,412.56,60.06,23.341
81199.4,47356,112372,61394.8,49207,81768.2,504.36,57.96,23.342
66752.6,42248,103548,43083.4,37203,75894.7,551.34,25.62,23.381
69713.3,44403,102892,51020.8,44793,74647.8,423.36,14.7,23.393
63822.1,41118,101723,41870,36862,74439.6,361.26,94.5,23.393
90115.2,52721,112020,62568.7,51627,79425.6,398.52,-65.52,23.425
48299.5,29912,105822,47411.5,38091,81572,3043.98,94.92,23.43
70369.9,45040,102393,41719.9,35667,76657.8,297.54,73.5,23.468
90063.4,54149,109003,69520.1,57743,78902.6,442.26,58.8,23.471
90293.8,53432,110748,59037.7,49115,78776.2,520.02,101.64,23.495
72657.3,46317,102806,37651.5,32167,76709.9,397.44,-20.58,23.535
93619.2,55279,110990,78207.7,60762,84352.4,589.14,64.26,23.556
67696,41704,106381,47127.4,40582,76106.2,790.02,84.84,23.582
72789.1,46333,102957,43528.9,36142,78930.5,386.1,81.06,23.595
55312,34004,106603,76148.1,62879,79365.8,1204.74,96.6,23.63
87392.6,49392,115957,59021.5,48050,80500.1,619.92,100.8,23.679
72864,44589,107094,42897.1,35890,78331.1,1296.54,66.36,23.702
79664.6,48701,107203,55247.4,46237,78307.3,449.28,26.88,23.707
77572.5,44947,113106,58470.7,42303,90583,25425.9,-14.7,23.773
45783,30725,97654.6,43880.9,38594,74513.7,540,-31.92,23.808
90412.2,51176,115782,52700.2,42231,81782.6,347.76,53.34,23.823
54062.7,35180,100712,34729.6,30475,74685.4,1429.92,7.14,23.871
73649.9,44493,108483,39091.7,32251,79436.7,510.84,18.48,23.998
71582.7,43687,107383,42191.3,35569,77737.6,1010.34,92.82,24.028
76943.4,47204,106825,52222.9,43960,77854.4,395.82,102.9,24.086
105001,59033,116568,62573.6,49978,82052.6,397.44,80.64,24.218
72883.8,42653,111985,66688.9,49838,87694.6,476.82,69.72,24.223
112334,60795,121094,82854.9,64965,83583.1,504.36,94.5,24.284
79895.7,49170,106489,43968.4,38045,75739.6,435.78,91.56,24.312
55735,35317,103425,43197.3,37024,76463.3,333.72,64.26,24.384
73966.7,45937,105525,37227.1,30667,79555,2052.54,15.96,24.434
79850.2,46688,112086,50978.2,41530,80445.6,872.64,17.64,24.453
84106.2,50016,110204,38519.8,31114,81135,348.3,81.48,24.472
86594.6,52418,108266,78397.7,64202,80026.7,426.06,70.56,24.493
65269.8,42416,100847,43464.1,37521,75916.4,635.58,96.6,24.53
53538.6,34727,101037,52029.5,43702,78024.1,1091.88,63.84,24.531
66521,41762,104390,42056.3,35181,78343.4,720.9,90.72,24.609
60799.4,39181,101696,38219,32743,76496.5,448.74,69.3,24.622
66979.8,42753,102673,44251.4,38154,76009.3,589.14,42,24.648
60401.9,40154,98583,33529.1,30242,72659.4,659.88,57.96,24.656
84183,53121,103858,55008.2,47498,75898.3,986.58,88.2,24.66
67102.1,42749,102870,39181.3,34853,73674.8,987.12,62.16,24.667
67984,42605,104575,37869.1,31895,77811.3,706.86,81.9,24.675
91111.7,53875,110832,52076,43139,79112.9,304.02,93.24,24.723
58894.1,38432,100429,38763.4,32170,78967.9,1045.44,74.76,24.817
80208,51137,102793,53080.9,46611,74632.8,799.74,75.18,24.838
81352.3,49744,107179,54186.3,46554,76280.3,352.62,58.38,24.854
110609,62741,115537,54890.5,44816,80268.2,639.9,75.18,24.907
76100.5,48620,102578,39877.4,35119,74415.7,332.64,93.66,24.927
82187.5,51633,104318,40325.6,33428,79058.8,1704.24,34.44,24.93
79807.4,49380,105918,50319.4,43415,75958.3,1375.92,89.88,24.951
65001,43695,97491.8,48463.4,43305,73342.5,2393.82,13.02,25.058
89716.5,53194,110532,58537.6,48492,79112.5,1408.32,20.58,25.098
71184.6,43318,107696,32810.4,28015,76754,504.36,75.18,25.103
50348.2,33854,97466.1,26921.7,24641,71601.8,434.7,95.34,25.136
74025.6,46379,104602,76952.2,67702,74490.2,362.88,84.84,25.161
91415.7,54416,110097,63160,51717,80036.6,2458.62,5.04,25.251
62641.9,41506,98908.6,36918.2,32251,75020,304.56,66.36,25.315
99943.7,59952,109253,64170.9,50523,83239.4,1406.7,97.44,25.319
57066.2,36873,101426,33603.7,29847,73784.6,338.58,-52.92,25.384
48147.2,29789,105924,40918.5,35083,76436.9,2410.02,78.54,25.413
78430.7,46968,109437,45637,38270,78151.8,827.28,61.74,25.48
99054.1,56520,114855,53629,44775,78495.4,616.14,77.7,25.542
93651.8,53889,113893,49496.9,40712,79677.5,585.36,65.1,25.561
59406.1,35971,108233,41619.4,31760,85880.7,428.22,-43.68,25.62
75368.3,46588,106022,50289.7,41682,79069.7,516.78,64.26,25.684
69289.6,43608,104131,48487.1,40927,77642,615.6,90.3,25.726
57036.8,37160,100591,31908.6,28351,73759.7,493.56,47.46,25.729
94317.4,54128,114196,59168.3,50063,77455.5,648,57.54,25.77
89619.2,47885,122654,104440,78131,87604.2,558.36,78.54,25.807
55130.9,36873,97986.5,39745.6,36043,72268.4,461.16,43.68,25.844
77593.6,45013,112971,57632.6,40331,93650.3,419.58,52.5,25.87
64680.3,40695,104162,50406.3,43686,75617.5,425.52,44.94,25.981
90241.3,54868,107787,48250.1,41947,75383.6,312.12,12.18,26.024
60695.7,39412,100927,43288.6,37463,75727,459.54,73.92,26.038
107819,60046,117677,77180,61604,82106.2,469.26,4.2,26.069
86692.5,50789,111864,50532.7,42037,78780.8,457.38,79.8,26.173
83998.7,50229,109597,61358,53471,75202.6,1518.48,105.42,26.19
95772.2,59034,106320,59617.1,50259,77738.6,1264.14,82.74,26.226
102791,59535,113152,99439.4,77520,84066.8,1099.98,92.4,26.311
83401,49614,110166,64856.7,52861,80408,1847.88,32.76,26.332
99418.2,53029,122866,78671,58422,88250.7,502.74,74.76,26.339
73828.5,45321,106759,51964.2,43370,78522.6,375.3,54.6,26.373
84742.4,50861,109193,48055.7,41463,75956.3,783.54,100.8,26.397
74681.6,45909,106609,42720.5,37434,74791.1,450.36,73.08,26.408
64035.2,40809,102835,38806.6,34118,74542.1,647.46,17.64,26.562
82030.1,49936,107656,64500.8,54042,78219.3,324.54,70.14,26.598
68138.2,44132,101185,40892.6,32821,81653.1,1772.82,97.44,26.644
77164.2,46644,108418,41966.6,36234,75904.6,411.48,59.64,26.659
83655.7,50428,108719,49455.9,41575,77958.9,398.52,63,26.706
56497.3,37149,99669,49380.8,41626,77745.2,743.58,-5.46,26.708
55518.7,35969,101156,32359,28902,73374.8,304.02,30.24,26.742
67857.3,43232,102866,57354.5,48911,76849.5,705.24,37.38,26.749
67927.7,43308,102792,47535.1,40674,76591,719.28,83.16,26.819
87734.4,54060,106359,73331.5,60042,80041.5,401.76,21.84,26.844
75162.9,49064,100397,44278.9,38494,75384.8,354.78,1.68,26.905
77261.4,47101,107501,39506.4,33110,78196.7,535.14,89.88,26.964
105395,58919,117232,54018.4,41152,86026.1,1135.08,38.64,27.036
109644,56812,126480,98791.4,70038,92441.1,1030.32,11.34,27.097
47566.7,29761,104746,50379.3,42426,77821.6,320.22,80.22,27.114
64461.4,39361,107328,41750.1,33018,82868,1130.76,59.22,27.15
59918.1,40380,97245.9,48362.9,42418,74721,333.72,81.06,27.159
72963.2,42442,112665,51965.3,40309,84487.2,5100.3,111.3,27.169
107625,59533,118477,61385.6,44707,89985.1,3365.82,-11.76,27.171
82483.2,46744,115643,40966.6,32198,83383.6,529.74,60.9,27.245
71864.3,43948,107165,35111.3,30007,76684,582.12,-42.42,27.302
57717.8,38888,97268.8,30508.9,27555,72561.5,322.92,39.48,27.305
69945.6,43456,105485,57551,47720,79037.4,734.94,98.28,27.313
48072.3,32245,97704.1,35126.5,27670,83196.5,9684.9,96.18,27.387
88025,51032,113043,50679.5,41745,79562.5,565.92,93.66,27.399
66002.6,41568,104059,45489.1,35915,83006.3,919.08,52.92,27.451
68858.2,42485,106219,55124.8,45173,79973.9,553.5,-23.52,27.566
89374.7,54469,107534,63092.5,51717,79951.1,322.38,36.12,27.567
70885.1,41204,112745,51456.1,40228,83827.8,434.16,23.94,27.574
88253.4,54909,105334,51959.3,42975,79236.9,572.4,-21,27.586
88887,50521,115305,56622.8,43241,85817.4,2111.4,93.24,27.607
64472.3,40989,103083,41543.3,35048,77681.5,392.58,39.06,27.752
81351,44429,119999,52898.9,41642,83252.1,523.26,18.9,27.762
105164,58268,118281,64642.9,49551,85496.5,631.8,43.68,27.78
103165,57745,117084,63431.1,50491,82331.9,1372.14,47.04,27.782
66069.1,41252,104962,48967.2,41630,77086.6,488.7,68.88,27.787
54242.6,35574,99928,35476.9,30983,75041.6,571.32,62.58,27.799
55581.4,36908,98693.6,45468,39839,74795.8,737.64,0,27.828
77601.9,43346,117328,73695.4,55251,87413.9,2051.46,-131.88,27.828
66700.2,43142,101323,44679.6,39548,74039.7,721.98,46.2,27.831
63444.5,40260,103276,45511.7,37919,78658.7,858.06,81.48,27.832
64992,40841,104290,42664.3,37187,75188.9,1014.12,72.66,27.842
111789,59104,123955,84614.2,65227,85015.1,1301.94,70.98,27.875
60313,38598,102406,34999,29623,77429.6,1434.24,90.3,27.954
130258,63787,133830,56279.9,39254,93961.3,765.18,61.74,28.024
77594.9,39589,128451,46712.2,35209,86947.3,538.38,-58.38,28.031
66408.3,40453,107585,48711.8,39619,80576.9,419.04,68.04,28.058
81266.6,48065,110806,39332,33206,77626.4,815.4,100.8,28.129
72769.3,44530,107097,59316.8,43619,89121.5,1587.06,-46.2,28.153
69225,44069,102946,44985.8,38554,76469.1,691.74,40.32,28.159
53364.5,36231,96527.7,36098.5,32666,72422.4,422.82,-44.94,28.185
79446.4,48300,107797,47410.9,39842,77986.1,1931.58,47.88,28.232
59049.6,36452,106164,47368.8,39698,78199.4,1531.44,83.58,28.304
73455.4,46924,102591,48934.8,43322,74026.9,316.98,68.88,28.332
79733.1,48984,106675,58625.6,47143,81498.6,816.48,88.62,28.345
61254.4,39359,101994,40017.8,33026,79410.3,785.16,-44.52,28.4
101826,56267,118600,66264.5,53394,81333.3,356.94,92.4,28.426
113098,60108,123311,59232.1,43675,88880,855.9,36.96,28.431
68421.1,44144,101578,51622.9,44567,75911.8,706.32,22.26,28.438
74275.8,45509,106962,109047,90134,79287.2,3430.62,63.84,28.46
51759.4,34721,97696,40381.7,35938,73639.5,2772.9,107.1,28.467
92531.8,58055,104456,49384.1,38793,83428.3,559.98,-118.02,28.487
117994,64248,120360,70219.4,51789,88858.7,737.64,89.04,28.518
96325.8,57108,110542,57724.9,48411,78144.6,1529.28,72.66,28.55
45813.8,30112,99709.4,36041.8,31879,74093.7,786.78,70.14,28.558
62733.4,36168,113672,28408.9,23725,78474.3,14418.5,135.66,28.561
74886.4,47452,103426,50506.2,45163,73289.5,323.46,30.66,28.561
105872,61240,113299,57015.9,44511,83947.7,473.58,58.38,28.564
64515.2,40865,103464,44608.3,37742,77458.8,341.28,67.62,28.584
67715.2,41321,107398,40925.5,34261,78284.2,606.42,53.34,28.584
69238.4,44628,101676,42536.9,36386,76614.6,349.38,81.9,28.627
75720.3,47734,103960,44486.8,37897,76931.9,314.82,53.34,28.642
105149,59153,116496,66899.5,53603,81792.6,556.74,74.76,28.667
58544.6,37313,102827,32640.8,28867,74103.7,325.08,36.12,28.688
61079.7,38548,103842,37823.8,32834,75495.5,433.62,81.06,28.718
51036.2,34029,98289.9,42388.9,36086,76982.8,636.12,31.92,28.731
70046.1,44864,102321,48359.2,41139,77038,956.88,81.06,28.848
101967,59786,111774,103220,81472,83030,419.58,62.16,28.848
69033.6,44288,102154,53113.3,45847,75922.8,501.66,80.64,28.872
78653.4,48052,107272,48424.5,41179,77067.1,1016.82,57.96,28.92
117404,61922,124256,79542.5,60733,85833.1,415.8,8.4,28.926
108960,60771,117503,73092.2,58936,81277.5,409.32,-8.82,29.024
70922.2,41876,110993,48530.9,39828,79856.4,608.58,47.88,29.033
68677.8,43412,103678,46576.6,40262,75814.6,554.58,71.4,29.048
52983.7,33841,102607,45304.4,38747,76627,367.74,79.38,29.054
86968.3,53941,105663,50517,43679,75795.8,415.26,23.94,29.083
76522.9,45720,109689,36011.5,30506,77363.5,339.12,-22.68,29.098
55667.8,36549,99818,34365.1,30286,74362.7,1006.56,79.38,29.239
41489.9,28708,94715.2,17630.5,16607,69574.9,844.56,28.56,29.241
133825,70121,125075,78537.1,60673,84831.9,330.48,48.3,29.314
100193,54536,120402,72262.3,57894,81800.9,2219.94,49.98,29.334
69674.2,44148,103429,49991,44192,74135.9,296.46,66.78,29.395
72546.6,45151,105300,39893,34930,74847.7,370.44,84.84,29.43
59413.1,33742,115396,21737.2,17021,83694.6,3504.6,-47.46,29.459
59889.3,37729,104029,53735.4,44671,78834.2,298.08,15.12,29.475
91620.5,53892,111416,61482.8,51459,78301.9,352.08,-19.74,29.505
88287.4,48798,118570,47942.8,34425,91270.3,908.82,-72.24,29.506
73124.5,42177,113623,53354.2,43430,80511.6,349.38,41.16,29.547
67735,44559,99622.6,39659.8,35169,73904.4,623.7,36.12,29.684
71715.2,45362,103609,41425,35901,75619.9,1072.44,50.4,29.686
62124.2,40143,101422,43874.5,38267,75139.3,428.76,-0.84,29.697
77677.4,46668,109083,33199.2,28152,77285.6,442.8,6.72,29.7
101559,57144,116474,68035.7,54798,81367.7,702.54,41.16,29.736
93973.8,57065,107924,59212.6,48799,79521.3,582.66,73.5,29.736
54840.3,36764,97759.1,40848.8,36410,73525.7,753.3,-27.72,29.743
58533.8,37255,102968,37045.6,31043,78208.4,297.54,28.98,29.765
72236.8,41808,113235,59069,46854,82621.4,2173.5,42.84,29.769
81609,46272,115584,53078.8,42382,82076.6,673.92,95.34,29.781
75417.6,47312,104468,43456,37031,76906.6,345.6,99.54,29.923
47054.1,31697,97288,40757,34098,78334.6,307.8,85.68,29.925
84160,49740,110887,58112.1,44827,84958.5,728.46,93.66,29.938
91325.4,49776,120241,54286.2,43327,82112.8,775.98,-62.16,29.965
101464,54584,121823,59062,43774,88424.3,1007.64,-11.76,30.091
82460.8,50633,106732,49665.4,42795,76057.3,708.48,101.22,30.146
105746,61545,112603,61699.9,49600,81523.4,1120.5,-22.68,30.167
95119.4,57641,108148,73626.8,62674,76989,548.1,97.02,30.203
46856.3,32793,93641.2,24255.2,22514,70604.4,456.84,94.08,30.231
91727.4,53382,112612,71385.3,58151,80451,724.68,1.26,30.241
73263.4,45661,105153,44437.1,39134,74416.9,609.66,99.96,30.272
55168.6,34754,104032,44110.4,37051,78022.8,923.94,7.14,30.349
89942.4,51577,114285,52693.2,40483,85302.5,472.5,-26.04,30.349
89975,52301,112744,45527.4,36501,81742.5,849.42,58.8,30.353
105492,57616,119994,67432,52329,84450.7,362.88,86.52,30.361
56087,34825,105548,61915.9,52723,76963,951.48,35.7,30.422
69480.3,44805,101628,38034.9,33519,74365.4,348.3,80.22,30.48
56276.5,36494,101061,53915.8,46983,75206.4,330.48,83.58,30.519
91774.1,54816,109722,49379.2,40376,80149.5,718.2,43.26,30.557
60071,39403,99911.6,40787.8,36210,73821.3,321.84,47.46,30.575
63981.4,41028,102201,57291.3,47623,78841,531.36,102.9,30.588
97635.2,57490,111300,51538.1,43697,77296,336.42,94.08,30.591
60389.1,38748,102138,45005.8,38109,77396.4,463.32,73.5,30.624
70513.9,43864,105353,47938,39531,79473.4,601.02,73.92,30.653
72151.7,43076,109772,94889.3,73975,84064.5,821.34,89.46,30.655
72231,43927,107764,58387.5,47188,81090.2,650.7,84.42,30.658
53328.6,36988,94488.6,45779.6,41606,72110.1,933.66,49.98,30.744
87409.9,52863,108365,62853.3,53322,77250.6,433.08,78.54,30.762
120645,65105,121444,58239.5,47191,80879.6,416.88,26.04,30.802
77759.4,48679,104687,71927.5,59784,78847.8,1413.72,64.68,30.814
91319.7,54604,109602,72049.5,60202,78433.2,463.32,12.18,30.833
55650.6,35717,102111,41820.3,34911,78506.4,724.14,99.54,30.869
69772.2,42461,107689,38604.6,31275,80895,555.12,-10.08,30.884
87610.9,53856,106611,51445.8,43514,77482,415.8,52.08,30.9
64953.6,42341,100536,36561.2,32607,73483.5,426.06,-0.42,30.909
58951.7,37496,103037,53603.6,46711,75206.4,1090.26,36.12,30.91
65500.2,40844,105098,37982.5,32279,77115.9,374.76,83.58,30.928
76087.7,48437,102948,46286.1,40610,74696,325.08,60.06,31.008
48256,32484,97355.8,34075.6,29623,75386.7,1057.32,57.96,31.046
78204.8,48844,104931,58310.8,48602,78627.6,717.12,100.38,31.106
66315.5,43668,99524.9,47443.9,41650,74652.6,487.62,96.18,31.106
114180,61919,120850,56157.8,45355,81145.6,556.2,91.56,31.109
75120,46008,107005,37874,32334,76764.7,1494.72,99.12,31.132
55705.6,33746,108182,47757.6,39910,78422.5,332.64,89.46,31.142
43772.8,28576,100388,43070.9,37222,75834.1,456.84,65.52,31.166
97641.6,57137,111995,55972.6,46117,79541.6,665.28,60.48,31.187
66224,38588,112472,78073.7,62330,82089.5,593.46,57.12,31.195
96048,50700,124154,58695.8,41921,91760.5,30112,-80.22,31.208
81583.4,49897,107154,45642.4,40034,74717,504.9,72.66,31.226
47536,30340,102680,61703.6,52672,76773.4,983.88,33.6,31.226
106228,61647,112929,83135.7,65874,82709.1,488.16,75.18,31.229
88593.9,49409,117511,64640.7,53381,79359.6,327.78,47.46,31.236
103239,59481,113748,62596.8,51346,79896.1,786.78,69.3,31.255
93158.4,54273,112491,44613.7,36991,79041,2095.74,22.68,31.263
66941.4,42747,102629,42519.6,37976,73377,514.08,67.62,31.294
59717.8,39572,98899.8,37320.5,32259,75818.7,1095.12,102.06,31.302
103468,60590,111914,70989.5,58746,79194.6,808.38,77.7,31.335
50801.3,27805,119738,29154.1,20778,91955,1918.62,76.86,31.341
80812.8,49821,106304,79357.9,67378,77188.4,500.58,-32.76,31.351
62794.2,39873,103210,76733.5,64444,78033.7,4477.68,110.04,31.425
78727.7,45901,112405,51316.2,41022,81981.8,1303.56,70.56,31.428
61701.8,40708,99334,57382.6,50898,73885.5,420.66,84.84,31.477
75500.2,47933,103227,47443.3,39519,78677.2,360.72,39.9,31.527
42487,29143,95543.7,38836.8,33411,76178.8,732.78,-40.74,31.54
72705.9,45037,105799,52556.6,44708,77041,314.28,81.9,31.58
68758.4,42048,107167,36399.2,31462,75820.4,471.42,58.8,31.583
75530.9,47091,105115,50703.8,44741,74270.3,435.24,76.86,31.584
101641,58233,114388,75929.4,60050,82866.1,427.68,-0.42,31.606
103411,58105,116636,98019.2,79034,81278.8,1574.64,87.78,31.669
70650.9,44840,103260,46465.4,40831,74579.5,430.92,69.72,31.698
127985,70993,118147,72441,57040,83231,349.92,26.04,31.851
72613.1,44410,107155,82319.8,65001,82997.3,818.1,48.72,31.913
82612.5,50560,107082,62844.1,54586,75450.7,938.52,61.74,31.945
62249.6,40525,100668,46391.9,40406,75244.8,494.64,68.46,31.957
56625.3,35847,103523,84044,71183,77376.7,3729.24,85.68,31.967
65725.4,42645,101006,42113.5,37047,74498.7,349.38,100.8,31.978
85732.5,52040,107966,50535.9,43147,76759,1417.5,92.4,32.044
86995.8,51528,110646,56081.7,46454,79118.5,778.14,37.38,32.135
77027.8,45132,111852,94851,68930,90180.7,5913.54,106.68,32.158
79534.1,47684,109310,54408.2,44351,80397.3,363.96,39.9,32.161
75361.9,47007,105068,48292.2,40391,78356,1239.84,103.32,32.204
80585.6,45851,115183,48015.7,36467,86290.6,1827.9,21.84,32.209
79754.9,44646,117072,106773,86022,81344.9,328.32,65.1,32.213
86864,53236,106934,49867.9,41620,78523.4,840.24,99.54,32.213
74103,46447,104558,49340.9,42567,75965,1450.44,85.26,32.243
61054.1,37432,106894,43611.5,33681,84858.6,2922.48,39.06,32.268
49408.6,32837,98609.6,34058.9,30733,72628.2,674.46,-25.62,32.278
88426.2,54100,107118,39091.1,32662,78436,2142.18,83.58,32.287
76265,48714,102601,39793.7,34695,75167,449.82,67.2,32.292
69942.4,44360,103331,42802.6,37687,74431.7,334.8,70.14,32.302
98593.9,54572,118402,49265.8,41091,78574,406.08,23.94,32.319
103928,61633,110510,68435.3,54358,82508.1,328.32,88.62,32.377
61942.4,41055,98878.5,46906.6,41466,74134.7,385.02,85.26,32.411
62320,39553,103259,46113.8,39430,76645.1,402.3,102.48,32.434
106303,54989,126693,71277.3,51610,90510.2,1757.16,64.68,32.478
101528,57426,115866,60539.9,49659,79895.8,395.28,6.3,32.491
72609.3,43912,108365,55602.7,45860,79458.8,1221.48,100.8,32.511
72975.4,45972,104031,40792.1,34155,78271.2,757.62,95.76,32.512
123012,67305,119779,59898.4,48823,80402.7,343.44,-105.42,32.525
78669.4,48413,106494,57621.8,43859,86100.9,444.96,76.86,32.526
72998.4,47404,100920,40774.3,35992,74243.9,557.82,42.84,32.535
52903,36137,95941.9,70021.3,62381,73562.7,334.26,-42.42,32.54
104355,57112,119748,57326.9,42958,87457,561.6,5.46,32.574
91247.4,55827,107116,71820.5,60741,77490.2,522.72,67.62,32.619
42624.6,28792,97021.7,42956.5,37607,74858.3,727.38,-51.66,32.628
78982.4,47241,109570,54342.9,45634,78043.1,383.94,4.2,32.646
78446.1,46235,111194,50340.4,41796,78933.6,718.74,60.9,32.646
84249,49721,111046,47969.8,39062,80481,2334.96,65.1,32.661
62989.4,39009,105824,40054,34911,75190.5,346.14,55.02,32.682
74401.3,48080,101414,44102.3,37886,76289.2,498.42,72.66,32.699
84993.9,49258,113081,57830.2,47935,79064.6,638.82,61.32,32.705
67228.8,43047,102351,27595.6,24660,73337.7,657.18,-5.04,32.719
75310.7,47768,103324,54388.8,47887,74434.1,598.32,23.94,32.723
60511.4,38668,102557,44429,36571,79617.8,626.4,98.7,32.737
62421.8,40466,101094,61799.8,50543,80132,1098.9,84.42,32.812
57424.6,35949,104687,88883.5,69767,83493.1,20645.8,139.44,32.821
80694.4,48779,108415,39577.1,33119,78315.4,1151.28,66.36,32.897
51660.2,34562,97957.3,34236,30112,74511.5,346.68,70.14,32.959
48939.5,33313,96277.7,48520.1,43959,72335.9,326.16,27.72,32.96
80115.2,49512,106044,52212.1,44254,77321.1,932.58,71.82,32.97
82117.1,49766,108139,55425.6,45886,79160.8,384.48,39.48,33.065
75388.8,45706,108097,55687,47311,77138.5,474.66,39.06,33.11
92446.7,52256,115941,63255.6,50046,82834.2,810,-21,33.14
70005.8,44476,103154,49862,42907,76159,562.14,55.02,33.223
80314.2,49167,107053,48407.8,41588,76282.9,468.72,94.08,33.418
84040.3,48469,113633,51668.3,43034,78685,475.2,56.7,33.475
80327,48884,107690,52601.4,43143,79903.7,1077.84,104.16,33.484
104902,57989,118555,73013.4,51823,92333.6,1039.5,7.14,33.491
59687.7,39288,99564.5,38311.4,33878,74112.3,1096.74,10.08,33.518
52604.2,34566,99735.8,34985.5,28431,80644.8,414.72,-94.5,33.518
71506.6,45833,102246,38507.9,34423,73313.1,408.78,-10.92,33.52
100941,57742,114566,63515.3,52386,79459,583.2,-2.94,33.555
58256.6,37840,100896,32742.9,29163,73580.9,1126.44,-1.68,33.611
77575,48605,104597,72640.8,64233,74114.4,361.8,-5.04,33.667
87856,50725,113509,77069.3,55587,90863.3,529.2,63,33.691
98844.2,56133,115402,53241.3,42713,81689.9,1016.82,12.6,33.705
85495,51171,109496,55625.9,46005,79241.4,614.52,57.96,33.725
70097.3,41740,110060,65623,50835,84600.5,708.48,99.54,33.731
55795.2,33615,108779,45460.4,36479,81671.5,2939.22,43.68,33.753
54646.4,36053,99334.5,50337.7,44443,74228.4,414.18,-67.2,33.758
82051.2,47249,113808,45751,38425,78030.8,1688.04,-25.62,33.758
61676.8,38384,105306,42946.2,36218,77710.6,442.8,9.66,33.77
66503,41232,105703,47176,39843,77597.8,398.52,76.44,33.783
65561,42518,101054,41352.7,35742,75823.6,669.06,79.38,33.8
75728.6,47991,103414,53963.3,46489,76072.6,3486.78,42.84,33.801
94030.7,53945,114235,53206.7,44108,79055,299.7,28.14,33.828
62675.2,40154,102293,33599.3,29254,75270.6,313.74,74.34,33.875
62174.1,37820,107738,51558.1,41410,81596.5,1076.76,6.3,33.957
100054,52288,125404,32600.9,23419,91230.7,12178.6,-11.76,33.96
85281.9,44552,125450,110769,75046,96732.2,10443.6,-199.5,33.964
69840,44249,103438,35698.3,29311,79817.3,1097.28,98.7,34.02
60439,38065,104057,52883.8,44293,78247,415.8,32.34,34.04
49152.6,31822,101228,51663.4,43523,77793.7,761.4,-43.68,34.051
62951,40244,102514,48694.5,42434,75204.9,379.08,81.48,34.076
69232.6,42656,106368,40545.9,35198,75493.4,496.26,102.06,34.088
76116.5,46545,107173,37078,31455,77251.5,847.26,95.34,34.088
65409.9,39289,109107,77184.9,61846,81790.1,399.6,79.38,34.092
70856.3,42961,108090,54974.2,46383,77674.7,551.34,93.66,34.1
88922.2,52565,110865,55240.4,43499,83225.7,609.12,100.38,34.103
110238,54660,132173,119332,93538,83608.1,3573.72,109.62,34.111
51024.6,31925,104744,46842.3,39699,77328.3,400.14,99.54,34.115
68096,42280,105552,39181.3,32917,78007.9,508.68,57.12,34.132
72865.3,46220,103317,51713.1,44043,76949.1,307.8,82.74,34.136
61863,39796,101876,49695.1,43722,74489.3,433.08,85.26,34.152
61617.9,38534,104796,36130.9,31185,75929.8,647.46,-33.18,34.166
64261.1,40520,103934,44176.9,36895,78470.7,406.08,94.92,34.198
136024,68993,129209,93174.3,67042,91081.3,2569.32,90.72,34.211
87221.8,52465,108952,43340.4,35926,79061.3,632.34,80.64,34.228
63765.1,42474,98387.5,35244.7,31142,74169.9,11128.3,126.84,34.249
164412,76696,140489,90192.4,65741,89911.2,508.14,86.52,34.27
58092.8,38772,98193.8,55204.2,46571,77684.9,489.24,70.98,34.317
66378.9,42860,101498,49280.9,42892,75297.9,784.62,76.44,34.326
67466.2,43408,101858,51923.7,43634,77986.7,414.72,68.88,34.334
94275.8,53749,114950,50755.1,41259,80619.7,613.98,18.9,34.411
103365,58801,115204,55854.9,45539,80381.8,332.64,43.26,34.419
58276.5,38660,98789.6,34503.3,30878,73230.4,299.7,65.94,34.445
40195.2,26640,98882.6,45106.2,39589,74669.2,345.06,41.58,34.495
98633.6,58609,110291,64140.1,52187,80546.6,939.06,93.24,34.536
57523.2,35009,107682,55963.4,46784,78394.8,615.06,85.26,34.547
53188.5,33440,104239,70381.4,57155,80701.9,2369.52,97.86,34.554
57332.5,38783,96881.1,70684.9,62686,73898.6,736.56,15.54,34.566
86588.2,50861,111572,87686.8,74318,77325.1,1873.8,49.98,34.57
69724.2,43608,104784,58444.7,47807,80118.7,412.02,52.5,34.575
68635.5,43512,103376,46703,41410,73912.7,593.46,86.1,34.647
80077.4,46803,112129,41722,34394,79499.2,355.32,47.88,34.659
90529.9,52105,113866,64388.5,47449,88932.7,13881.8,88.2,34.677
75022.7,42425,115891,48988.8,35945,89317.9,1043.82,-166.74,34.677
104231,58063,117646,52713.7,42029,82196.7,312.12,5.04,34.682
59301.8,37632,103274,35801.5,31954,73426.9,444.96,30.24,34.686
72621.4,45796,103924,31240.6,25412,80567.7,1581.12,-52.08,34.757
65470.1,41920,102353,47041,41018,75159.2,639.9,73.92,34.782
83507.2,51893,105462,56394.4,49565,74565.9,612.9,102.9,34.806
71859.8,45202,104186,47549.7,40216,77487,849.42,34.44,34.821
74968.3,43913,111883,52682.4,40706,84817.8,790.02,98.28,34.829
65463,39187,109480,58548.4,47387,80972.2,748.44,20.16,34.83
76765.4,48109,104573,48635.1,40288,79114.1,1963.44,24.36,34.833
82862.7,49496,109716,103109,77675,86995.4,1918.62,97.86,34.893
110700,63288,114632,62644.9,51771,79301,384.48,74.34,34.934
63957.8,40209,104244,36311.2,29690,80151.3,334.8,91.98,34.971
61230.1,33345,120341,53274.8,40258,86726,5382.72,68.88,35.008
74993.9,46999,104572,42448.9,36547,76119.2,908.82,28.14,35.033
93553.9,53868,113818,52764.5,42710,80964,659.34,84.42,35.042
60608.6,38368,103525,38988,32582,78421.1,523.8,-33.18,35.099
77508.5,47988,105851,40081,33986,77289.1,1346.22,91.98,35.102
72972.2,46100,103738,47124.7,41446,74515.4,405.54,62.16,35.103
97605.8,51230,124862,78251.9,53964,95032.2,37677.4,152.04,35.104
92844.2,53332,114090,58159.1,44802,85074.6,517.86,28.14,35.106
74157.4,45483,106853,55879.7,47734,76719.6,935.28,100.8,35.115
66889,41221,106345,48499,38115,83390.6,544.32,102.06,35.119
116001,63533,119658,69284.7,55650,81592.9,495.18,100.8,35.153
106452,61892,112720,67818.1,53882,82486.3,2079,71.82,35.209
59470.1,38233,101939,51841.6,43630,77870.6,320.76,11.76,35.317
50858.9,30524,109196,50343.1,40624,81215.2,322.38,91.56,35.329
73684.5,46468,103921,45100.8,36667,80610,428.22,68.04,35.343
78182.4,48784,105030,56347.4,47919,77063,466.02,86.94,35.374
110920,61120,118934,70260.5,53654,85820.1,318.6,45.36,35.385
61440.6,40171,100236,34264.1,30943,72569.9,521.64,-12.6,35.42
75439.4,47844,103336,49752.9,43810,74426.1,345.6,0.84,35.435
64826.9,40173,105755,39625.7,31273,83040.1,2184.3,76.86,35.442
93068.2,55957,109000,47102,39451,78245.9,1161,3.78,35.588
62718.1,40277,102051,52301.7,44818,76479.2,316.98,-32.76,35.592
73709.4,45461,106259,46965.4,39588,77749,343.44,38.22,35.613
68034.6,42853,104047,41582.7,36310,75052.7,369.9,76.86,35.614
50092.8,30779,106660,54869.4,45025,79865,494.1,63.42,35.652
72203.5,44656,105964,41245.2,34421,78529,538.92,99.12,35.657
59440,35151,110821,58092.1,47641,79912.8,894.24,16.8,35.661
62206.7,37242,109467,24344.8,19058,83716.1,12661.9,-87.78,35.667
49881.6,33074,98840.2,19762.4,16703,77539.8,606.96,22.68,35.671
76673.3,46797,107376,50548.3,38453,86150.2,33637.7,22.68,35.671
74715.5,46969,104251,52350.3,44263,77510.1,1018.44,34.44,35.684
72847.4,46532,102599,38023,32438,76819.7,387.18,18.06,35.771
54574.7,34753,102915,36053.6,31262,75580.9,858.6,82.32,35.777
73612.8,45748,105454,70994.3,56100,82935.6,415.26,50.4,35.791
65595.5,41037,104756,63481.9,43357,95955.6,1738.8,-70.14,35.893
115424,58440,129439,76849.6,52157,96562.6,45337.9,178.5,35.946
112493,61653,119578,64053.2,50580,82993.1,357.48,33.6,35.955
94181.8,54511,113230,67504.3,47790,92570.9,363.42,20.58,35.995
49157.8,32594,98840.4,31838.9,24089,86620.3,14932.1,71.82,36.019
53208.3,34976,99698.7,40475.2,34921,75959.5,422.28,5.88,36.057
49667.8,32517,100102,39912.5,35079,74566.1,412.02,-1.26,36.119
89093.8,54290,107549,127116,92275,90281,310.5,84.42,36.12
54805.8,33949,105798,44270.8,36079,80416.1,1733.4,71.82,36.151
56412.8,38273,96597.3,39088.4,35059,73068.3,581.58,73.08,36.199
68850.6,41969,107512,68180.4,55259,80860.5,1608.12,90.72,36.208
53001.6,33051,105096,80645.2,66536,79433.2,331.02,75.18,36.329
74158.7,42945,113170,102799,75986,88661.8,2300.94,103.74,36.341
64678.4,39921,106179,91971.7,73398,82120.2,590.22,95.76,36.369
100417,60225,109272,67008.6,55006,79836.3,575.1,83.58,36.427
89408.6,53396,109736,56069.3,46151,79620.3,351,55.86,36.441
75479.7,45812,107977,36338.2,30738,77476.2,454.68,24.36,36.48
59269.8,38347,101294,46560.4,39001,78238.6,440.1,45.36,36.483
52289.9,34609,99016.8,32496.7,26519,80308.5,591.3,14.7,36.508
60546.6,37477,105878,83896.6,69950,78602.5,489.78,30.24,36.518
58400.6,36585,104615,73373,59206,81217.7,2165.94,40.32,36.576
82755.8,48365,112137,43690.3,36527,78388.3,1562.76,33.18,36.589
74147.8,46353,104834,47809.4,40131,78075.3,764.1,63.84,36.626
75178.9,47540,103637,35481.8,31864,72976.8,342.36,55.02,36.632
75918.7,47254,105291,42223.1,37226,74333.4,428.76,85.68,36.665
74653.4,47360,103304,50569.9,43171,76768,536.76,80.64,36.678
72403.8,45641,103965,43194.6,36862,76794.6,519.48,19.32,36.698
74830.7,46294,105934,40224.6,34410,76610.3,912.06,101.64,36.705
51617.3,34553,97901.5,32208.3,28950,72912,590.76,91.56,36.706
76616.3,45548,110238,58190.4,48293,78967.3,568.08,-48.3,36.708
107404,59535,118230,66659.2,52497,83215.8,1141.56,49.14,36.739
73833,46177,104786,55144.8,46966,76948.6,307.8,68.04,36.747
84699.5,49236,112740,59970.2,47099,83445.7,301.32,44.52,36.808
49774.7,33657,96920,35346.2,29055,79726.4,518.94,49.56,36.849
63954.6,39778,105368,42030.4,32020,86024.4,6375.24,103.74,36.857
78201.6,47520,107850,40940.6,32838,81706.7,1715.58,55.86,36.857
73367,44463,108139,46386.5,38289,79395.9,918,-10.5,36.862
69995.5,44209,103762,42127,36789,75045.2,469.8,87.36,36.871
122892,62784,128278,62357,46582,87729.8,5983.2,-60.48,36.882
50456.3,33733,98025.8,31005.7,28161,72156.2,561.06,6.3,36.883
62222.1,39960,102047,37081.8,32599,74548.1,605.34,86.52,36.915
76396.8,47324,105797,53906.6,44675,79078.3,801.9,15.96,36.926
64052.5,41037,102292,40807.3,34354,77846.7,539.46,95.76,36.965
66883.8,43662,100392,34675.6,30513,74476.4,493.02,-68.88,36.969
61568,40993,98429.5,47912.6,42390,74074,631.26,42.84,37.004
66998.4,41644,105437,39775.3,32715,79679.5,336.42,38.22,37.036
66455,43575,99947.2,58409.1,51472,74368.6,339.12,60.48,37.049
73671.7,45902,105184,44217.4,35233,82247.6,663.66,49.14,37.054
87640.3,49476,116089,58620.8,48003,80031.9,370.44,48.72,37.075
82688,49097,110374,41351.6,35075,77263.5,422.82,54.6,37.128
52604.8,36060,95604.8,43804.8,38642,74292,859.14,70.98,37.153
72375.7,44076,107614,42235,34734,79688.9,1140.48,49.14,37.199
65780.5,42525,101375,36556.9,31899,75105.6,358.56,78.96,37.244
90817.9,53823,110582,81953.6,65124,82472.1,5111.1,70.56,37.279
118810,63526,122569,74834.3,56179,87298.5,2622.78,61.32,37.414
64004.5,41964,99957,78961,66764,77508.6,1027.08,31.92,37.433
75911,46673,106591,59250.4,49528,78400.8,508.68,28.56,37.435
85393.9,47401,118065,66637.6,51907,84134.4,328.32,96.18,37.435
87360,50725,112868,111432,89278,81798.7,381.78,101.22,37.474
83672.3,50366,108874,35122.7,28902,79641.5,365.04,68.04,37.508
64035.8,36441,115163,76026.6,58787,84754.8,545.4,86.1,37.533
80622.7,49089,107635,53299.1,45345,77031.8,342.36,58.38,37.584
85166.1,47983,116321,46764,34493,88850.7,1520.1,34.44,37.611
75473.3,45701,108230,74050.2,61127,79391.3,800.28,-102.06,37.613
69744,44559,102577,39288.8,31888,80746,393.12,69.3,37.652
70526.7,42569,108578,40806.7,35634,75049.4,453.06,70.14,37.667
114040,59598,125402,64124.5,49902,84214.3,389.88,96.6,37.675
64789.8,41261,102907,32247.7,28424,74352.2,656.64,69.72,37.724
63847.7,40729,102736,41665.9,36430,74955.1,435.78,11.34,37.725
75829.1,47992,103549,58723.4,50923,75574.8,723.06,93.24,37.794
110969,62584,116203,59953.5,49234,79804.9,918.54,-36.54,37.809
89786.2,54780,107416,56698.9,47350,78475.6,299.16,-36.12,37.822
58108.2,39136,97306.2,28712.9,25865,72751.9,425.52,82.74,37.829
48232.3,30520,103570,68693.4,54774,82190.3,416.88,73.5,37.842
79313.9,48520,107129,61717.1,50488,80112,374.22,46.62,37.918
42686.7,30752,90970.2,30966.8,28418,71414,433.62,-12.6,37.922
61230.7,35988,111504,36961.4,28879,83877.6,38438.3,155.4,37.949
70984.3,45429,102402,41393.7,35995,75365.4,388.8,57.54,37.973
113794,58315,127885,90050.9,65044,90732.1,1141.02,23.94,37.976
54959.4,35109,102590,70089.3,59995,76562.6,315.9,7.56,37.981
70894.1,44943,103378,43207.6,36386,77822.5,403.92,33.18,37.985
68439,44045,101833,43812.4,37903,75753.6,744.66,6.3,37.986
65700.5,38497,111846,68412.1,54763,81870.1,524.88,99.12,38.056
72817.3,43792,108973,68096.7,56798,78572.9,1018.44,67.62,38.067
69020.8,43039,105099,55613.5,46874,77755,860.22,96.6,38.074
61318.4,38786,103609,48626.5,40815,78078.7,1022.76,30.66,38.169
111441,53931,135421,60385.5,42821,92417.8,1050.3,-141.54,38.171
90033.9,54529,108208,45214.7,37612,78783.2,296.46,31.5,38.189
63741.4,42029,99392.3,39988.6,34995,74887.7,360.18,94.92,38.212
66367.4,41062,105924,48611.9,40783,78116.6,377.46,69.3,38.238
73377.9,47342,101578,59701.3,53464,73181.7,592.38,-48.72,38.244
70426.9,41287,111791,30762.2,21867,92195.1,900.18,7.14,38.367
70963.8,45897,101329,34748.5,31154,73097.4,2879.82,73.5,38.392
68518.4,43053,104300,44261.6,38486,75371.1,419.04,52.92,38.393
51843.2,31044,109445,51209.8,37473,89560.1,31107.8,106.26,38.449
112244,62445,117800,91343.7,67936,88116.8,394.74,66.78,38.466
82506.2,47936,112799,54027,43932,80595.3,307.26,92.82,38.49
62737.9,40497,101528,56395.4,48724,75854.4,4341.6,44.1,38.498
79235.8,48839,106325,52999.9,39782,87310.9,351.54,77.28,38.502
56179.8,34677,106174,60597.7,50506,78630.9,781.38,52.92,38.563
63536.6,39048,106636,56269.1,45654,80773.9,320.22,0,38.585
61138.6,39225,102149,54661,46327,77325.6,683.64,90.72,38.586
89224.3,53280,109749,40376.3,34054,77703.2,536.76,74.34,38.671
56690.6,36285,102391,47852.1,40820,76825.9,385.02,-69.3,38.683
95385.6,57658,108418,69477.5,59162,76962.9,1135.08,29.4,38.685
84492.2,51240,108066,67852.1,57351,77535.8,832.14,29.82,38.704
72624,46153,103124,50615.8,44751,74124.8,672.84,55.44,38.726
69218.6,44185,102666,57039.1,49122,76098.6,497.88,44.94,38.771
66238.1,39484,109943,52341.1,39559,86711.7,2879.28,0,38.803
104629,56939,120427,71389.1,57560,81281.4,958.5,78.12,38.856
57426.6,37624,100029,29177.8,25714,74364.1,408.24,60.9,38.877
87688.3,52512,109437,56712.4,48363,76850.2,331.02,26.88,38.944
64755.8,38934,109001,44603.5,37444,78066.8,300.78,96.18,38.954
48020.5,30216,104152,38288.2,32346,77575.4,476.82,35.7,38.98
75938.6,46100,107955,45209.3,35099,84413.8,468.18,94.5,38.999
92947.2,57258,106385,55046,45752,78848.9,423.36,99.54,39.006
84104.3,48401,113879,46139.8,37891,79803,1347.84,104.16,39.044
83925.8,50867,108128,61430.9,50953,79012.8,1837.62,47.88,39.054
69639.7,41162,110877,68832.7,56883,79303.5,1131.84,35.7,39.068
59129,39316,98562.3,36858.2,31590,76465.4,813.78,75.6,39.08
60730.2,36110,110219,68405,55575,80665.6,299.16,75.18,39.102
76459.5,48240,103873,58264.9,50168,76113.3,475.2,15.12,39.107
55405.4,34393,105575,28328.4,22762,81562.7,10230.3,-15.54,39.14
54495.4,35376,100956,37447.4,31082,78957.3,331.56,34.02,39.152
57443.2,37580,100176,40479.5,34431,77048.7,666.9,38.22,39.171
97226.2,53953,118099,57332.3,45294,82954.3,456.84,-11.76,39.251
115883,62808,120916,71195.8,56265,82927,642.06,55.44,39.273
52389.8,31663,108436,55867.9,47573,76962.9,1973.16,-98.28,39.289
101095,57549,115126,61241.9,49397,81250.9,902.34,67.2,39.304
42474.2,28432,97903.5,25876.8,22841,74246.4,623.7,27.3,39.352
85707.5,52621,106743,66670,56155,77807.6,451.44,70.98,39.426
50783.4,34273,97106.7,48283.6,42911,73741.3,835.92,96.18,39.437
66915.8,43101,101747,54428.8,47058,75801,506.52,100.8,39.456
81820.8,49066,109286,48903.5,37795,84798,416.34,52.92,39.474
85580.2,50945,110091,58995.5,50043,77260.2,1594.62,96.18,39.488
84974.1,51772,107565,45093.8,38983,75809.1,473.04,8.4,39.509
55312.6,37240,97340.7,41124.2,36475,73889.5,787.32,-6.72,39.568
41760,29541,92643.6,42888.4,35920,78249.9,441.18,62.58,39.572
76506.9,45410,110415,48740.4,39367,81140.3,839.16,80.64,39.574
60165.1,38612,102118,44365.9,39527,73558.9,307.26,55.02,39.621
43271,28096,100933,53183,44015,79186.6,372.6,33.6,39.63
51846.4,33431,101636,41582.7,35930,75846.5,372.6,-27.72,39.644
55621.8,33144,109982,44860.5,35948,81784.2,1985.58,73.5,39.749
77582.7,47824,106316,42732.9,36270,77213.8,1026.54,84,39.761
59983.4,38788,101348,35596.8,31642,73727.1,360.72,41.58,39.795
53159.7,35324,98626.2,32706.7,28193,76028.4,1434.24,-66.36,39.807
101631,57188,116466,57298.9,42298,88778.2,18052.7,-55.02,39.851
69002.9,42893,105429,53987.6,44770,79029,839.7,20.16,39.852
146903,77332,124495,83038.5,63907,85155.2,387.18,50.82,39.859
92584.3,53840,112697,71174.7,57111,81674.4,452.52,62.58,39.898
65347.8,41364,103535,43916,38211,75320.8,871.02,1.26,39.908
55945.6,36856,99480.4,35678.9,30751,76038.2,315.9,99.54,39.937
72034.6,44992,104927,68280.8,58319,76730.6,510.84,52.08,39.975
87479.7,52040,110167,52034.9,42610,80032,697.14,100.8,39.993
84634.9,52485,105680,55340.8,46433,78108.6,456.84,59.64,40.028
102020,59586,112208,62491.5,50573,80980.8,436.86,73.08,40.089
61893.8,39377,103011,40717.6,35059,76113.7,1326.24,17.64,40.11
61596.8,39813,101394,42972.1,37671,74758.3,753.3,100.8,40.112
69826.6,42882,106715,37157.4,31790,76601.1,359.1,43.26,40.141
67123.8,43477,101181,39032.3,32605,78454.8,298.08,53.34,40.143
85574.4,52096,107651,55482.8,46463,78258.5,470.88,-0.42,40.144
58456.3,39789,96282.7,52058.7,44678,76362.4,475.74,94.08,40.151
58307.8,37712,101327,47730.6,41006,76283.3,615.06,0,40.202
71776,46600,100942,44154.2,38973,74248.5,910.44,40.32,40.237
69779.8,42560,107450,77294,63085,80297,2795.58,20.16,40.297
64839,38842,109399,79529.6,63858,81619.4,973.62,-28.98,40.309
67522.6,42173,104929,34150.1,29783,75145.7,1425.6,24.78,40.347
82321.9,50132,107617,63112,51161,80844.9,509.76,34.86,40.368
44257.9,25932,111850,68645.9,53492,84101.9,686.34,2.1,40.375
98929.9,60408,107328,68810,58442,77162.6,1063.26,88.62,40.41
79989.1,45678,114763,91963.1,73623,81861.5,663.12,61.74,40.469
126308,65517,126344,120133,82863,95012.5,1060.02,10.92,40.472
102010,57186,116905,68341.3,53072,84391.3,365.04,21,40.479
62005.1,40180,101134,49511,42030,77200.9,482.76,36.54,40.481
60443.5,39239,100951,34117.7,30335,73708.3,498.96,100.38,40.565
76601,42790,117320,45215.3,35221,84132.4,1469.88,86.94,40.574
71985.3,45168,104446,39945.4,33987,77025.4,990.9,-40.32,40.582
100804,58090,113725,61473.1,50537,79717.8,369.36,44.52,40.602
90974.7,56045,106381,59288.2,50554,76858.7,617.22,-28.14,40.604
58299.5,37699,101348,27927.2,25172,72709.2,298.08,92.4,40.606
77256.3,49117,103082,38513.3,32826,76890.6,834.3,44.52,40.613
65748.5,41200,104585,40789.4,33930,78785,361.8,66.78,40.626
61070.1,38956,102739,38758,32871,77273,332.64,-21.42,40.632
66969.6,37659,116544,70301.5,52465,87816.3,723.06,13.02,40.661
68933.1,42580,106097,45923.2,36780,81827.7,727.38,-56.7,40.674
85904.6,48853,115241,58136.4,39438,96608,2464.56,86.1,40.681
53808,35216,100135,36714.1,32315,74457.5,356.94,98.7,40.726
51098.9,35273,94939.9,44981.5,39651,74346.3,589.68,57.54,40.729
66998.4,41130,106754,67228.9,55574,79280.1,2121.66,22.68,40.731
70211.2,44681,102982,44491.1,38015,76700.5,1544.94,34.02,40.774
61777.3,39332,102935,35508.2,28982,80293.6,531.9,85.26,40.792
70785.9,43800,105914,43853.4,37662,76309.7,326.16,22.68,40.817
84754.6,52619,105560,51235.7,44357,75699.1,567,31.5,40.828
103546,59511,114029,69620.6,54939,83049.5,1081.62,-81.06,40.837
65361.9,42629,100485,35681.6,31119,75144.7,299.7,44.1,40.844
93148.8,54992,111009,77016.4,62458,80811.9,685.26,20.58,40.847
105996,61948,112135,69533.1,57160,79722.2,486,78.12,40.865
67659.5,43236,102557,37564,32158,76553.1,665.28,-23.1,40.882
142672,73676,126909,55696.7,42810,85263.7,6085.8,113.82,40.959
82832.6,48780,111286,45929.7,37359,80570.9,1454.22,92.82,40.963
77746.6,46076,110582,47829.4,39919,78522.7,416.34,-24.78,41.017
75942.4,45752,108781,36235.6,30644,77494.4,483.84,79.38,41.026
88944,50340,115793,60323.4,48963,80741.7,346.68,67.62,41.056
84743,51284,108293,45977.8,36655,82204.3,383.94,100.38,41.101
72727.7,45737,104211,39888.7,34063,76744.5,488.16,86.52,41.11
89780.5,53227,110543,52394.6,43919,78183.3,1034.1,7.98,41.14
75502.1,44036,112365,43495.4,35906,79388.2,441.18,48.72,41.147
102094,58663,114055,60559.4,49203,80662.1,610.74,86.52,41.161
84910.1,46648,119291,52341.7,39703,86398.1,891.54,-4.62,41.203
67463,42285,104559,53154.9,44267,78694.3,309.96,99.96,41.211
70494.1,42521,108650,49463.5,39658,81739.8,926.1,47.88,41.313
64597.8,38552,109812,45004.7,35943,82058.5,558.36,76.86,41.322
81468.2,49518,107821,67547.5,57616,76832.7,414.72,33.6,41.325
60156.8,38999,101091,40440.1,34560,76686.3,573.48,21.42,41.337
91180.2,53657,111366,67044.2,54343,80853.3,358.02,97.02,41.409
64889,42641,99729.4,75136.7,62236,79120.7,498.96,47.46,41.437
91804.2,54769,109852,64633.7,53845,78667.2,323.46,61.74,41.489
71949.4,44203,106673,45639.2,37869,78983.1,561.06,86.52,41.503
75872,47312,105097,55856,46098,79408.6,1115.1,34.86,41.535
117706,65924,117013,78673.1,59448,86730,421.74,99.12,41.577
68040.3,44081,101157,44678.5,39597,73946.3,447.66,-66.78,41.578
76631.7,49125,102232,49193.5,40539,79526.9,435.78,-8.4,41.59
66690.6,40533,107829,52328.2,37681,91010.8,1409.94,59.22,41.597
61025.9,39881,100283,39491.8,34603,74795.1,563.76,58.38,41.597
89719.7,51424,114341,49103.3,39786,80883.5,413.64,79.38,41.639
64646.4,42596,99461.6,36509.9,32295,74089.4,385.02,50.82,41.646
74181.1,44897,108282,46176.5,38258,79100.4,691.74,84.84,41.652
63216.6,36664,112998,36729.2,27003,89141.3,14473.1,0,41.665
91273,51245,116727,49704.3,39454,82562.5,337.5,64.68,41.697
82259.2,49005,110008,53853.7,44647,79050.2,414.72,38.22,41.742
85079.7,51941,107348,38220.7,30958,80910.6,775.44,50.4,41.758
82018.6,48377,111110,89552.5,72275,81202.5,313.2,70.98,41.776
75572.5,45729,108306,41859.7,34705,79046.8,372.06,-1.26,41.856
57686.4,37797,100022,44775.7,40110,73159.4,745.74,53.34,41.865
58507.5,36802,104189,43758.4,37298,76887.5,378.54,64.26,41.906
85892.5,51547,109202,97444.6,77184,82739.1,1059.48,74.76,41.987
77530.2,47601,106742,49317.7,41446,77983,432.54,97.86,42.001
75786.9,47664,104204,56937.6,47731,78176.9,1173.42,103.32,42.03
61759.4,38632,104770,65067.8,55174,77288,298.62,86.1,42.086
71212.2,46424,100529,60272.6,50946,77533.6,1298.7,24.36,42.106
65888.6,42406,101827,39972.4,34895,75071.9,523.26,89.04,42.154
46240,33663,90021.2,28878.7,24881,76065.8,500.04,57.96,42.175
53587.8,33511,104799,78486.3,64519,79723.5,490.86,102.06,42.205
64201.6,39217,107288,38793.6,32315,78674.8,308.88,-2.94,42.283
61341.4,39828,100936,38714.2,32648,77713,677.7,80.22,42.316
70138.2,44629,102995,53993,45584,77625.6,813.78,47.04,42.389
104580,61337,111739,34320.2,27798,80912.7,303.48,93.24,42.407
60573.4,39620,100195,41542.2,36478,74634.3,2164.32,81.48,42.407
80971.5,49600,106987,47881.3,40465,77547.2,905.58,79.38,42.425
64256.6,38272,110031,68348.3,52884,84700,336.96,83.16,42.427
50621.4,32424,102317,58701.2,48902,78668.5,518.4,-26.04,42.47
59908.5,38248,102650,55171.3,47110,76750.2,360.72,89.88,42.475
88288.6,51329,112725,63087.1,51276,80631.8,426.6,7.56,42.524
40424.3,27461,96473.1,48802,41603,76876.3,329.94,78.12,42.554
74182.4,45140,107701,41051.9,35234,76357.4,727.92,85.26,42.57
60860.2,38560,103437,42539.6,37118,75108.4,604.8,70.14,42.661
71678.7,45010,104366,44735.8,36836,79590.7,1548.72,72.24,42.677
53475.8,36345,96425.7,38025.2,32863,75830.5,551.34,48.72,42.681
79808,48720,107354,43585.6,36301,78687.2,413.1,100.8,42.698
60238.1,37801,104435,41849.5,35530,77192.4,877.5,95.34,42.705
44963.8,30197,97584.2,31657.5,27025,76769.9,309.42,-26.04,42.732
59947.5,39481,99509.2,45252,39994,74152,1222.02,44.1,42.738
80448.6,49876,105708,56210.8,47816,77041.8,397.44,39.48,42.755
77903.4,48609,105031,55417,47711,76120.9,442.26,78.12,42.759
41825.3,29145,94049.1,44788.7,39922,73525.2,1382.94,-22.68,42.76
73553.3,45494,105957,47652.3,40865,76420.9,1164.78,-6.3,42.793
126606,68886,120449,69994.8,51257,89493.7,1082.16,67.2,42.812
82318.1,49424,109153,69273.4,56623,80177.6,497.34,52.92,42.845
96475.5,52857,119617,47774.9,35869,87289.2,3687.12,97.86,42.906
66250.2,42277,102698,41605.9,36103,75525.2,456.3,-5.46,42.93
46720.6,30608,100035,62263.6,53725,75951.8,2238.3,105.84,42.951
54398.7,34700,102740,36574.7,31603,75846,542.16,91.56,43.015
62927.4,40449,101956,50084.5,42983,76363.6,1826.82,77.7,43.027
40766.1,27977,95494.4,21604.3,19935,71023.9,716.04,-58.38,43.033
116504,68465,111520,70710.3,56715,81708,535.68,34.02,43.107
51424.6,35349,95339.8,32183.5,28326,74460.8,1974.78,15.54,43.137
67581.4,42993,103017,40896.4,36546,73337.3,301.32,49.14,43.156
79797.8,47785,109441,43108.7,36211,78019.8,303.48,95.76,43.164
98696.3,51441,125739,93359.5,62584,97763.2,27644.2,134.4,43.198
62819.2,41089,100195,55032.5,47514,75906.2,443.34,61.32,43.21
44542.7,27244,107148,61602.7,49820,81035.6,402.3,18.06,43.309
76088.3,46040,108309,65783.9,56008,76974.9,510.3,93.66,43.316
106643,62297,112187,60934.1,48708,81986.1,390.96,32.34,43.35
87402.9,53211,107648,62053.6,51186,79450.3,305.1,6.72,43.383
110295,63268,114249,67319.1,54725,80618.1,732.24,94.5,43.432
83285.8,50318,108474,48561.7,41709,76303.4,559.98,89.46,43.433
59908.5,36085,108803,39503.7,32358,80008.5,307.8,69.3,43.439
62683.5,41255,99576.5,42133,36902,74825.9,881.82,102.48,43.447
51971.8,35207,96742.9,27394.2,24032,74704.8,380.7,101.64,43.448
72653.4,43845,108597,57594.2,48774,77387.5,419.04,94.92,43.505
84695,46837,118508,45575.5,35642,83801,391.5,-70.56,43.517
43596.8,30817,92713.8,35937.5,32242,73047.7,859.68,70.98,43.537
83171.2,48463,112472,65005.2,55217,77153.4,520.02,37.8,43.584
52272,32523,105332,36571,30985,77350.8,428.22,39.48,43.622
45294.1,29288,101352,38529,32280,78222.9,443.34,69.3,43.626
80450.6,50443,104522,53921.2,46758,75575.9,404.46,82.32,43.647
77541.1,45071,112750,60954.7,48635,82136.8,554.58,73.08,43.668
69539.2,43897,103818,44514.4,37990,76791.1,522.18,81.06,43.694
67955.2,38637,115265,89547.7,72050,81451.7,482.22,99.12,43.718
98885.1,57301,113096,83961.9,70343,78224.2,641.52,96.18,43.763
63591.7,39676,105039,37702.8,32151,76852.7,463.86,63.84,43.773
64493.4,39321,107491,40493,31259,84895.5,31473.9,29.82,43.827
94920.3,60108,103492,72762.8,60315,79061.4,666.9,97.02,43.828
94741.1,53653,115724,68912.6,56607,79782.7,384.48,81.9,43.847
65999.4,37289,115995,49468.9,37854,85644.6,6228.9,-336.84,43.85
45141.8,31806,93014.2,32944.3,30155,71598,328.32,49.14,43.884
83890.6,51288,107196,50120.6,41942,78315.5,343.98,61.74,43.9
75459.8,46676,105950,55571.4,45915,79318.9,718.74,62.16,43.943
79993.6,49361,106207,53716,46887,75081.1,941.22,97.02,43.973
66810.2,42210,103731,40735.4,36372,73398.2,832.68,65.52,43.983
105471,62389,110792,61408.8,47747,84287.8,907.74,42.42,44.016
84802.6,49556,112148,73488.6,61970,77717.4,657.18,-17.64,44.031
94582.4,56854,109026,50477.6,43487,76071,392.04,77.7,44.033
62415.4,39009,104859,33198.1,28327,76805.6,312.66,49.56,44.036
74035.8,46886,103485,36836.1,31714,76120.7,338.04,77.7,44.08
59159,41013,94532.1,36127.1,32619,72584.2,597.24,0.84,44.089
91924.5,54019,111523,50282.1,41750,78929,303.48,60.9,44.138
90492.2,53837,110156,41295.4,34222,79081.8,803.52,90.72,44.231
92876.8,54419,111850,64600.7,55578,76175.4,681.48,103.32,44.258
73728.6,46689,103491,51192.5,42430,79070.3,568.62,60.9,44.279
56623.4,39041,95050.5,51993.4,45985,74098.9,410.94,89.04,44.362
99989.1,55445,118187,89624.9,67555,86946.3,2877.66,39.48,44.428
81639,50325,106315,49970,43303,75626,559.44,94.08,44.463
77729.3,46457,109651,52263.4,44986,76137.7,422.28,61.32,44.499
63246.7,41536,99791.4,42924.1,37493,75029.2,604.8,42.84,44.538
94654.1,54553,113711,59168.3,48234,80392.6,498.42,58.8,44.55
121303,64888,122514,63296.6,51711,80219.1,942.3,91.14,44.554
60647,37786,105186,53927.6,45643,77431.4,309.96,5.88,44.558
81942.4,47036,114172,64903.1,44557,95461.8,46755.4,-14.7,44.56
74088.3,45252,107298,43212.4,36599,77378.3,450.9,27.3,44.562
72704.6,45593,104507,45206.6,39459,75082,425.52,99.12,44.598
79355.5,51140,101694,49091.9,41253,77989.2,372.6,76.44,44.622
89618.6,54525,107716,63295.6,53559,77449.9,785.7,67.2,44.634
77235.8,48759,103811,62603.3,53484,76710.2,818.64,34.02,44.65
68650.2,42880,104922,44010.5,37553,76805.5,460.08,60.06,44.655
64317.4,41429,101743,34377.5,29934,75264.3,403.38,72.24,44.696
95008,54931,113350,81528.1,68355,78165.9,406.62,62.58,44.703
100909,59761,110661,64873.4,52451,81057.5,306.72,-5.88,44.706
53283.2,32778,106534,28635.1,23313,80497.2,308.88,-14.7,44.759
76089,48039,103802,42289.6,36765,75383.9,392.04,96.18,44.767
76142.1,46576,107138,70289.1,57706,79826.5,576.72,76.86,44.787
73820.8,44474,108781,45326.5,38849,76463.2,1212.3,86.52,44.791
77580.2,47866,106219,52371.4,44897,76446.3,486,-19.74,44.808
121216,64138,123858,77856.1,58809,86761.9,1899.18,76.02,44.878
77024.6,43307,116561,80552.3,60460,87315.2,1822.5,58.38,44.915
85703.7,51891,108240,59283.4,49158,79034.8,671.76,70.56,44.939
51546.2,29736,113604,57003.5,40754,91666.6,31314.6,98.28,44.962
65473.9,42402,101196,45884.9,39657,75828,529.2,31.5,44.994
61134.1,38047,105304,39417.8,32581,79288.2,768.42,-13.44,44.995
104844,59084,116293,54291.6,41839,85041.6,466.02,72.24,45.003
74129.3,45222,107429,55204.2,46594,77646.5,1070.82,103.32,45.073
44462.1,30900,94299.9,19549.1,16464,77816.4,537.3,8.4,45.104
63665.3,40729,102442,56208.6,46694,78889.9,355.86,38.22,45.114
50322.6,33793,97592.4,32327.1,28169,75209.9,327.78,96.6,45.167
79051.5,48144,107609,45792.5,37696,79612.2,305.64,24.78,45.227
71219.2,45265,103113,42810.1,37342,75132.7,670.14,58.8,45.295
51073.3,33860,98852.3,55465,48175,75453.2,412.02,76.44,45.296
71971.8,43076,109498,57110.9,44603,83914.2,622.08,-16.38,45.299
102772,57141,117872,65251.4,53474,79970,667.98,86.1,45.339
90424.3,52966,111884,67858.6,55391,80287,594.54,9.66,45.346
70508.2,45624,101281,37541.3,32006,76870.2,895.32,61.32,45.365
88055.7,49728,116048,43127.1,33958,83231.6,1567.62,38.64,45.381
70035.2,43641,105172,56527.2,48013,77157.6,1061.1,91.56,45.416
71870.1,44425,106023,50516.5,41501,79772.7,1960.74,56.7,45.44
108644,60655,117387,85195.8,65385,85392.6,574.56,73.08,45.458
62764.8,39981,102883,43792.4,38340,74856,429.3,95.76,45.486
95178.2,53238,117164,61711.7,50168,80615.9,465.48,102.48,45.503
94730.9,54459,113999,63674.1,51302,81340.8,959.04,65.52,45.526
60304.6,38600,102387,55348.4,48295,75107.4,547.56,84,45.528
107820,60744,116326,71168.2,58255,80063.2,335.34,-15.96,45.622
76620.8,46641,107661,43252.4,35455,79948.9,456.84,59.64,45.626
73567.4,42354,113834,34882.9,26783,85355.9,2376,76.02,45.649
65764.5,39946,107894,37959.3,30487,81598.7,635.04,31.5,45.65
87686.4,48804,117749,36151.9,25993,91149.6,2894.94,105.42,45.682
48379.5,29251,108393,74814.3,52810,92842.8,7514.64,75.18,45.73
56547.8,37264,99450.4,43951.7,38143,75516.3,1805.22,21.42,45.74
71628.2,40948,114639,71858.9,56779,82941.7,1888.38,54.6,45.741
50504.3,32325,102393,37669.3,32915,75002.2,915.3,58.38,45.825
71422.7,45628,102585,42251.2,33928,81613.3,322.38,68.04,45.857
95907.2,56900,110464,63855.5,52087,80343.2,422.82,102.9,45.92
53921.3,35684,99030,39322.8,34757,74145,631.26,44.94,45.923
70859.5,46166,100590,37065.6,32798,74063.4,336.42,4.2,45.937
94247,55346,111599,47900.2,41011,76545,519.48,-9.24,45.964
63928.3,41512,100925,41901.8,36223,75810.4,1031.4,44.52,45.97
60484.5,37476,105772,66194.3,54620,79423.4,326.16,-5.46,45.972
73343.4,47065,102127,36644.9,31338,76634.2,544.86,86.52,46.014
61050.9,39720,100731,45006.8,38399,76813.7,1125.9,74.34,46.017
72206.7,45985,102906,53785.6,46330,76082.3,846.18,53.34,46.031
57868.8,36733,103245,61184.2,52103,76958.4,386.1,51.66,46.038
55923.8,36681,99916.2,38224.4,33305,75216.2,511.92,15.12,46.159
77509.1,47534,106863,62816.6,53182,77408.7,375.3,0,46.183
72282.9,44302,106928,54360.7,45981,77479.5,332.64,26.04,46.312
46248.3,30998,97778.2,39472.4,30334,85279.3,1062.18,-5.88,46.32
54362.2,34452,103410,33904.4,26300,84485.2,18435.1,-38.64,46.32
50122.9,31826,103213,30537,26033,76874.5,1050.3,-50.4,46.335
75177,44352,111084,40814.8,33369,80159.4,621.54,-28.56,46.373
59344.6,37760,102998,46210.5,37211,81385.9,1031.94,101.64,46.377
61942.4,39277,103355,45156.4,36798,80422.1,308.88,77.7,46.404
70357.8,44552,103496,42808,36418,77035.1,304.56,-45.36,46.41
70403.2,44020,104815,42354.9,35839,77451.1,1389.42,53.76,46.449
75677.4,47277,104905,46433.5,39211,77607.5,358.56,21,46.456
67246.1,40757,108130,93075.5,74487,81890.7,345.06,98.7,46.468
85889.9,51629,109026,50885.3,42045,79315.4,637.2,45.78,46.494
58156.8,37243,102338,47597.2,39215,79544.4,427.68,86.1,46.522
97968,53321,120411,49914.9,38063,85942.3,441.18,90.72,46.535
53002.9,32688,106265,39094.9,30334,84463.8,3055.32,65.94,46.606
112193,57600,127650,48677.2,36312,87852.8,4717.44,18.06,46.609
101707,60881,109483,73479.4,61316,78536.6,579.96,70.56,46.677
62816.6,41316,99640.6,62164.3,54727,74442.2,3747.06,64.68,46.683
78338.6,48384,106109,61805.2,53619,75541.6,394.74,86.94,46.698
76441,47192,106154,65489,46969,91377.1,461.7,29.4,46.717
84780.8,52885,105062,54819.2,45040,79765.3,523.26,84.42,46.72
62847.4,38845,106031,50405.8,40899,80769.5,1234.98,13.02,46.743
103665,60452,112383,33497.8,27563,79647.1,844.02,81.48,46.761
65157.8,43447,98284.8,53116.6,40232,86524.3,48730.7,183.54,46.826
94213.8,54178,113965,59606.8,40489,96480.4,468.72,62.58,46.831
90770.6,54313,109527,61114,51567,77669.1,298.08,56.28,46.883
92938.2,54320,112128,63179.5,52454,78936.4,327.78,33.18,46.887
103850,58863,115623,68488.2,54356,82574.9,376.92,23.94,46.922
80901.8,52344,101291,47595.6,40983,76110.2,747.36,39.9,46.95
90933.8,54480,109388,39819.1,33294,78380,448.2,45.36,46.988
74717.4,42869,114224,44730.4,34410,85191.8,466.02,18.9,47.083
69891.8,43340,105686,40348.3,35033,75479.2,394.2,-3.78,47.093
72596.5,44542,106813,48549.8,40412,78733,623.7,76.02,47.204
69100.2,42040,107720,78618.6,63368,81308.4,786.24,-27.72,47.209
76569,46112,108823,54828.9,42658,84234.3,1618.92,101.64,47.252
48512,34368,92507.1,26922.2,21075,83718.9,772.2,29.4,47.35
68483.2,44209,101520,37262.7,31666,77118.9,851.58,-44.94,47.356
108291,62155,114182,72532.8,59352,80090.1,924.48,18.9,47.357
57063,38036,98319.6,40663.6,36117,73786.1,319.68,-1.26,47.399
44898.6,30481,96534.6,29948.4,26608,73763.5,780.84,91.56,47.443
67978.2,43599,102182,56074.1,45042,81587.7,1207.44,-13.02,47.467
66993.3,42748,102706,37396.6,31412,78021.9,661.5,100.38,47.492
78021.1,48281,105905,41393.7,35139,77201.3,511.38,36.96,47.494
59485.4,38244,101936,39673.8,34107,76232.5,430.38,75.6,47.506
79002.9,47843,108219,57727.1,49018,77179.9,298.08,89.04,47.513
98562.6,55241,116931,42474.8,34377,80973.5,331.56,82.74,47.517
59687.7,38787,100851,32405.4,27146,78233.3,326.16,72.24,47.52
81382.4,47029,113408,46724.6,36295,84368.2,12791,84,47.556
94956.8,55277,112580,52165.1,42295,80829.7,374.22,40.32,47.6
76876.2,47641,105753,50051,42123,77870.6,764.1,76.44,47.612
79162.9,48048,107976,45838.4,38616,77793.4,629.64,52.5,47.626
118189,63396,122178,73165.1,56446,84947.6,579.42,75.6,47.666
62540.2,40620,100902,54118.3,48615,72954.7,467.1,-23.1,47.696
55649.9,35760,101988,54749,47843,74995.9,399.6,28.56,47.747
71344,44904,104124,51441.5,44123,76406.2,802.44,49.14,47.772
62410.9,39197,104349,44662.3,39694,73738.9,599.94,17.22,47.773
63337,38062,109055,62152.4,51933,78432.2,304.56,31.92,47.783
75951.4,46861,106219,42717.8,36695,76292.5,1738.8,24.36,47.807
83498.9,47673,114786,46723,38167,80227.3,352.08,23.52,47.808
69766.4,46051,99285.8,40022.1,34913,75126.4,552.96,57.54,47.905
101598,55865,119186,39465.4,31887,81111.5,1094.04,19.74,47.923
70548.5,40909,113018,28642.7,19373,96894,14909.9,67.2,47.936
67647.4,43748,101338,68131.3,60384,73944.3,310.5,74.34,47.988
76294.4,47121,106110,47011.3,40699,75700.5,413.64,21.42,48.003
85470.7,54604,102582,58907,49391,78162.6,729,60.48,48.058
51541.8,31449,107407,43865.8,38150,75354.9,787.32,0,48.064
54121.6,36549,97045.4,29837.2,26864,72789.2,763.56,49.56,48.078
77291.5,42251,119888,30260.5,22268,89058.4,900.72,-78.54,48.081
55193,35468,101983,41533.6,35849,75928,419.58,11.34,48.134
69706.2,43576,104834,39609,32614,79592.1,301.32,90.72,48.176
76608,45196,111085,58747.7,46698,82446.5,826.2,92.82,48.305
65441.9,41067,104434,47234.3,40900,75685.8,490.32,-60.06,48.332
55760,34424,106155,69647,56167,81264.6,506.52,48.3,48.364
56416,36330,101769,40028,33127,79188.5,362.88,56.7,48.406
84182.4,49472,111517,69412.1,57271,79429.3,487.08,76.02,48.443
69881,42177,108583,47847.8,39890,78610,770.58,46.62,48.464
62492.8,40809,100358,39931.4,35518,73679.4,312.12,70.98,48.479
81854.1,47324,113355,41067.5,31739,84798,352.08,-7.56,48.486
64424.3,41649,101374,43324.7,37542,75630.8,358.02,32.76,48.501
76120.3,47873,104205,37379.9,32024,76496.6,410.94,15.96,48.558
85975,46979,119936,60346.6,48110,82204.9,649.62,99.54,48.565
44720.6,31036,94432.7,27050.8,24539,72244.1,541.08,6.3,48.571
45135.4,30717,96298.2,30188.7,26003,76085.3,1123.74,46.2,48.588
76990.1,48337,104384,47763,40803,76714.9,366.12,36.12,48.601
56321.3,35981,102584,58362.7,49687,76979,817.02,67.2,48.609
96748.2,55781,113668,64323.2,49953,84389,971.46,75.6,48.626
63472,40984,101496,41150.2,37006,72875.1,459,70.14,48.63
57664.6,37832,99891.9,41715.5,37850,72229.1,389.88,78.96,48.641
60934.4,36966,108029,26535.1,20667,84143.9,17273.5,-52.5,48.648
94723.8,56516,109842,71511.7,59794,78378.9,855.9,102.06,48.661
84174.1,49820,110727,42147,35770,77219.6,346.68,89.04,48.675
54740.5,38201,93910.4,31615.4,26395,78497.7,326.16,89.88,48.722
80496.6,49016,107627,55554.1,46503,78291.6,437.4,92.82,48.759
84778.2,51057,108820,36735.1,31058,77515.4,332.64,77.7,48.789
79216.6,48085,107966,53062,43366,80188.9,1223.1,56.28,48.795
92658.6,52388,115913,51818.9,40355,84153.3,1421.28,32.34,48.799
113837,53913,138379,125093,85626,95742.8,420.66,71.82,48.815
65228.2,43363,98581.6,32458.3,28664,74211.2,699.3,73.92,48.925
81408,46726,114180,55454.8,36815,98717.5,34722.5,180.18,48.963
77776,47221,107942,62472.1,50437,81173.9,1001.7,94.08,48.978
81082.2,49125,108169,43860.4,37127,77421.7,307.26,96.18,49.027
96432,55736,113388,43208.6,35626,79484.7,889.92,95.34,49.035
114578,59938,125279,70590.4,52120,88760.8,877.5,-41.58,49.105
73829.8,47117,102691,42404.6,36333,76487.7,503.28,88.62,49.113
99500.8,55741,116985,80857.4,63390,83594.8,810.54,-27.3,49.133
54432.6,35699,99927.1,36489.4,30896,77400.7,634.5,90.3,49.137
75570.6,47696,103837,50281,42641,77278.1,457.38,5.04,49.179
79881,49770,105185,78324.3,68427,75015.1,373.68,-46.2,49.181
71045.1,43997,105826,52112.7,44858,76134.9,682.02,45.78,49.211
95187.2,58320,106965,52202.9,45403,75351.1,575.64,72.24,49.243
65648.6,39571,108725,70519.1,53896,85749.3,2633.58,102.9,49.248
125565,65653,125341,116658,83290,91791.6,629.64,102.06,49.287
114902,61068,123309,71755.2,54362,86504.3,566.46,102.48,49.36
79618.6,42541,122655,109401,75343,95161.1,1013.04,88.2,49.369
56667.5,36677,101256,35853.3,31175,75370.7,418.5,88.2,49.397
85726.1,49012,114628,43504.6,36286,78573.4,478.98,77.7,49.434
73838.7,47396,102099,46485.4,39198,77719.9,1533.6,82.32,49.449
90688.6,48756,121900,61767.9,49420,81910.6,544.86,-40.74,49.457
85197.4,51030,109416,61312.1,51582,77898.3,496.8,56.28,49.474
81150.1,48875,108813,52895.2,42990,80635.9,767.34,81.48,49.493
77827.2,47008,108502,64139.6,52119,80651,761.4,-11.76,49.495
71630.7,41204,113930,67191.1,54933,80160.1,454.14,96.18,49.496
83499.5,45370,120613,69908.9,49309,92915.1,11372.9,26.88,49.509
48269.4,30349,104234,44989,39882,73928.1,1455.84,73.08,49.56
55665.9,33756,108073,29607.1,23602,82210.5,4766.58,-95.76,49.572
77385.6,48481,104609,55243.6,47662,75960.8,309.96,-41.58,49.592
60641.9,40135,99021.5,43232.9,38755,73108.3,486.54,70.98,49.688
102818,58532,115121,78581.3,60226,85509.7,507.6,97.02,49.712
76218.2,47328,105541,48079.4,40758,77308.4,1442.34,53.76,49.724
68530.6,42442,105820,46402.7,37836,80374.5,751.68,34.44,49.746
94368,55312,111811,51028.9,43518,76847.1,683.1,-89.88,49.793
69438.7,44325,102667,39817.4,35398,73718.2,9523.98,95.34,49.841
96185.6,53620,117561,60171.1,46819,84226,443.88,15.96,49.93
88094.7,50505,114313,55473.7,46611,77997.1,320.22,91.98,49.948
84154.2,50216,109828,69810.7,57382,79730.8,420.66,86.1,49.978
80297,50116,105003,48304.1,41105,77013.9,531.9,81.06,50.031
67298.6,43406,101610,46518.8,39468,77243.8,662.58,7.56,50.07
80988.2,47792,111057,49787.5,37906,86078,429.3,18.48,50.074
61814.4,38939,104036,40804.6,34715,77032.1,679.32,96.6,50.091
64626.6,42841,98862.4,38160.7,33842,73899.3,749.52,39.48,50.113
51344.6,34501,97531.2,42079.5,36375,75813.7,583.2,-0.84,50.122
78753.3,47635,108348,65888.6,54269,79568,301.32,83.16,50.132
63768.3,41701,100216,31162.9,28043,72827.1,348.3,45.36,50.134
64160.6,38527,109140,103483,80036,84735.1,558.36,91.56,50.188
79797.8,45709,114411,41053,35166,76507.1,1284.12,81.06,50.225
64817.3,41144,103244,45958.9,39663,75938.8,482.76,88.2,50.232
96252.2,53764,117327,62327.3,49677,82224.9,707.94,77.7,50.305
72682.2,42196,112885,45962.1,34279,87872.2,576.18,-82.74,50.311
92352,51641,117201,50817.2,40489,82253.4,882.36,97.86,50.382
70240,44381,103721,78844.9,67631,76402.5,772.74,52.92,50.419
46353.3,30941,98180.7,48721.5,42389,75326.4,357.48,91.56,50.429
63267.8,40957,101236,35337.1,31023,74649.5,326.7,-10.08,50.44
