sequential_site,reference_site,region,dummy_site
1,1,SP1,1
2,2,SP1,2
3,3,SP1,3
4,4,SP1,4
5,5,SP1,5
6,6,SP1,6
7,7,SP1,7
8,8,SP1,8
9,9,SP1,9
10,10,SP1,10
11,11,SP1,11
12,12,SP1,12
13,13,SP1,13
14,14,SP1,14
15,15,SP1,15
16,16,SP1,16
17,17,SP1,17
18,18,SP1,18
19,19,SP1,19
20,20,VH,20
21,21,VH,21
22,22,VH,22
23,23,VH,23
24,24,VH,24
25,25,VH,25
26,26,VH,26
27,27,VH,27
28,28,VH,28
29,29,VH,29
30,30,VH,30
31,31,VH,31
32,32,VH,32
33,33,VH,33
34,34,VH,34
35,35,VH,35
36,36,VH,36
37,37,VH,37
38,38,VH,38
39,39,VH,39
40,40,VH,40
41,41,VH,41
42,42,VH,42
43,43,VH,43
44,44,VH,44
45,45,VH,45
46,46,VH,46
47,47,VH,47
48,48,VH,48
49,49,VH,49
50,50,VH,50
51,51,VH,51
52,52,VH,52
53,53,VH,53
54,54,VH,54
55,55,VH,55
56,56,VH,56
57,57,VH,57
58,58,VH,58
59,59,VH,59
60,60,VH,60
61,61,VH,61
62,62,VH,62
63,63,VH,63
64,64,VH,64
65,65,VH,65
66,66,VH,66
67,67,VH,67
68,68,VH,68
69,69,VH,69
70,70,VH,70
71,71,VH,71
72,72,VH,72
73,73,VH,73
74,74,VH,74
75,75,VH,75
76,76,VH,76
77,77,VH,77
78,78,VH,78
79,79,VH,79
80,80,VH,80
81,81,VH,81
82,82,VH,82
83,83,VH,83
84,84,VH,84
85,85,VH,85
86,86,VH,86
87,87,VH,87
88,88,VH,88
89,89,VH,89
90,90,VH,90
91,91,VH,91
92,92,VH,92
93,93,VH,93
94,94,VH,94
95,95,VH,95
96,96,VH,96
97,97,VH,97
98,98,VH,98
99,99,VH,99
100,100,VH,100
101,101,VH,101
102,102,VH,102
103,103,VH,103
104,104,VH,104
105,105,VH,105
106,106,VH,106
107,107,VH,107
108,108,VH,108
109,109,VH,109
110,110,VH,110
111,111,VH,111
112,112,VH,112
113,113,VH,113
114,114,VH,114
115,115,VH,115
116,116,VH,116
117,117,VH,117
118,118,VH,118
119,119,VH,119
120,120,VH,120
121,121,VH,121
122,122,VH,122
123,123,VH,123
124,124,VH,124
125,125,VH,125
126,126,VH,126
127,127,VH,127
128,128,VH,128
129,129,VH,129
130,130,VH,130
131,131,VH,131
132,132,VH,132
133,133,VH,133
134,134,VH,134
135,135,VH,135
136,136,CH,136
137,137,CH,137
138,138,CH,138
139,139,CH,139
140,140,CH,140
141,141,CH,141
142,142,CH,142
143,143,CH,143
144,144,CH,144
145,145,CH,145
146,146,CH,146
147,147,CH,147
148,148,CH,148
149,149,CH,149
150,150,CH,150
151,151,CH,151
152,152,CH,152
153,153,CH,153
154,154,CH,154
155,155,CH,155
156,156,CH,156
157,159,CH,159
158,160,CH,160
159,161,CH,161
160,162,CH,162
161,163,CH,163
162,164,CH,164
163,165,CH,165
164,166,CH,166
165,167,CH,167
166,168,CH,168
167,169,CH,169
168,170,CH,170
169,171,CH,171
170,172,CH,172
171,173,CH,173
172,174,CH,174
173,175,CH,175
174,176,CH,176
175,177,CH,177
176,178,CH,178
177,179,CH,179
178,180,CH,180
179,181,CH,181
180,182,CH,182
181,183,CH,183
182,184,CH,184
183,185,CH,185
184,186,CH,186
185,187,CH,187
186,188,CH,188
187,189,CH,189
188,190,CH,190
189,191,CH,191
190,192,CH,192
191,193,CH,193
192,194,CH,194
193,195,CH,195
194,196,CH,196
195,197,CH,197
196,198,CH,198
197,199,CH,199
198,200,CH,200
199,201,CH,201
200,202,CH,202
201,203,CH,203
202,204,CH,204
203,205,CH,205
204,206,CH,206
205,207,CH,207
206,208,CH,208
207,209,CH,209
208,210,CH,210
209,211,CH,211
210,212,CH,212
211,213,CH,213
212,214,CH,214
213,215,CH,215
214,216,CH,216
215,217,CH,217
216,218,CH,218
217,219,CH,219
218,220,CH,220
219,221,CH,221
220,222,CH,222
221,223,CH,223
222,224,CH,224
223,225,CH,225
224,226,CH,226
225,227,CH,227
226,228,CH,228
227,229,CH,229
228,230,CH,230
229,231,CH,231
230,232,CH,232
231,233,CH,233
232,234,CH,234
233,235,CH,235
234,236,CH,236
235,237,CH,237
236,238,CH,238
237,239,CH,239
238,240,CH,240
239,241,CH,241
240,242,CH,242
241,243,CH,243
242,244,CH,244
243,245,CH,245
244,246,CH,246
245,247,CH,247
246,248,CH,248
247,249,CH,249
248,250,CH,250
249,251,CH,251
250,252,CH,252
251,253,CH,253
252,254,CH,254
253,255,CH,255
254,256,CH,256
255,257,CH,257
256,258,CH,258
257,259,CH,259
258,260,CH,260
259,261,CH,261
260,262,CH,262
261,263,CH,263
262,264,CH,264
263,265,CH,265
264,266,CH,266
265,267,CH,267
266,268,CH,268
267,269,CH,269
268,270,CH,270
269,271,CH,271
270,272,CH,272
271,273,CH,273
272,274,CH,274
273,275,CH,275
274,276,CH,276
275,277,CH,277
276,278,CH,278
277,279,CH,279
278,280,CH,280
279,281,CH,281
280,282,CH,282
281,283,CH,283
282,284,CH,284
283,285,CH,285
284,286,CH,286
285,287,CH,287
286,288,CH,288
287,289,CH,289
288,290,CH,290
289,291,CH,291
290,292,CH,292
291,293,CH,293
292,294,CH,294
293,295,CH,295
294,296,CH,296
295,297,CH,297
296,298,CH,298
297,299,CH,299
298,300,CH,300
299,301,CH,301
300,302,CH,302
301,303,CH,303
302,304,CH,304
303,305,CH,305
304,306,CH,306
305,307,CH,307
306,308,CH,308
307,309,CH,309
308,310,CH,310
309,311,CH,311
310,312,CH,312
311,313,CH,313
312,314,CH,314
313,315,CH,315
314,316,CH,316
315,317,CH,317
316,318,CH,318
317,319,CH,319
318,320,CH,320
319,321,CH,321
320,322,CH,322
321,323,CH,323
322,324,CH,324
323,325,CH,325
324,326,CH,326
325,327,CH,327
326,328,CH,328
327,329,CH,329
328,330,CH,330
329,331,CH,331
330,332,CH,332
331,333,CH,333
332,334,CH,334
333,335,CH,335
334,336,CH,336
335,337,CH,337
336,338,CH,338
337,339,CH,339
338,340,CH,340
339,341,CH,341
340,342,CH,342
341,343,CH,343
342,344,CH,344
343,345,CH,345
344,346,CH,346
345,347,CH,347
346,348,CH,348
347,349,CH,349
348,350,CH,350
349,351,CH,351
350,352,CH,352
351,353,CH,353
352,354,CH,354
353,355,CH,355
354,356,CH,356
355,357,CH,357
356,358,CH,358
357,359,CH,359
358,360,CH,360
359,361,CH,361
360,362,CH,362
361,363,CH,363
362,364,CH,364
363,365,CH,365
364,366,CH,366
365,367,CH,367
366,368,CH,368
367,369,CH,369
368,370,CH,370
369,371,CH,371
370,372,CH,372
371,373,CH,373
372,374,CH,374
373,375,CH,375
374,376,CH,376
375,377,CH,377
376,378,CH,378
377,379,CH,379
378,380,CH,380
379,381,CH,381
380,382,CH,382
381,383,CH,383
382,384,CH,384
383,385,CH,385
384,386,CH,386
385,387,CH,387
386,388,CH,388
387,389,CH,389
388,390,CH,390
389,391,CH,391
390,392,CH,392
391,393,CH,393
392,394,CH,394
393,395,CH,395
394,396,CH,396
395,397,CH,397
396,398,CH,398
397,399,CH,399
398,400,CH,400
399,401,CH,401
400,402,CH,402
401,403,CH,403
402,404,CH,404
403,405,CH,405
404,406,CH,406
405,407,CH,407
406,408,CH,408
407,409,CH,409
408,410,CH,410
409,411,CH,411
410,412,CH,412
411,413,CH,413
412,414,CH,414
413,415,CH,415
414,416,CH,416
415,417,CH,417
416,418,CH,418
417,419,CH,419
418,420,CH,420
419,421,CH,421
420,422,CH,422
421,423,CH,423
422,424,CH,424
423,425,CH,425
424,426,CH,426
425,427,CH,427
426,428,CH,428
427,429,CH,429
428,430,CH,430
429,431,CH,431
430,432,CH,432
431,433,CH,433
432,434,CH,434
433,435,CH,435
434,436,CH,436
435,437,CH,437
436,438,CH,438
437,439,CH,439
438,440,CH,440
439,441,CH,441
440,442,CH,442
441,443,CH,443
442,444,CH,444
443,445,CH,445
444,446,CH,446
445,447,CH,447
446,448,CH,448
447,449,CH,449
448,450,CH,450
449,451,CH,451
450,452,CH,452
451,453,CH,453
452,454,CH,454
453,455,CH,455
454,456,CH,456
455,457,CH,457
456,458,CH,458
457,459,CH,459
458,460,CH,460
459,461,CH,461
460,462,CH,462
461,463,CH,463
462,464,CH,464
463,465,CH,465
464,466,TM,466
465,467,TM,467
466,468,TM,468
467,469,TM,469
468,470,TM,470
469,471,TM,471
470,472,TM,472
471,473,TM,473
472,474,TM,474
473,475,TM,475
474,476,TM,476
475,477,TM,477
476,478,TM,478
477,479,TM,479
478,480,TM,480
479,481,TM,481
480,482,TM,482
481,483,TM,483
482,484,TM,484
483,485,TM,485
484,486,TM,486
485,487,TM,487
486,488,TM,488
487,489,TM,489
488,490,TM,490
489,491,TM,491
490,492,TM,492
491,493,TM,493
492,494,TM,494
493,495,TM,495
494,496,TM,496
495,497,TM,497
496,498,TM,498
497,499,TM,499
498,500,TM,500
499,501,TM,501
500,502,TM,502
501,503,TM,503
502,504,TM,504
503,505,TM,505
504,506,TM,506
505,507,TM,507
506,508,TM,508
507,509,TM,509
508,510,TM,510
509,511,TM,511
510,512,TM,512
511,513,TM,513
512,514,TM,514
513,515,TM,515
514,516,TM,516
515,517,Other,517
516,518,Other,518
517,519,Other,519
518,520,P2A,520
519,521,P2A,521
520,522,P2A,522
521,523,P2A,523
522,524,P2A,524
523,525,P2A,525
524,526,P2A,526
525,527,P2A,527
526,528,P2A,528
527,529,P2A,529
528,530,P2A,530
529,531,P2A,531
530,532,P2A,532
531,533,P2A,533
532,534,P2A,534
533,535,P2A,535
534,536,P2A,536
535,537,P2A,537
536,538,P2A,538
537,539,SP2,539
538,540,SP2,540
539,541,SP2,541
540,542,SP2,542
541,543,SP2,543
542,544,SP2,544
543,545,SP2,545
544,546,SP2,546
545,547,SP2,547
546,548,SP2,548
547,549,SP2,549
548,550,SP2,550
549,551,SP2,551
550,552,SP2,552
551,553,SP2,553
552,554,SP2,554
553,555,SP2,555
554,556,SP2,556
555,557,SP2,557
556,558,VL,558
557,559,VL,559
558,560,VL,560
559,561,VL,561
560,562,VL,562
561,563,VL,563
562,564,VL,564
563,565,VL,565
564,566,VL,566
565,567,VL,567
566,568,VL,568
567,569,VL,569
568,570,VL,570
569,571,VL,571
570,572,VL,572
571,573,VL,573
572,574,VL,574
573,575,VL,575
574,576,VL,576
575,577,VL,577
576,578,VL,578
577,579,VL,579
578,580,VL,580
579,581,VL,581
580,582,VL,582
581,583,VL,583
582,584,VL,584
583,585,VL,585
584,586,VL,586
585,587,VL,587
586,588,VL,588
587,589,VL,589
588,590,VL,590
589,591,VL,591
590,592,VL,592
591,593,VL,593
592,594,VL,594
593,595,VL,595
594,596,VL,596
595,597,VL,597
596,598,VL,598
597,599,VL,599
598,600,VL,600
599,601,VL,601
600,602,VL,602
601,603,VL,603
602,604,VL,604
603,605,VL,605
604,606,VL,606
605,607,VL,607
606,608,VL,608
607,609,VL,609
608,610,VL,610
609,611,VL,611
610,612,VL,612
611,613,VL,613
612,614,VL,614
613,615,VL,615
614,616,VL,616
615,617,VL,617
616,618,VL,618
617,619,VL,619
618,620,VL,620
619,621,VL,621
620,622,VL,622
621,623,VL,623
622,624,VL,624
623,625,VL,625
624,626,VL,626
625,627,VL,627
626,628,VL,628
627,629,VL,629
628,630,VL,630
629,631,VL,631
630,632,VL,632
631,633,VL,633
632,634,VL,634
633,635,VL,635
634,636,VL,636
635,637,VL,637
636,638,VL,638
637,639,VL,639
638,640,VL,640
639,641,VL,641
640,642,VL,642
641,643,VL,643
642,644,VL,644
643,645,VL,645
644,646,VL,646
645,647,VL,647
646,648,VL,648
647,649,VL,649
648,650,VL,650
649,651,VL,651
650,652,VL,652
651,653,VL,653
652,654,VL,654
653,655,VL,655
654,656,VL,656
655,657,VL,657
656,658,VL,658
657,659,VL,659
658,660,VL,660
659,661,VL,661
660,662,VL,662
661,663,VL,663
662,664,VL,664
663,665,VL,665
664,666,VL,666
665,667,CK,667
666,668,CK,668
667,669,CK,669
668,670,CK,670
669,671,CK,671
670,672,CK,672
671,673,CK,673
672,674,CK,674
673,675,CK,675
674,676,CK,676
675,677,CK,677
676,678,CK,678
677,679,CK,679
678,680,CK,680
679,681,CK,681
680,682,CK,682
681,683,CK,683
682,684,CK,684
683,685,CK,685
684,686,CK,686
685,687,CK,687
686,688,CK,688
687,689,CK,689
688,690,CK,690
689,691,CK,691
690,692,CK,692
691,693,CK,693
692,694,CK,694
693,695,CK,695
694,696,CK,696
695,697,CK,697
696,698,CK,698
697,699,CK,699
698,700,CK,700
699,701,CK,701
700,702,CK,702
701,703,CK,703
702,704,CK,704
703,705,CK,705
704,706,CK,706
705,707,CK,707
706,708,CK,708
707,709,CK,709
708,710,CK,710
709,711,CK,711
710,712,CK,712
711,713,CK,713
712,714,CK,714
713,715,CK,715
714,716,CK,716
715,717,CK,717
716,718,CK,718
717,719,CK,719
718,720,CK,720
719,721,CK,721
720,722,CK,722
721,723,CK,723
722,724,CK,724
723,725,CK,725
724,726,CK,726
725,727,CK,727
726,728,CK,728
727,729,CK,729
728,730,CK,730
729,731,CK,731
730,732,CK,732
731,733,CK,733
732,734,CK,734
733,735,CK,735
734,736,CK,736
735,737,CK,737
736,738,CK,738
737,739,CK,739
738,740,CK,740
739,741,CK,741
740,742,CK,742
741,743,CK,743
742,744,CK,744
743,745,CK,745
744,746,CK,746
745,747,CK,747
746,748,CK,748
747,749,CK,749
748,750,CK,750
749,751,CK,751
750,752,CK,752
751,753,CK,753
752,754,CK,754
753,755,CK,755
754,756,CK,756
755,757,CK,757
756,758,CK,758
757,759,CK,759
758,760,CK,760
759,761,CK,761
760,762,CK,762
761,763,CK,763
762,764,CK,764
763,765,CK,765
764,766,CK,766
765,767,CK,767
766,768,CK,768
767,769,CK,769
768,770,CK,770
769,771,CK,771
770,772,CK,772
771,773,CK,773
772,774,Myc,774
773,775,Myc,775
774,776,Myc,776
775,777,Myc,777
776,778,Myc,778
777,779,Myc,779
778,780,Myc,780
779,781,Myc,781
780,782,Myc,782
781,783,Myc,783
782,784,Myc,784
783,785,Myc,785
784,786,Myc,786