Mutation,Order 1,Order 2,Order 3,Order 4,Order 5,Order 6,Order 7,Order 8,Order 9,Order 10,Order 11,Order 12,Order 13
Mut 1,0.03443765111444001,0.04600249016627559,0.06097133240215461,0.06910156649030401,0.07224651662807845,0.073971564239449,0.0771790846660195,0.08211968220861109,0.08862723741080998,0.09680912766417922,0.10643794811481033,0.11149315778265932,0.08060264111220887
Mut 2,0.0006044713879177091,0.008263520849857523,0.02890555330178701,0.047324457215739565,0.061509082767906655,0.07318228173219982,0.08503832453582925,0.09887417972012892,0.11501190981156445,0.13118927667534389,0.1415171495230571,0.13504677218764757,0.07353302029102067
Mut 3,0.16863424739609462,0.12276378703244267,0.08489530231353618,0.06611581921950431,0.06003979896693995,0.060232377105994224,0.06268103502682543,0.06546834527352327,0.06687590085791503,0.06677334230044744,0.06531409057625923,0.06091787425022294,0.049288079680294784
Mut 4,0.223170503810178,0.20582364086918054,0.16465786632349363,0.12200845188695035,0.08736754997452048,0.06256681767081407,0.04527304209235788,0.033316551159651715,0.024491717197545972,0.01710023810064321,0.009994229532570996,0.003601832831137675,0.000627558550955457
Mut 5,0.1831945740477356,0.1670934690728316,0.13564512112692262,0.10741672526372294,0.08659323261691047,0.07293801119738147,0.06355917120418518,0.05598038779796858,0.04770188136618741,0.037220609458245395,0.025129652229345392,0.013520300164818899,0.004006864453744533
Mut 6,0.025856743114597715,0.04286957611892149,0.06479554162209912,0.07890617899006762,0.08502357274687548,0.08633830337362738,0.0851849149151173,0.0830882796871838,0.08137577117017189,0.08191027059825966,0.08519672420954146,0.09313284532289205,0.10632127813064493
Mut 7,0.0816399824768051,0.09201154084776933,0.0986719574241979,0.09900537951368789,0.09617064985086007,0.09115574842232874,0.08365430652148845,0.07480738406052662,0.06593091004164889,0.05804367727621151,0.05156465260990883,0.04804715846983488,0.05929665248473172
Mut 8,0.004348968505083483,0.012834913739508062,0.02977570527022108,0.05212914942420458,0.07347269280276769,0.089362982428568,0.09901371168114532,0.10274285325064252,0.10298607510642063,0.10143468234231473,0.09978418439544222,0.10400146368133631,0.1281126173723454
Mut 9,0.03400523445331129,0.04757262647361664,0.06057076336744232,0.07097031428843983,0.07768377186063152,0.08168734828318909,0.08453612369623384,0.08700482246249827,0.08957602879690285,0.0919430634828127,0.09396284952503042,0.09325874051862344,0.08722831279126789
Mut 10,0.019259003643775394,0.027093489311618174,0.041508325710632406,0.05872772330806848,0.0728580267812124,0.08142738646344086,0.08517687111470786,0.08589113345004887,0.08540856454634198,0.08459105005941975,0.08574024331187075,0.09656413089601358,0.17575405140284922
Mut 11,0.019145174877811543,0.03839546755961823,0.057474231688805125,0.06908571579962304,0.07460847212971912,0.07692968257875332,0.07899610543465989,0.08179443218395113,0.08558473066444504,0.08986203071280034,0.09443869444849934,0.10550480780852334,0.12818045411279058
Mut 12,0.17651484318619134,0.1456251016260059,0.11065758970702878,0.08601627208970843,0.07133615498970734,0.06383086443118965,0.060945902882922384,0.06017813056417975,0.058853017998530835,0.05580365746482533,0.05047485857019122,0.03887195657327483,0.02089164991624437
Mut 13,0.02918860198605818,0.04365037633235447,0.06147070974167919,0.07319224650997892,0.08109047788387037,0.08637663207306447,0.0887614062285076,0.08873381818108524,0.08757625503151517,0.0873189738644969,0.09044472295347267,0.09603895951301532,0.08615681970090164
