step_1,step_2,step_3,step_4,step_5,step_6,step_7,step_8,step_9,step_10,step_11,step_12,step_13,bootstrap_0,bootstrap_1,bootstrap_2,bootstrap_3,bootstrap_4,bootstrap_5,bootstrap_6,bootstrap_7,bootstrap_8,bootstrap_9
ba4,ba4,wuhan,wuhan,ba1,ba1,ba1,ba1,ba1,ba1,ba1,ba1,ba1,1979915.0,1637885.0,260584.0,290055.0,1122376.0,627606.0,243334.0,464491.0,779441.0,686014.0
ba4,ba4,ba4,ba4,wuhan,wuhan,wuhan,wuhan,wuhan,wuhan,ba1,ba1,ba1,1372378.0,1040925.0,199852.0,129147.0,669878.0,556068.0,186645.0,266781.0,977359.0,703754.0
ba4,ba4,ba4,wuhan,wuhan,wuhan,wuhan,wuhan,wuhan,ba1,ba1,ba1,ba1,1222729.0,1525220.0,83230.0,179318.0,1043888.0,405888.0,197237.0,402870.0,868952.0,849969.0
ba4,ba4,ba4,ba4,ba4,ba4,ba4,ba4,ba1,wuhan,wuhan,wuhan,wuhan,626910.0,248651.0,1055651.0,110791.0,385465.0,192535.0,589606.0,123405.0,1699151.0,197932.0
ba1,wuhan,wuhan,wuhan,ba4,ba4,ba4,ba4,ba4,ba4,ba4,ba4,ba4,107082.0,233940.0,56410.0,602014.0,29343.0,11512.0,73143.0,31090.0,101646.0,189795.0
ba1,ba4,ba4,ba4,ba4,ba4,wuhan,wuhan,wuhan,wuhan,wuhan,wuhan,wuhan,498749.0,1348406.0,2085450.0,922936.0,146186.0,239467.0,640833.0,32573.0,360904.0,325913.0
ba1,ba1,ba1,ba1,ba1,ba4,ba4,ba4,ba4,ba4,wuhan,wuhan,wuhan,2232919.0,3550523.0,3963504.0,3247729.0,3932638.0,799774.0,5810983.0,1046646.0,3501691.0,1990201.0
wuhan,wuhan,ba4,ba4,ba1,ba1,ba1,ba1,ba1,ba1,ba1,ba1,ba1,1606760.0,2666815.0,111842.0,568334.0,1306017.0,1528999.0,548166.0,998730.0,219093.0,732643.0
ba1,ba1,ba1,ba1,ba4,ba4,ba4,ba4,wuhan,wuhan,wuhan,wuhan,wuhan,1803447.0,2785839.0,2552754.0,2038657.0,3097631.0,623113.0,3977604.0,699539.0,2565584.0,1493518.0
wuhan,ba1,ba1,ba4,ba4,ba4,ba4,ba4,ba4,ba4,ba4,ba4,ba4,255923.0,755203.0,126416.0,482093.0,96819.0,84385.0,336567.0,910145.0,345472.0,485908.0
ba4,ba4,ba4,ba4,ba4,ba4,ba4,ba4,ba4,ba4,ba4,wuhan,ba1,1124354.0,378359.0,268026.0,54042.0,677745.0,321968.0,351123.0,404294.0,1660843.0,329426.0
wuhan,wuhan,wuhan,wuhan,wuhan,wuhan,ba4,ba4,ba1,ba1,ba1,ba1,ba1,995301.0,3155264.0,25692.0,323203.0,1500427.0,1154419.0,350441.0,852465.0,113503.0,565095.0
ba1,ba1,ba4,ba4,ba4,ba4,ba4,ba4,ba4,ba4,ba4,ba4,ba4,288116.0,417452.0,198011.0,866368.0,85119.0,51965.0,277359.0,126298.0,286128.0,577705.0
ba4,ba4,ba4,ba4,ba4,ba4,ba4,ba1,ba1,wuhan,wuhan,wuhan,wuhan,745641.0,392409.0,1296847.0,254923.0,661681.0,229127.0,873213.0,175863.0,2249456.0,306749.0
wuhan,wuhan,wuhan,wuhan,wuhan,wuhan,wuhan,wuhan,ba1,ba1,ba1,ba4,ba4,1685076.0,1836570.0,1100424.0,2008780.0,17216.0,101417.0,1641574.0,2255629.0,499106.0,2450953.0
ba4,ba4,ba1,ba1,ba1,ba1,ba1,ba1,ba1,ba1,ba1,ba1,wuhan,1408915.0,597324.0,2207680.0,413982.0,1252634.0,713463.0,1387202.0,241817.0,2111005.0,850913.0
ba1,ba1,ba1,ba1,ba1,ba4,wuhan,wuhan,wuhan,wuhan,wuhan,wuhan,wuhan,1607297.0,2164343.0,2173127.0,1854031.0,2106741.0,585927.0,3332047.0,866810.0,1702340.0,1391721.0
ba1,ba1,ba1,ba1,ba1,wuhan,wuhan,wuhan,wuhan,wuhan,ba4,ba4,ba4,1058719.0,1106879.0,334646.0,2121527.0,96680.0,33058.0,1366962.0,824497.0,638726.0,1876981.0
wuhan,wuhan,ba1,ba1,ba1,ba1,ba1,ba1,ba1,ba1,ba1,ba1,ba1,1624218.0,2170348.0,150157.0,609018.0,1604089.0,1677786.0,580704.0,1091302.0,385846.0,797114.0
ba1,ba1,ba1,ba4,ba4,ba4,ba4,ba4,ba4,ba4,ba4,ba4,wuhan,1580546.0,2123053.0,1897656.0,1342587.0,2223223.0,542912.0,2070738.0,875730.0,1269065.0,607349.0
wuhan,ba4,ba4,ba4,ba4,ba4,ba4,ba4,ba4,ba4,ba4,ba4,ba4,16073.0,123956.0,60399.0,115727.0,3023.0,5936.0,110248.0,191156.0,41990.0,118711.0
wuhan,wuhan,wuhan,wuhan,wuhan,wuhan,wuhan,wuhan,wuhan,wuhan,wuhan,wuhan,ba4,3201.0,17946.0,24.0,8003.0,0.0,0.0,6900.0,37124.0,1312.0,4091.0
ba1,ba1,ba1,ba1,ba1,ba1,ba1,ba1,wuhan,ba4,ba4,ba4,ba4,725600.0,669168.0,199513.0,1182831.0,119512.0,93699.0,683377.0,514086.0,638053.0,878259.0
ba1,wuhan,wuhan,wuhan,wuhan,ba4,ba4,ba4,ba4,ba4,ba4,ba4,ba4,80247.0,179955.0,49270.0,429548.0,12894.0,11573.0,61628.0,17681.0,78316.0,148326.0
ba1,ba1,ba1,ba1,ba1,ba1,ba1,ba1,ba1,ba1,ba4,ba4,wuhan,952777.0,1054138.0,1117336.0,947913.0,1006216.0,303890.0,1370478.0,670856.0,964644.0,593426.0
ba1,ba1,ba1,ba1,ba1,ba1,ba4,wuhan,wuhan,wuhan,wuhan,wuhan,wuhan,1705209.0,1898018.0,2459435.0,2000292.0,1936392.0,697198.0,3519894.0,832595.0,2227206.0,1176468.0
wuhan,wuhan,wuhan,ba4,ba4,ba4,ba4,ba4,ba4,ba4,ba4,ba4,ba1,85570.0,330245.0,111062.0,47284.0,714060.0,174467.0,165150.0,404316.0,137312.0,45696.0
ba4,ba4,ba4,ba4,ba4,ba1,ba1,ba1,wuhan,wuhan,wuhan,wuhan,wuhan,1091446.0,396854.0,1630654.0,198482.0,560610.0,290452.0,893379.0,220619.0,2554147.0,271895.0
ba4,ba4,ba1,ba1,ba1,ba1,ba1,ba1,ba1,ba1,ba1,ba1,ba1,1172432.0,1186075.0,174488.0,311446.0,1293698.0,783855.0,235241.0,357869.0,547170.0,546269.0
ba4,ba4,ba4,ba4,ba4,ba4,ba4,ba4,ba4,wuhan,ba1,ba1,ba1,2294990.0,1527103.0,290028.0,210917.0,1755815.0,982710.0,514992.0,510614.0,1033147.0,925016.0
ba1,ba1,ba1,ba1,wuhan,wuhan,wuhan,wuhan,wuhan,ba4,ba4,ba4,ba4,370189.0,632530.0,102301.0,1162676.0,31708.0,51829.0,904774.0,325042.0,398526.0,1092321.0
ba1,ba1,ba1,ba1,ba1,ba1,ba4,ba4,ba4,ba4,ba4,ba4,ba4,781366.0,866683.0,239278.0,1496956.0,177941.0,138526.0,725979.0,737564.0,705097.0,1311973.0
ba1,ba1,ba4,ba4,ba4,ba4,ba4,ba4,ba4,wuhan,wuhan,wuhan,wuhan,1308231.0,1783642.0,2686074.0,1294263.0,2386946.0,379732.0,1955774.0,226609.0,1690097.0,828205.0
ba4,ba1,ba1,ba1,ba1,wuhan,wuhan,wuhan,wuhan,wuhan,wuhan,wuhan,wuhan,622603.0,790292.0,4551069.0,154811.0,631275.0,221449.0,779403.0,319662.0,3911089.0,290243.0
ba4,ba4,ba4,ba4,ba4,ba4,ba1,ba1,ba1,ba1,wuhan,wuhan,wuhan,1093250.0,718113.0,1783930.0,550041.0,1100309.0,360644.0,1236476.0,335141.0,2442969.0,551895.0
ba4,ba4,ba4,ba1,ba1,ba1,ba1,ba1,ba1,ba1,wuhan,wuhan,wuhan,1042047.0,617934.0,1976486.0,611982.0,1067148.0,289470.0,768767.0,353451.0,2356809.0,671450.0
wuhan,wuhan,wuhan,wuhan,wuhan,wuhan,wuhan,wuhan,wuhan,ba1,ba1,ba4,ba4,1537897.0,1532024.0,663292.0,1889189.0,3522.0,46446.0,1582348.0,1840814.0,548479.0,2188690.0
wuhan,wuhan,wuhan,wuhan,wuhan,wuhan,ba4,ba1,ba1,ba1,ba1,ba1,ba1,875035.0,3227831.0,40674.0,359429.0,1364498.0,1195150.0,342066.0,921283.0,133605.0,427345.0
wuhan,wuhan,ba1,ba1,ba1,ba1,ba4,ba4,ba4,ba4,ba4,ba4,ba4,358241.0,690662.0,139238.0,635606.0,125809.0,135994.0,384562.0,924897.0,342960.0,675225.0
ba4,ba4,ba1,ba1,ba1,ba1,ba1,ba1,ba1,ba1,ba1,wuhan,wuhan,858947.0,624281.0,1633624.0,672922.0,1123990.0,425389.0,696608.0,222066.0,2378263.0,527851.0
ba1,ba1,ba1,ba1,ba1,ba1,ba1,wuhan,ba4,ba4,ba4,ba4,ba4,674308.0,798750.0,183451.0,1529539.0,163949.0,118478.0,604452.0,629761.0,663106.0,1174849.0
ba1,ba1,ba4,ba4,ba4,ba4,ba4,ba4,ba4,ba4,wuhan,wuhan,wuhan,1380691.0,2129519.0,3305382.0,1821859.0,2618543.0,493398.0,2325129.0,299325.0,1930055.0,1100140.0
wuhan,wuhan,wuhan,wuhan,wuhan,wuhan,wuhan,wuhan,wuhan,wuhan,ba4,ba4,ba1,1152730.0,1416073.0,123980.0,114638.0,2000336.0,434625.0,492721.0,796661.0,63622.0,127896.0
ba1,ba1,ba1,wuhan,wuhan,wuhan,wuhan,wuhan,wuhan,wuhan,wuhan,ba4,ba4,1931429.0,999454.0,579625.0,2454015.0,2602.0,1374.0,2568851.0,923521.0,1632066.0,1898367.0
ba4,ba4,ba4,ba4,ba4,ba4,ba4,ba4,ba4,ba1,ba1,ba1,wuhan,2069231.0,623967.0,2595990.0,391549.0,1354085.0,664915.0,1795826.0,397690.0,3055768.0,912296.0
wuhan,wuhan,wuhan,wuhan,wuhan,wuhan,wuhan,ba4,ba4,ba4,ba4,ba4,ba1,37367.0,384556.0,20262.0,45141.0,501006.0,139265.0,115036.0,189029.0,58838.0,35577.0
ba4,ba4,ba4,ba4,wuhan,wuhan,wuhan,wuhan,wuhan,wuhan,wuhan,ba1,ba1,756618.0,423820.0,248134.0,16133.0,303601.0,257410.0,183430.0,131149.0,1061813.0,173158.0
ba4,ba4,ba4,ba4,ba4,ba4,ba4,ba4,ba4,ba4,ba1,ba1,wuhan,1650182.0,384782.0,1969528.0,262471.0,1002699.0,470197.0,1115268.0,261778.0,2781837.0,720705.0
wuhan,wuhan,wuhan,ba4,ba4,ba4,ba4,ba4,ba4,ba4,ba4,ba1,ba1,606181.0,1043194.0,135453.0,266972.0,1072183.0,462045.0,486181.0,966137.0,382312.0,177830.0
ba4,wuhan,ba1,ba1,ba1,ba1,ba1,ba1,ba1,ba1,ba1,ba1,ba1,2339858.0,1452006.0,210350.0,277204.0,2000569.0,790699.0,246458.0,479722.0,628060.0,461126.0
ba4,ba4,ba4,ba4,ba4,ba4,ba4,ba4,ba1,ba1,ba1,ba1,wuhan,2282529.0,806679.0,2948241.0,431948.0,1591904.0,784212.0,2308216.0,406664.0,2931334.0,1017233.0
wuhan,wuhan,wuhan,wuhan,wuhan,wuhan,ba4,ba4,ba4,ba4,ba1,ba1,ba1,723771.0,1472827.0,48991.0,231674.0,1191817.0,510376.0,358074.0,521043.0,142676.0,454223.0
ba4,ba4,ba4,ba4,wuhan,ba1,ba1,ba1,ba1,ba1,ba1,ba1,ba1,1713519.0,1699328.0,226444.0,293838.0,1309046.0,971169.0,394313.0,517130.0,706242.0,753024.0
wuhan,ba4,ba4,ba4,ba4,ba4,ba4,ba4,ba4,ba4,ba1,ba1,ba1,886043.0,1893567.0,400383.0,627818.0,1329179.0,805797.0,989473.0,1249669.0,330694.0,1035659.0
wuhan,wuhan,ba4,ba4,ba4,ba4,ba1,ba1,ba1,ba1,ba1,ba1,ba1,1749321.0,3404913.0,141061.0,717089.0,1684100.0,1665201.0,742457.0,1318751.0,245173.0,837861.0
ba1,ba1,ba1,ba1,ba1,wuhan,wuhan,wuhan,wuhan,wuhan,wuhan,wuhan,wuhan,632498.0,1098054.0,634104.0,790168.0,961935.0,254970.0,1809295.0,315889.0,672773.0,408781.0
wuhan,wuhan,wuhan,wuhan,wuhan,ba4,ba4,ba4,ba1,ba1,ba1,ba1,ba1,1096406.0,3771801.0,54922.0,385834.0,1866660.0,1297008.0,432253.0,1028311.0,160177.0,693119.0
ba1,ba1,ba1,ba1,ba4,ba4,wuhan,wuhan,wuhan,wuhan,wuhan,wuhan,wuhan,1948522.0,2244966.0,2603467.0,1662976.0,2456374.0,719814.0,3002223.0,756333.0,2173086.0,1641780.0
ba4,ba4,ba4,ba4,wuhan,wuhan,wuhan,wuhan,wuhan,wuhan,wuhan,wuhan,wuhan,442172.0,2548.0,629034.0,362.0,42518.0,76877.0,22192.0,7626.0,1285428.0,1748.0
ba4,ba4,ba4,ba4,ba4,ba4,ba4,wuhan,wuhan,wuhan,wuhan,wuhan,wuhan,385465.0,38462.0,520404.0,11511.0,91463.0,74015.0,140772.0,30915.0,1042649.0,41624.0
wuhan,wuhan,wuhan,wuhan,wuhan,wuhan,wuhan,wuhan,wuhan,wuhan,ba1,ba1,ba1,412586.0,1450488.0,20.0,105714.0,381743.0,386575.0,38328.0,323029.0,8779.0,318735.0
ba4,ba4,wuhan,ba1,ba1,ba1,ba1,ba1,ba1,ba1,ba1,ba1,ba1,1864430.0,1381180.0,279716.0,322214.0,1346671.0,728985.0,251889.0,436530.0,788931.0,621456.0
ba1,ba1,ba1,ba1,ba1,ba1,ba1,ba1,ba1,ba4,ba4,wuhan,wuhan,1325870.0,1854238.0,2013216.0,1348485.0,1632401.0,363064.0,2259900.0,571982.0,1900948.0,959905.0
ba1,ba1,ba1,ba1,ba1,ba1,ba1,ba1,wuhan,wuhan,wuhan,wuhan,wuhan,1355945.0,1371833.0,1753845.0,1146095.0,1448190.0,433091.0,2646715.0,701966.0,1395016.0,837247.0
ba1,ba1,ba1,wuhan,wuhan,ba4,ba4,ba4,ba4,ba4,ba4,ba4,ba4,285831.0,762529.0,225798.0,980203.0,111509.0,64634.0,400873.0,299100.0,423676.0,803248.0
wuhan,wuhan,wuhan,ba1,ba1,ba1,ba1,ba1,ba1,ba1,ba1,ba1,ba1,1442890.0,2656598.0,154170.0,508356.0,1726954.0,1594711.0,484075.0,1230161.0,347880.0,729500.0
ba4,ba4,ba4,ba4,wuhan,wuhan,ba1,ba1,ba1,ba1,ba1,ba1,ba1,1743052.0,1760134.0,230490.0,301199.0,1373433.0,1007697.0,376110.0,516717.0,772512.0,688529.0
ba4,ba4,ba4,ba4,ba4,ba4,ba4,ba4,ba4,ba1,ba1,ba1,ba1,1958345.0,1577881.0,228913.0,294931.0,1889085.0,987237.0,485298.0,531233.0,1066243.0,1080971.0
ba4,ba4,ba4,ba4,ba4,ba4,ba4,ba4,ba4,ba4,ba1,ba1,ba1,1730027.0,906926.0,283624.0,216357.0,1499408.0,773204.0,501478.0,380856.0,978062.0,902849.0
wuhan,wuhan,wuhan,wuhan,wuhan,wuhan,wuhan,ba4,ba4,ba4,ba4,ba1,ba1,337411.0,674151.0,44195.0,210610.0,723409.0,408844.0,324064.0,597302.0,246069.0,148472.0
ba4,ba4,ba4,wuhan,wuhan,ba1,ba1,ba1,ba1,ba1,ba1,ba1,ba1,1731017.0,1718288.0,248012.0,311787.0,1373714.0,897619.0,364070.0,465282.0,821405.0,764964.0
ba1,wuhan,wuhan,wuhan,wuhan,wuhan,wuhan,ba4,ba4,ba4,ba4,ba4,ba4,38965.0,118248.0,18384.0,245722.0,3202.0,9262.0,84887.0,22463.0,31594.0,130547.0
ba4,ba4,ba4,ba1,ba1,ba1,ba1,ba1,ba1,wuhan,wuhan,wuhan,wuhan,1202334.0,603231.0,1972755.0,513278.0,973408.0,311822.0,741034.0,310916.0,2885406.0,561610.0
ba1,ba1,ba1,ba1,ba1,ba1,ba4,ba4,wuhan,wuhan,wuhan,wuhan,wuhan,1856255.0,1976075.0,2193682.0,2100296.0,2328009.0,722618.0,3921323.0,957486.0,2260905.0,1309465.0
wuhan,wuhan,wuhan,wuhan,wuhan,wuhan,wuhan,wuhan,wuhan,ba4,ba4,ba4,ba1,453045.0,1578237.0,118094.0,291959.0,2621939.0,546050.0,663362.0,797881.0,300714.0,165958.0
ba1,ba1,ba1,ba1,ba1,ba1,ba1,wuhan,wuhan,ba4,ba4,ba4,ba4,735059.0,883009.0,198816.0,1606149.0,171021.0,114434.0,789695.0,659710.0,684264.0,1313611.0
ba1,ba1,ba1,ba1,wuhan,wuhan,wuhan,wuhan,wuhan,wuhan,wuhan,wuhan,wuhan,157636.0,226849.0,155769.0,71450.0,368983.0,201473.0,956181.0,29821.0,42313.0,84385.0
ba4,ba4,ba4,ba4,ba4,ba4,ba4,ba4,ba4,wuhan,wuhan,wuhan,wuhan,460324.0,65504.0,607151.0,31391.0,163137.0,81626.0,213576.0,41960.0,1276664.0,62905.0
ba4,ba4,ba4,ba4,wuhan,wuhan,wuhan,ba1,ba1,ba1,ba1,ba1,ba1,1603414.0,1747900.0,221718.0,252407.0,1421341.0,954281.0,362433.0,547681.0,753619.0,686078.0
wuhan,wuhan,wuhan,wuhan,wuhan,wuhan,wuhan,ba1,ba1,ba1,ba1,ba4,ba4,1748982.0,2218705.0,1262558.0,2255976.0,21456.0,108612.0,1764927.0,2396817.0,566746.0,2194814.0
ba1,wuhan,wuhan,wuhan,wuhan,wuhan,wuhan,wuhan,ba4,ba4,ba4,ba4,ba4,70429.0,156693.0,21470.0,303924.0,66.0,9536.0,221401.0,85594.0,37430.0,199015.0
wuhan,wuhan,wuhan,ba1,ba4,ba4,ba4,ba4,ba4,ba4,ba4,ba4,ba4,60452.0,315061.0,54159.0,192483.0,37635.0,43821.0,137831.0,345342.0,107777.0,205220.0
ba4,ba4,ba4,ba4,ba4,ba4,ba4,ba4,wuhan,wuhan,wuhan,wuhan,ba1,1008976.0,285354.0,156583.0,16631.0,553306.0,502639.0,730380.0,310141.0,1339434.0,329805.0
ba1,ba1,ba1,ba1,ba1,ba1,ba1,ba4,ba4,ba4,wuhan,wuhan,wuhan,1734302.0,2559698.0,2767776.0,2166135.0,2783958.0,797582.0,4129681.0,846271.0,2729591.0,1849757.0
ba4,ba4,ba4,ba4,ba4,ba4,ba4,wuhan,wuhan,wuhan,wuhan,wuhan,ba1,850345.0,207183.0,177470.0,10151.0,447670.0,409570.0,557726.0,237455.0,1243181.0,257821.0
ba4,ba4,ba4,ba4,wuhan,wuhan,wuhan,wuhan,wuhan,wuhan,wuhan,wuhan,ba1,621537.0,79912.0,219229.0,313.0,216489.0,271646.0,270214.0,67373.0,1420497.0,113148.0
ba4,ba4,ba4,ba4,ba4,ba4,ba4,ba4,ba4,ba4,ba1,wuhan,wuhan,963883.0,268650.0,1464292.0,245138.0,722452.0,199900.0,650977.0,296295.0,2112449.0,351731.0
ba1,ba1,wuhan,wuhan,wuhan,wuhan,wuhan,wuhan,wuhan,wuhan,ba4,ba4,ba4,1107177.0,825744.0,547060.0,1347565.0,142.0,162.0,1340801.0,474659.0,270935.0,1211095.0
ba4,ba4,ba4,ba4,ba4,ba4,ba4,ba1,ba1,ba1,wuhan,wuhan,wuhan,999164.0,653031.0,1789379.0,513720.0,1164459.0,306019.0,1298494.0,314903.0,2554494.0,485846.0
ba1,ba1,ba1,ba1,ba1,ba4,ba4,ba4,ba4,ba4,ba4,ba4,ba4,684018.0,975905.0,323584.0,1654767.0,213943.0,117742.0,810365.0,640593.0,731131.0,1341595.0
ba4,ba4,ba4,ba4,ba4,ba4,wuhan,wuhan,wuhan,wuhan,wuhan,ba1,ba1,1020221.0,653815.0,237340.0,52547.0,560873.0,394523.0,369618.0,330255.0,838953.0,315839.0
ba4,ba4,ba4,ba4,ba4,ba4,ba4,ba4,ba4,wuhan,wuhan,ba1,ba1,1768847.0,1105763.0,310085.0,130026.0,1151085.0,672516.0,647825.0,553775.0,1291304.0,534751.0
ba4,ba4,ba4,ba4,ba4,ba4,ba4,wuhan,wuhan,ba1,ba1,ba1,ba1,1985440.0,2150689.0,215826.0,273870.0,1702634.0,918083.0,466258.0,644831.0,911819.0,1054276.0
wuhan,wuhan,ba4,ba4,ba4,ba4,ba4,ba4,ba4,ba1,ba1,ba1,ba1,1612502.0,2892384.0,124832.0,589921.0,2233722.0,1207079.0,640713.0,1237188.0,266538.0,927068.0
wuhan,wuhan,wuhan,wuhan,ba4,ba4,ba4,ba4,ba4,ba4,ba4,ba4,ba1,83395.0,273529.0,48985.0,39514.0,472309.0,126720.0,103593.0,399095.0,118366.0,43497.0
ba4,ba4,ba4,ba4,ba1,ba1,ba1,ba1,ba1,wuhan,wuhan,wuhan,wuhan,1076479.0,688149.0,1766346.0,381537.0,762695.0,315526.0,795647.0,277141.0,2552736.0,444464.0
wuhan,wuhan,wuhan,wuhan,ba4,ba4,ba4,ba4,ba4,ba1,ba1,ba1,ba1,1414835.0,3254441.0,79623.0,355892.0,2208452.0,952130.0,425198.0,1244839.0,287566.0,751485.0
ba4,ba4,ba4,ba1,ba1,ba1,ba1,ba1,ba1,ba1,ba1,ba1,wuhan,1854945.0,504625.0,2586469.0,505802.0,1192556.0,542305.0,1464151.0,292400.0,2052783.0,899512.0
wuhan,ba4,ba4,ba4,ba4,ba4,ba4,ba4,ba4,ba4,ba4,ba1,ba1,513706.0,1012974.0,304511.0,485566.0,694408.0,436075.0,799109.0,1144252.0,511767.0,376300.0
ba4,ba4,ba4,ba4,ba4,ba4,ba4,ba1,ba1,ba1,ba1,ba1,ba1,1860686.0,1997034.0,245675.0,371356.0,1750759.0,1080902.0,507153.0,637953.0,826137.0,1024311.0
wuhan,ba4,ba4,ba4,ba4,ba4,ba4,ba4,ba1,ba1,ba1,ba1,ba1,1061235.0,3554318.0,339901.0,805842.0,1662984.0,1224834.0,975623.0,1645221.0,344578.0,1345970.0
ba4,ba4,ba4,ba4,ba1,ba1,ba1,ba1,ba1,ba1,ba1,ba1,wuhan,1716957.0,636878.0,2639602.0,401802.0,1133492.0,674704.0,1621816.0,320054.0,2026470.0,852462.0
ba1,ba1,ba1,ba1,ba1,ba1,wuhan,wuhan,wuhan,wuhan,wuhan,ba4,ba4,2505960.0,1299262.0,608544.0,3334143.0,165695.0,98249.0,2505140.0,1401771.0,1586887.0,2561292.0
ba1,ba1,wuhan,ba4,ba4,ba4,ba4,ba4,ba4,ba4,ba4,ba4,ba4,210606.0,445498.0,158014.0,743154.0,118206.0,55288.0,322100.0,121367.0,329698.0,508658.0
ba4,ba4,ba4,ba4,ba4,ba4,ba4,ba4,ba4,ba4,wuhan,ba1,ba1,1965965.0,944642.0,301931.0,187144.0,1429761.0,732190.0,654127.0,424869.0,1584052.0,828259.0
ba4,ba4,ba4,ba4,ba4,ba4,ba4,ba4,ba4,wuhan,wuhan,wuhan,ba1,1184998.0,413171.0,188365.0,27388.0,686638.0,671278.0,765260.0,343074.0,1669648.0,362083.0
wuhan,ba1,ba1,ba1,ba1,ba1,ba1,ba1,ba4,ba4,ba4,ba4,ba4,491561.0,1022781.0,138507.0,867663.0,101411.0,144540.0,400962.0,1147259.0,552828.0,788837.0
ba1,wuhan,wuhan,wuhan,wuhan,wuhan,wuhan,wuhan,wuhan,wuhan,ba4,ba4,ba4,1238592.0,616475.0,510215.0,1256204.0,0.0,0.0,1011552.0,254112.0,205810.0,725495.0
ba4,ba4,ba4,ba1,ba1,ba1,ba1,ba1,wuhan,wuhan,wuhan,wuhan,wuhan,1413356.0,558857.0,2517600.0,472642.0,1024923.0,352731.0,901690.0,364095.0,3547419.0,529575.0
ba4,ba4,ba4,ba4,ba4,ba4,wuhan,wuhan,wuhan,wuhan,wuhan,wuhan,wuhan,420553.0,19001.0,506803.0,8676.0,105470.0,98200.0,130836.0,33066.0,907767.0,68288.0
ba4,wuhan,wuhan,wuhan,wuhan,wuhan,wuhan,wuhan,wuhan,wuhan,ba1,ba1,ba1,1206877.0,980855.0,17382.0,68012.0,474614.0,251271.0,19246.0,141888.0,93358.0,315709.0
wuhan,wuhan,ba1,ba1,ba1,ba1,ba1,ba1,ba1,ba1,ba1,ba1,ba4,1544522.0,981837.0,1184949.0,1905955.0,122270.0,375235.0,1636899.0,1711643.0,791254.0,3602455.0
wuhan,wuhan,wuhan,wuhan,ba1,ba4,ba4,ba4,ba4,ba4,ba4,ba4,ba4,62831.0,218046.0,43739.0,151747.0,14769.0,28679.0,96067.0,287524.0,77176.0,129046.0
wuhan,wuhan,ba1,ba4,ba4,ba4,ba4,ba4,ba4,ba4,ba4,ba4,ba4,116146.0,317707.0,58077.0,194336.0,46897.0,47744.0,176793.0,320565.0,173251.0,201885.0
ba4,ba4,ba4,ba4,ba4,ba4,ba4,ba4,ba1,ba1,wuhan,wuhan,wuhan,904039.0,599461.0,1668765.0,349638.0,944251.0,308979.0,1055110.0,274104.0,2397036.0,403557.0
wuhan,wuhan,wuhan,wuhan,wuhan,wuhan,wuhan,wuhan,ba4,ba4,ba1,ba1,ba1,971293.0,1960537.0,50112.0,227670.0,1360341.0,1199004.0,302892.0,939789.0,124294.0,510836.0
ba1,ba1,wuhan,wuhan,wuhan,ba4,ba4,ba4,ba4,ba4,ba4,ba4,ba4,137977.0,438622.0,123933.0,526647.0,59452.0,48855.0,181422.0,72214.0,222546.0,436173.0
ba4,ba4,ba4,ba4,ba4,ba4,ba1,ba1,ba1,ba1,ba1,ba1,wuhan,2149941.0,721484.0,2941697.0,471625.0,1481110.0,839212.0,2581054.0,404875.0,2573102.0,969077.0
ba4,ba4,ba4,ba4,ba4,ba4,ba4,ba4,ba4,ba1,ba1,wuhan,wuhan,1142444.0,573283.0,1871091.0,500550.0,966144.0,323672.0,965815.0,323696.0,2826380.0,439246.0
ba1,ba1,ba1,ba1,wuhan,wuhan,wuhan,ba4,ba4,ba4,ba4,ba4,ba4,368821.0,682828.0,148199.0,882895.0,93295.0,89119.0,406543.0,330561.0,446672.0,934048.0
wuhan,wuhan,wuhan,wuhan,wuhan,ba4,ba4,ba4,ba4,ba4,ba4,ba4,ba4,6978.0,71357.0,4496.0,37987.0,1027.0,7658.0,40301.0,67570.0,14947.0,51888.0
wuhan,wuhan,wuhan,wuhan,ba4,ba4,ba4,ba4,ba4,ba4,ba4,ba1,ba1,642886.0,937324.0,77197.0,238223.0,833442.0,346327.0,374349.0,858890.0,377726.0,170155.0
wuhan,wuhan,ba1,ba1,ba1,ba4,ba4,ba4,ba4,ba4,ba4,ba4,ba4,293626.0,659577.0,145161.0,596443.0,121474.0,110608.0,370791.0,793829.0,315887.0,599779.0
ba4,ba4,ba4,ba4,ba4,ba4,ba4,ba1,ba1,ba1,ba1,wuhan,wuhan,1216122.0,737032.0,1892940.0,813241.0,1294638.0,388069.0,1412908.0,332054.0,2757020.0,576698.0
wuhan,wuhan,wuhan,wuhan,wuhan,ba4,ba4,ba1,ba1,ba1,ba1,ba1,ba1,1088899.0,3910478.0,70654.0,423702.0,1776705.0,1355250.0,438512.0,1186394.0,182628.0,635850.0
wuhan,wuhan,wuhan,wuhan,wuhan,ba4,ba4,ba4,ba4,ba4,ba1,ba1,ba1,806254.0,1798304.0,75166.0,263559.0,1362502.0,576514.0,414675.0,656144.0,173577.0,525522.0
ba4,ba4,wuhan,wuhan,wuhan,wuhan,wuhan,ba1,ba1,ba1,ba1,ba1,ba1,1705043.0,1897864.0,134838.0,233287.0,1056409.0,561607.0,189064.0,476131.0,600461.0,511557.0
wuhan,ba1,ba1,ba1,ba1,ba1,ba1,ba1,ba1,ba1,ba1,ba4,ba4,1264298.0,1739369.0,505377.0,2071958.0,60065.0,116964.0,1020884.0,1998388.0,553108.0,2337107.0
ba4,ba4,ba4,ba4,ba1,ba1,ba1,ba1,ba1,ba1,ba1,ba1,ba1,1406877.0,1374608.0,191744.0,288473.0,1116582.0,845726.0,294606.0,427490.0,566541.0,659731.0
ba4,ba4,ba1,ba1,ba1,wuhan,wuhan,wuhan,wuhan,wuhan,wuhan,wuhan,wuhan,832450.0,395929.0,2198409.0,198304.0,466768.0,167712.0,634524.0,108349.0,4210584.0,251488.0
ba1,ba1,ba4,wuhan,wuhan,wuhan,wuhan,wuhan,wuhan,wuhan,wuhan,wuhan,wuhan,297483.0,554392.0,583461.0,41352.0,674273.0,13870.0,440278.0,9872.0,303562.0,351686.0
ba1,ba4,ba4,ba4,ba4,ba4,ba4,ba4,ba4,ba4,ba4,ba4,ba4,108426.0,349311.0,153491.0,691793.0,5840.0,26954.0,175765.0,33976.0,86733.0,256575.0
wuhan,ba1,ba1,ba1,ba1,ba1,ba1,ba4,ba4,ba4,ba4,ba4,ba4,546603.0,1136890.0,147815.0,896007.0,137597.0,149583.0,436605.0,1478540.0,602907.0,1070242.0
ba1,ba1,ba1,ba1,ba1,ba1,ba1,ba1,ba4,ba4,ba4,ba4,wuhan,1538828.0,1495729.0,1611901.0,1296452.0,1670108.0,554912.0,1974606.0,896803.0,1312730.0,553147.0
ba1,ba1,wuhan,wuhan,wuhan,wuhan,wuhan,wuhan,wuhan,wuhan,wuhan,wuhan,wuhan,1398.0,3141.0,8916.0,451.0,6822.0,815.0,64962.0,12.0,845.0,386.0
ba1,ba1,ba1,ba1,ba1,ba1,ba1,ba1,ba1,wuhan,wuhan,ba4,ba4,1403547.0,625348.0,336559.0,1679789.0,125890.0,59412.0,1209636.0,638021.0,845489.0,1371034.0
wuhan,wuhan,wuhan,wuhan,wuhan,ba1,ba4,ba4,ba4,ba4,ba4,ba4,ba4,35629.0,170253.0,26481.0,104191.0,10255.0,21107.0,74768.0,172043.0,62735.0,106280.0
ba4,ba1,ba1,ba1,ba1,ba1,ba1,ba1,ba1,ba1,ba1,ba1,wuhan,2446899.0,499270.0,2538396.0,236383.0,1554364.0,438586.0,1157212.0,280337.0,2536196.0,844336.0
ba1,ba1,ba4,ba4,ba4,wuhan,wuhan,wuhan,wuhan,wuhan,wuhan,wuhan,wuhan,1418955.0,1621542.0,2524077.0,820625.0,1876667.0,363166.0,1068546.0,131860.0,1107888.0,701801.0
ba1,ba1,ba1,ba1,ba1,ba1,ba1,ba1,ba1,ba1,ba1,ba4,ba4,932759.0,660881.0,356703.0,1902169.0,21956.0,10518.0,1127743.0,550530.0,261558.0,1368916.0
ba4,ba4,ba4,ba4,ba1,ba1,ba1,ba1,ba1,ba1,wuhan,wuhan,wuhan,950651.0,728462.0,1924494.0,493641.0,914126.0,337729.0,866789.0,342732.0,2166876.0,544561.0
ba4,ba1,ba1,ba1,ba1,ba1,ba1,ba1,wuhan,wuhan,wuhan,wuhan,wuhan,1690489.0,1170318.0,4676265.0,405816.0,1689473.0,462030.0,1085781.0,788347.0,4105503.0,619272.0
ba4,ba4,ba4,ba4,ba4,wuhan,wuhan,wuhan,wuhan,wuhan,ba1,ba1,ba1,1595452.0,1207532.0,207404.0,153927.0,840431.0,653668.0,332597.0,311520.0,849844.0,776032.0
ba4,ba4,ba4,ba4,ba4,ba4,ba1,ba1,ba1,ba1,ba1,ba1,ba1,1829395.0,1862467.0,224653.0,351430.0,1479341.0,1111516.0,493123.0,600513.0,748823.0,900628.0
ba4,ba4,ba4,wuhan,wuhan,wuhan,wuhan,wuhan,wuhan,wuhan,ba1,ba1,ba1,883551.0,970816.0,52823.0,116573.0,492200.0,343434.0,118892.0,230034.0,847724.0,760963.0
ba1,ba1,ba1,ba1,ba4,ba4,ba4,wuhan,wuhan,wuhan,wuhan,wuhan,wuhan,1715326.0,2617871.0,2850487.0,1770479.0,2600229.0,653987.0,3539131.0,630159.0,2562335.0,1377280.0
ba1,ba1,ba1,ba1,ba4,ba4,ba4,ba4,ba4,ba4,wuhan,wuhan,wuhan,2111327.0,3681765.0,3577390.0,2966992.0,3994040.0,828331.0,5327044.0,870652.0,3419398.0,2032476.0
ba4,wuhan,wuhan,wuhan,wuhan,ba1,ba1,ba1,ba1,ba1,ba1,ba1,ba1,2523965.0,2268957.0,205132.0,203531.0,1819145.0,754723.0,180884.0,322292.0,535841.0,420479.0
ba4,ba1,ba1,ba1,ba1,ba1,ba1,ba1,ba1,ba1,wuhan,wuhan,wuhan,1289305.0,804329.0,2767977.0,347855.0,1615213.0,273104.0,618289.0,484411.0,2763630.0,710097.0
wuhan,wuhan,wuhan,wuhan,wuhan,wuhan,wuhan,wuhan,wuhan,wuhan,wuhan,ba1,ba1,21020.0,320867.0,10.0,8427.0,15075.0,9006.0,288.0,73916.0,460.0,6878.0
wuhan,wuhan,wuhan,wuhan,wuhan,wuhan,wuhan,wuhan,ba4,ba4,ba4,ba4,ba4,34794.0,82141.0,12717.0,172392.0,0.0,8906.0,200578.0,213899.0,20748.0,210003.0
ba1,ba1,ba1,ba1,ba1,ba4,ba4,wuhan,wuhan,wuhan,wuhan,wuhan,wuhan,1698025.0,2604648.0,2849552.0,2108078.0,2525895.0,557326.0,4044704.0,762971.0,2485492.0,1285738.0
ba4,ba4,ba4,ba4,ba4,ba4,ba4,ba4,ba4,ba4,ba4,ba4,ba4,76771.0,44891.0,26815.0,32456.0,3234.0,5894.0,54010.0,35618.0,140377.0,88539.0
ba4,ba4,ba4,ba4,ba4,ba4,ba4,ba4,ba4,ba4,wuhan,wuhan,wuhan,509320.0,110286.0,763552.0,67496.0,235808.0,115498.0,279340.0,68117.0,1391861.0,87518.0
wuhan,ba1,ba1,ba1,ba1,ba4,ba4,ba4,ba4,ba4,ba4,ba4,ba4,475803.0,1262784.0,232807.0,985728.0,167287.0,121961.0,548674.0,1514641.0,569965.0,1010144.0
ba4,ba4,ba4,ba4,ba4,ba4,ba1,ba1,ba1,wuhan,wuhan,wuhan,wuhan,979841.0,515996.0,1400665.0,328597.0,780690.0,318332.0,932181.0,234070.0,2370471.0,362846.0
wuhan,wuhan,wuhan,wuhan,wuhan,wuhan,wuhan,wuhan,wuhan,ba4,ba1,ba1,ba1,813708.0,2202519.0,6063.0,202309.0,1078101.0,877878.0,220858.0,565186.0,54393.0,522984.0
ba4,ba4,ba4,ba4,ba4,ba1,ba1,ba1,ba1,ba1,ba1,ba1,wuhan,1875380.0,643403.0,2774536.0,405668.0,1261963.0,773464.0,2163251.0,359200.0,2330979.0,867406.0
ba1,ba1,ba1,ba1,ba1,ba1,ba1,wuhan,wuhan,wuhan,wuhan,ba4,ba4,2006295.0,1177024.0,552186.0,2913042.0,251374.0,104625.0,1917882.0,1159196.0,1402801.0,2284878.0
ba1,ba1,ba4,ba4,ba4,ba4,ba4,wuhan,wuhan,wuhan,wuhan,wuhan,wuhan,1161611.0,1499858.0,2699676.0,976248.0,1715054.0,344901.0,1442198.0,180123.0,1331618.0,712132.0
wuhan,wuhan,wuhan,wuhan,wuhan,wuhan,ba4,ba4,ba4,ba4,ba4,ba4,ba1,58974.0,125897.0,18015.0,27819.0,314115.0,99548.0,60980.0,153980.0,43543.0,32866.0
ba1,wuhan,wuhan,wuhan,wuhan,wuhan,wuhan,wuhan,wuhan,wuhan,wuhan,wuhan,wuhan,36.0,1198.0,112.0,150.0,1431.0,0.0,2464.0,0.0,18.0,0.0
ba4,ba1,ba1,ba1,ba1,ba1,ba1,ba1,ba1,ba1,ba1,ba1,ba1,1810843.0,1005080.0,228795.0,175086.0,1673352.0,419996.0,191928.0,441455.0,593304.0,504567.0
wuhan,wuhan,wuhan,wuhan,wuhan,wuhan,ba1,ba1,ba1,ba1,ba1,ba4,ba4,1753205.0,2270732.0,1100481.0,2615727.0,27479.0,136154.0,1592364.0,2269144.0,592371.0,2417504.0
ba4,ba4,ba4,ba4,ba4,ba4,ba1,wuhan,wuhan,wuhan,wuhan,wuhan,wuhan,701015.0,107386.0,946392.0,53551.0,260150.0,207882.0,385802.0,96009.0,1599258.0,156555.0
ba1,ba1,ba1,ba1,ba1,ba1,ba1,ba1,wuhan,wuhan,ba4,ba4,ba4,967156.0,790860.0,286778.0,1488699.0,156393.0,68289.0,874189.0,679579.0,629059.0,1151318.0
wuhan,wuhan,wuhan,wuhan,wuhan,wuhan,wuhan,ba1,ba1,ba1,ba4,ba4,ba4,1456676.0,1258289.0,603297.0,1104186.0,17516.0,42614.0,1275524.0,1998913.0,443168.0,978353.0
ba1,ba4,ba4,wuhan,wuhan,wuhan,wuhan,wuhan,wuhan,wuhan,wuhan,wuhan,wuhan,55293.0,1025943.0,583948.0,1092227.0,691.0,1506.0,195477.0,4458.0,290611.0,43909.0
wuhan,wuhan,wuhan,wuhan,ba1,ba1,ba4,ba4,ba4,ba4,ba4,ba4,ba4,121194.0,316643.0,62135.0,238097.0,35300.0,42626.0,137120.0,357745.0,127470.0,196036.0
wuhan,wuhan,ba4,ba4,ba4,ba4,ba4,ba4,ba4,ba4,ba4,ba1,ba1,785536.0,863965.0,105193.0,381045.0,898545.0,465948.0,554000.0,822766.0,344743.0,260217.0
wuhan,wuhan,wuhan,wuhan,wuhan,ba1,ba1,ba1,ba1,ba1,ba1,ba1,ba1,1193602.0,3031880.0,95659.0,343204.0,1332015.0,1289237.0,364890.0,793965.0,206582.0,459420.0
ba4,ba4,ba4,ba4,ba4,ba1,wuhan,wuhan,wuhan,wuhan,wuhan,wuhan,wuhan,775928.0,58991.0,1051899.0,33278.0,199056.0,169744.0,353336.0,58473.0,1641676.0,130259.0
ba1,ba1,ba1,ba1,ba1,ba1,ba1,ba1,ba1,ba1,wuhan,wuhan,ba4,1185600.0,941530.0,398317.0,1280622.0,37344.0,51265.0,1074193.0,757523.0,521326.0,1764043.0
wuhan,wuhan,wuhan,ba1,ba1,ba4,ba4,ba4,ba4,ba4,ba4,ba4,ba4,138617.0,449646.0,109160.0,337964.0,59515.0,77535.0,190222.0,536862.0,176079.0,322546.0
ba1,ba1,ba1,wuhan,wuhan,wuhan,wuhan,wuhan,wuhan,wuhan,wuhan,wuhan,ba4,112131.0,1675685.0,24178.0,319710.0,3332.0,5504.0,565310.0,434914.0,79560.0,486887.0
ba4,ba4,ba4,ba4,ba1,ba1,ba1,ba1,ba1,ba1,ba1,wuhan,wuhan,1032982.0,658804.0,1711163.0,674400.0,968748.0,367853.0,774867.0,254988.0,2162398.0,539861.0
ba4,ba4,ba4,ba4,ba4,ba4,ba4,ba4,ba4,ba4,wuhan,wuhan,ba1,1337599.0,480424.0,246663.0,60408.0,963549.0,719607.0,716184.0,430234.0,1901564.0,553810.0
wuhan,wuhan,wuhan,ba1,ba1,ba1,ba1,ba1,ba1,ba1,ba1,ba1,ba4,1497776.0,1287661.0,1445721.0,1857091.0,133687.0,361874.0,1501955.0,1933879.0,878583.0,3447631.0
wuhan,wuhan,wuhan,wuhan,ba4,ba1,ba1,ba1,ba1,ba1,ba1,ba1,ba1,1454867.0,3136797.0,167975.0,421579.0,1578727.0,1387744.0,443456.0,1109954.0,292527.0,573545.0
ba4,ba4,ba4,ba4,ba4,wuhan,ba1,ba1,ba1,ba1,ba1,ba1,ba1,1779635.0,1773760.0,238601.0,343750.0,1413175.0,1087152.0,438497.0,532236.0,776108.0,698660.0
ba4,ba4,ba4,ba4,ba4,ba1,ba1,ba1,ba1,ba1,ba1,ba1,ba1,1611670.0,1529885.0,223993.0,301057.0,1197132.0,978681.0,419839.0,525528.0,691160.0,750224.0
ba4,wuhan,wuhan,wuhan,wuhan,wuhan,wuhan,wuhan,wuhan,wuhan,wuhan,ba1,ba1,185013.0,227930.0,10090.0,6341.0,19043.0,5798.0,194.0,29420.0,45243.0,7497.0
wuhan,wuhan,wuhan,wuhan,ba1,ba1,ba1,ba1,ba1,ba1,ba1,ba1,ba1,1399899.0,2918907.0,132421.0,386900.0,1368748.0,1136774.0,373881.0,1057855.0,271737.0,569199.0
wuhan,wuhan,wuhan,wuhan,wuhan,ba4,ba1,ba1,ba1,ba1,ba1,ba1,ba1,1247754.0,3724450.0,78214.0,412345.0,1601966.0,1446808.0,429255.0,1058760.0,212836.0,586196.0
ba1,ba1,ba1,ba1,wuhan,wuhan,wuhan,wuhan,wuhan,wuhan,ba4,ba4,ba4,961656.0,991935.0,399433.0,1872198.0,34218.0,26795.0,1482210.0,659265.0,452533.0,1767231.0
ba1,wuhan,wuhan,wuhan,wuhan,wuhan,wuhan,wuhan,wuhan,ba4,ba4,ba4,ba4,271123.0,378748.0,61344.0,909814.0,0.0,320.0,1051973.0,135380.0,216947.0,543236.0
wuhan,wuhan,wuhan,ba1,ba1,ba1,ba1,ba1,ba1,ba1,ba4,ba4,ba4,954803.0,878920.0,393275.0,1202699.0,75572.0,154917.0,838331.0,1445553.0,548404.0,1208451.0
ba4,ba4,ba4,ba1,wuhan,wuhan,wuhan,wuhan,wuhan,wuhan,wuhan,wuhan,wuhan,487765.0,12685.0,877606.0,2742.0,53155.0,79130.0,121804.0,66725.0,2039442.0,74222.0
ba1,ba1,ba4,ba4,ba4,ba4,ba4,ba4,ba4,ba4,ba4,ba4,wuhan,1191912.0,1263323.0,1908279.0,970266.0,1385679.0,405838.0,1045102.0,399118.0,776450.0,382531.0
wuhan,wuhan,wuhan,wuhan,wuhan,wuhan,ba4,ba4,ba4,ba4,ba4,ba1,ba1,409256.0,630126.0,39338.0,185356.0,612219.0,278754.0,300341.0,544555.0,230103.0,121952.0
ba4,ba1,ba1,ba1,ba1,ba1,ba1,ba1,ba1,ba1,ba1,wuhan,wuhan,1382237.0,528351.0,2167450.0,393242.0,1448332.0,278571.0,598487.0,295163.0,2757503.0,512950.0
wuhan,wuhan,wuhan,ba4,ba4,ba4,ba4,ba4,ba4,ba1,ba1,ba1,ba1,1388666.0,3490569.0,138261.0,410202.0,2598153.0,1194419.0,554351.0,1419853.0,316756.0,748028.0
wuhan,wuhan,wuhan,wuhan,wuhan,wuhan,wuhan,wuhan,wuhan,ba1,ba1,ba1,ba1,644276.0,2307936.0,2905.0,160064.0,785496.0,419686.0,120733.0,509699.0,18119.0,338825.0
wuhan,ba1,ba1,ba1,ba1,ba1,ba1,ba1,ba1,ba1,ba1,ba1,ba4,1419748.0,1233755.0,835994.0,1207522.0,134272.0,180580.0,1361430.0,2065116.0,662129.0,3789817.0
wuhan,wuhan,wuhan,wuhan,wuhan,wuhan,wuhan,wuhan,wuhan,ba4,ba4,ba4,ba4,180157.0,394038.0,43526.0,495429.0,0.0,216.0,842100.0,318921.0,178579.0,515199.0
ba1,ba1,ba1,ba1,ba1,ba1,ba1,ba4,ba4,ba4,ba4,ba4,ba4,703764.0,757946.0,184670.0,1251669.0,153285.0,147174.0,576176.0,604657.0,701401.0,1276068.0
ba1,ba1,ba1,ba4,ba4,ba4,ba4,ba4,ba4,ba4,wuhan,wuhan,wuhan,1786801.0,3272969.0,3253404.0,2412300.0,3758378.0,693708.0,4329981.0,699173.0,2826994.0,1622789.0
wuhan,wuhan,ba4,ba4,ba4,ba4,ba4,ba4,ba4,ba4,ba1,ba1,ba1,1275002.0,1753308.0,155538.0,503144.0,1716009.0,861747.0,687350.0,894081.0,201125.0,759179.0
ba1,wuhan,wuhan,wuhan,wuhan,wuhan,ba4,ba4,ba4,ba4,ba4,ba4,ba4,55433.0,129948.0,28191.0,279993.0,7038.0,8796.0,40423.0,12340.0,47506.0,119268.0
ba4,ba4,ba4,ba4,ba4,ba1,ba1,ba1,ba1,wuhan,wuhan,wuhan,wuhan,1000081.0,591639.0,1554684.0,312314.0,704229.0,294386.0,926775.0,247683.0,2514508.0,388374.0
ba4,ba4,ba4,ba4,ba4,ba4,ba4,ba4,ba4,ba4,ba4,ba4,wuhan,448594.0,108301.0,412736.0,31457.0,200234.0,62295.0,131797.0,126797.0,479410.0,35326.0
wuhan,wuhan,wuhan,ba1,ba1,ba1,ba1,ba4,ba4,ba4,ba4,ba4,ba4,225098.0,528407.0,104844.0,448275.0,71166.0,106556.0,265456.0,656804.0,269563.0,448443.0
wuhan,ba1,ba1,ba1,ba1,ba1,ba1,ba1,ba1,ba4,ba4,ba4,ba4,447542.0,972720.0,132930.0,797625.0,90252.0,123866.0,469213.0,881539.0,570149.0,932785.0
wuhan,wuhan,wuhan,wuhan,wuhan,wuhan,wuhan,ba1,ba1,ba4,ba4,ba4,ba4,154173.0,467485.0,86465.0,629321.0,1674.0,35420.0,834875.0,399992.0,197341.0,643538.0
ba1,ba1,ba1,ba4,ba4,ba4,wuhan,wuhan,wuhan,wuhan,wuhan,wuhan,wuhan,1812716.0,2185767.0,2403330.0,1400984.0,2555129.0,632325.0,2744610.0,637058.0,1772895.0,1371586.0
ba1,ba1,ba1,ba1,ba1,ba1,ba1,ba1,ba1,ba1,ba1,ba1,ba4,757239.0,379223.0,589737.0,1123488.0,52929.0,13468.0,1392296.0,537139.0,418526.0,2330295.0
wuhan,wuhan,wuhan,wuhan,wuhan,wuhan,wuhan,wuhan,wuhan,wuhan,wuhan,wuhan,wuhan,0.0,81.0,0.0,6.0,0.0,0.0,1998.0,0.0,0.0,0.0
ba1,ba1,ba1,ba1,ba4,ba4,ba4,ba4,ba4,wuhan,wuhan,wuhan,wuhan,1953449.0,2958597.0,2803227.0,2205056.0,3569504.0,681399.0,4520645.0,753506.0,3028398.0,1543626.0
ba1,ba1,ba1,ba1,ba1,ba1,wuhan,wuhan,wuhan,wuhan,wuhan,wuhan,ba4,2232877.0,2485196.0,497817.0,2265885.0,190847.0,205319.0,2720907.0,2002484.0,1234613.0,2453109.0
wuhan,wuhan,wuhan,wuhan,wuhan,wuhan,wuhan,wuhan,ba1,ba1,ba4,ba4,ba4,1692435.0,1156570.0,587869.0,1091919.0,13762.0,18547.0,1283743.0,1954470.0,419153.0,992575.0
ba4,ba4,wuhan,wuhan,wuhan,wuhan,wuhan,wuhan,wuhan,wuhan,wuhan,ba1,ba1,190979.0,276422.0,13665.0,9680.0,32025.0,8526.0,11450.0,77220.0,158405.0,20664.0
wuhan,ba4,ba4,ba4,ba4,ba4,ba4,ba1,ba1,ba1,ba1,ba1,ba1,1097602.0,3530797.0,330757.0,827431.0,1527118.0,1188252.0,978906.0,1679072.0,346358.0,1213016.0
ba4,ba4,ba4,ba4,wuhan,wuhan,wuhan,wuhan,ba1,ba1,ba1,ba1,ba1,1606246.0,1722158.0,190249.0,193621.0,1376560.0,844654.0,306041.0,508821.0,748909.0,765493.0
ba4,ba4,ba4,ba4,ba4,ba4,ba4,ba4,ba4,ba1,wuhan,wuhan,wuhan,810655.0,374106.0,1505399.0,207051.0,675988.0,259154.0,679404.0,190875.0,2297407.0,221124.0
wuhan,wuhan,ba1,ba1,ba1,ba1,ba1,ba1,ba1,ba1,ba1,ba4,ba4,1380324.0,1427878.0,715691.0,2839754.0,55861.0,202692.0,1314690.0,1755525.0,720829.0,2370200.0
ba1,ba1,ba1,ba1,ba4,ba4,ba4,ba4,ba4,ba4,ba4,ba4,ba4,554590.0,976861.0,271118.0,1510735.0,200894.0,100977.0,701480.0,519398.0,661097.0,1282409.0
wuhan,wuhan,wuhan,ba4,ba1,ba1,ba1,ba1,ba1,ba1,ba1,ba1,ba1,1366582.0,3027154.0,154420.0,470165.0,1582846.0,1676071.0,531351.0,1165956.0,372279.0,631483.0
ba4,ba4,ba4,wuhan,wuhan,wuhan,wuhan,ba1,ba1,ba1,ba1,ba1,ba1,1408387.0,1717069.0,176761.0,227732.0,1411327.0,802366.0,310736.0,489696.0,835862.0,709993.0
ba4,ba4,ba4,ba4,ba4,ba4,wuhan,wuhan,wuhan,ba1,ba1,ba1,ba1,1799593.0,2052746.0,200318.0,253235.0,1516952.0,858493.0,430183.0,598568.0,805281.0,949470.0
ba4,ba4,ba4,ba4,ba4,ba4,ba4,ba4,ba4,ba4,ba4,ba1,wuhan,1088907.0,319165.0,889806.0,279416.0,542708.0,275371.0,511228.0,204784.0,2556880.0,383282.0
wuhan,wuhan,wuhan,wuhan,wuhan,wuhan,ba1,ba1,ba1,ba4,ba4,ba4,ba4,180212.0,508365.0,89159.0,734446.0,10959.0,51129.0,735617.0,397311.0,230672.0,704097.0
ba1,ba1,ba1,ba1,ba1,ba1,ba4,ba4,ba4,ba4,ba4,ba4,wuhan,2158357.0,2089628.0,2097374.0,1739887.0,2336174.0,774466.0,2689217.0,1488348.0,1546219.0,776967.0
wuhan,wuhan,ba1,ba1,ba1,ba1,ba1,ba1,ba1,ba1,ba4,ba4,ba4,849286.0,706395.0,323997.0,1245149.0,68073.0,151849.0,809438.0,1228731.0,529327.0,1202222.0
wuhan,wuhan,ba1,ba1,ba1,ba1,ba1,ba1,ba1,ba4,ba4,ba4,ba4,375362.0,636820.0,169910.0,854470.0,83368.0,148133.0,590257.0,609430.0,485939.0,805017.0
wuhan,ba4,ba4,ba4,ba4,ba4,ba4,ba4,ba4,ba4,ba4,ba4,ba1,101823.0,364429.0,317922.0,119692.0,496535.0,134324.0,296845.0,583219.0,205628.0,91639.0
wuhan,wuhan,wuhan,wuhan,wuhan,wuhan,wuhan,wuhan,wuhan,wuhan,wuhan,wuhan,ba1,3995.0,23216.0,0.0,6.0,24595.0,5442.0,5078.0,31135.0,0.0,2570.0
ba4,ba4,ba4,ba4,ba4,ba4,ba4,ba4,ba1,ba1,ba1,ba1,ba1,1938426.0,1940728.0,254504.0,331960.0,1901219.0,1138473.0,505891.0,617428.0,889042.0,1215695.0
wuhan,wuhan,wuhan,wuhan,wuhan,wuhan,ba1,ba1,ba1,ba1,ba1,ba1,ba4,1143252.0,1419668.0,1185631.0,1547106.0,55097.0,229719.0,1434656.0,1415403.0,705897.0,2608912.0
ba1,ba1,ba1,ba1,ba1,ba1,ba1,ba1,ba1,ba1,wuhan,ba4,ba4,1186309.0,502285.0,293017.0,1690674.0,34444.0,24845.0,1103424.0,571069.0,464345.0,1196086.0
wuhan,wuhan,wuhan,ba1,ba1,ba1,ba1,ba1,ba4,ba4,ba4,ba4,ba4,221066.0,528868.0,118237.0,575286.0,67153.0,126369.0,331352.0,585565.0,323945.0,456474.0
ba1,ba1,wuhan,wuhan,wuhan,wuhan,ba4,ba4,ba4,ba4,ba4,ba4,ba4,106755.0,361470.0,78650.0,346924.0,39476.0,35933.0,124070.0,52528.0,149638.0,371113.0
ba4,ba4,ba4,ba4,ba4,wuhan,wuhan,wuhan,wuhan,wuhan,wuhan,ba1,ba1,982588.0,530257.0,234686.0,36266.0,455228.0,335682.0,360347.0,191498.0,886537.0,285695.0
ba4,ba4,ba4,ba4,ba4,ba1,ba1,ba1,ba1,ba1,ba1,wuhan,wuhan,1148358.0,675522.0,1714451.0,702434.0,1053031.0,393298.0,1038664.0,273665.0,2427808.0,560181.0
ba4,wuhan,wuhan,wuhan,wuhan,wuhan,wuhan,wuhan,wuhan,wuhan,wuhan,wuhan,wuhan,36.0,54.0,12162.0,4.0,0.0,0.0,1246.0,0.0,144.0,0.0
ba4,ba4,ba4,wuhan,wuhan,wuhan,wuhan,wuhan,wuhan,wuhan,wuhan,ba1,ba1,183092.0,362961.0,34418.0,9907.0,119209.0,90351.0,92754.0,95397.0,857928.0,178243.0
ba1,ba1,wuhan,wuhan,wuhan,wuhan,wuhan,ba4,ba4,ba4,ba4,ba4,ba4,83097.0,330157.0,52842.0,279665.0,22852.0,28149.0,127134.0,48369.0,107361.0,330182.0
ba1,ba1,ba1,ba1,ba1,ba1,ba1,ba1,ba4,ba4,ba4,wuhan,wuhan,1979390.0,2219479.0,2677382.0,2013760.0,2181496.0,543415.0,3158274.0,760071.0,2347092.0,1131427.0
ba1,ba1,ba1,ba1,ba1,ba1,ba1,ba1,ba1,wuhan,wuhan,wuhan,ba4,1475385.0,1160171.0,426155.0,1241897.0,131980.0,100896.0,1402924.0,922747.0,862943.0,1800011.0
ba4,ba4,ba4,ba4,ba4,ba1,ba1,ba1,ba1,ba1,wuhan,wuhan,wuhan,989547.0,713845.0,1835748.0,478258.0,961536.0,328204.0,1081238.0,309885.0,2371217.0,528885.0
wuhan,wuhan,wuhan,wuhan,wuhan,wuhan,wuhan,ba1,ba4,ba4,ba4,ba4,ba4,35676.0,175947.0,17343.0,241538.0,649.0,14006.0,253711.0,194994.0,42930.0,233231.0
wuhan,wuhan,wuhan,wuhan,wuhan,ba4,ba4,ba4,ba4,ba4,ba4,ba1,ba1,474779.0,813138.0,49387.0,213943.0,719044.0,325051.0,326798.0,662252.0,280488.0,146235.0
ba1,ba1,ba1,ba1,ba1,ba1,ba1,ba1,ba1,ba1,ba1,wuhan,ba4,1191487.0,1060957.0,244590.0,1264509.0,27486.0,23057.0,1048542.0,571717.0,721510.0,1451678.0
wuhan,wuhan,ba4,ba4,ba4,ba4,ba4,ba4,ba1,ba1,ba1,ba1,ba1,1626131.0,3546655.0,147490.0,673641.0,2144515.0,1555822.0,709957.0,1294680.0,216927.0,1005214.0
ba1,ba1,ba1,ba1,ba1,ba1,ba1,ba4,ba4,wuhan,wuhan,wuhan,wuhan,1646114.0,2050516.0,2165800.0,1681073.0,2488574.0,712815.0,3665882.0,829892.0,2329070.0,1416947.0
wuhan,wuhan,wuhan,wuhan,wuhan,wuhan,wuhan,wuhan,ba1,ba1,ba1,ba1,ba1,580591.0,2660842.0,8418.0,152905.0,901595.0,863594.0,207723.0,568517.0,21353.0,320476.0
wuhan,wuhan,wuhan,wuhan,wuhan,wuhan,wuhan,wuhan,ba4,ba1,ba1,ba1,ba1,969804.0,2404728.0,9288.0,189415.0,1352472.0,884375.0,213078.0,956678.0,117963.0,395097.0
wuhan,wuhan,wuhan,wuhan,wuhan,wuhan,wuhan,wuhan,wuhan,ba1,ba4,ba4,ba4,1628039.0,1141298.0,410135.0,1056645.0,68.0,212.0,1390767.0,1681892.0,417943.0,917942.0
ba4,ba4,ba4,ba4,ba4,ba4,ba4,ba4,ba4,ba4,ba4,ba1,ba1,1249840.0,437256.0,189617.0,156145.0,782992.0,418987.0,364065.0,378012.0,1592658.0,298036.0
ba4,ba4,ba4,ba4,ba1,wuhan,wuhan,wuhan,wuhan,wuhan,wuhan,wuhan,wuhan,657130.0,34394.0,1020583.0,19791.0,62739.0,89417.0,198788.0,47976.0,2417944.0,86848.0
ba4,ba4,ba4,wuhan,wuhan,wuhan,wuhan,wuhan,wuhan,wuhan,wuhan,wuhan,wuhan,42650.0,2143.0,136184.0,234.0,337.0,946.0,35329.0,4458.0,859764.0,1364.0
ba1,ba1,ba1,ba4,ba4,ba4,ba4,ba4,ba4,wuhan,wuhan,wuhan,wuhan,1690619.0,2701450.0,2610304.0,1728242.0,3403597.0,560929.0,3690187.0,594167.0,2487273.0,1248854.0
ba1,ba1,ba1,ba4,ba4,wuhan,wuhan,wuhan,wuhan,wuhan,wuhan,wuhan,wuhan,1750789.0,2168790.0,2274046.0,1234245.0,2215485.0,561117.0,2275259.0,379071.0,1667111.0,949117.0
wuhan,wuhan,wuhan,wuhan,wuhan,wuhan,ba1,ba1,ba4,ba4,ba4,ba4,ba4,63438.0,244848.0,35806.0,319704.0,8708.0,28893.0,259862.0,236643.0,90555.0,259054.0
ba4,wuhan,wuhan,wuhan,wuhan,wuhan,wuhan,ba1,ba1,ba1,ba1,ba1,ba1,1868354.0,2054850.0,66198.0,132550.0,1316746.0,639836.0,132137.0,270627.0,266346.0,238173.0
ba1,ba1,ba1,ba1,ba1,ba1,ba1,ba1,ba1,ba4,ba4,ba4,ba4,485885.0,461387.0,113102.0,927144.0,75943.0,58334.0,471284.0,302241.0,523942.0,719805.0
ba1,ba1,ba1,ba1,ba4,ba4,ba4,ba4,ba4,ba4,ba4,ba4,wuhan,1921657.0,2524774.0,2191041.0,1719529.0,2530380.0,671847.0,2691675.0,1169279.0,1569278.0,798072.0
ba1,ba1,ba1,ba1,wuhan,ba4,ba4,ba4,ba4,ba4,ba4,ba4,ba4,528200.0,910911.0,275688.0,1358465.0,169707.0,100467.0,662896.0,483725.0,598456.0,1156177.0
ba4,ba4,wuhan,wuhan,wuhan,wuhan,wuhan,wuhan,wuhan,wuhan,wuhan,wuhan,wuhan,29954.0,109.0,102839.0,27.0,26.0,28.0,2841.0,0.0,19742.0,97.0
wuhan,wuhan,ba1,ba1,ba4,ba4,ba4,ba4,ba4,ba4,ba4,ba4,ba4,194780.0,547933.0,100635.0,420007.0,91742.0,84656.0,288489.0,630180.0,247074.0,486259.0
ba4,wuhan,wuhan,wuhan,wuhan,wuhan,wuhan,wuhan,wuhan,wuhan,wuhan,wuhan,ba1,44851.0,13264.0,58.0,4.0,31865.0,3750.0,2620.0,12526.0,23533.0,3041.0
ba1,ba1,ba1,ba1,ba1,ba1,ba1,wuhan,wuhan,wuhan,wuhan,wuhan,ba4,1945486.0,2193603.0,527676.0,2197830.0,271344.0,201640.0,2286402.0,1715961.0,1412994.0,2732606.0
ba4,ba4,ba4,ba4,wuhan,wuhan,wuhan,wuhan,wuhan,ba1,ba1,ba1,ba1,1586477.0,1615811.0,179834.0,195618.0,1170552.0,616620.0,272396.0,450890.0,876110.0,777977.0
ba4,ba4,ba4,ba4,ba4,ba4,ba1,ba1,wuhan,wuhan,wuhan,wuhan,wuhan,932250.0,263752.0,1322410.0,162379.0,498399.0,278573.0,741739.0,153606.0,2174296.0,224423.0
wuhan,wuhan,wuhan,ba4,ba4,ba4,ba4,ba4,ba1,ba1,ba1,ba1,ba1,1370453.0,4200495.0,175853.0,489789.0,2500999.0,1600478.0,638984.0,1456447.0,276227.0,830496.0
ba4,ba4,ba4,ba1,ba1,ba1,ba1,ba1,ba1,ba1,ba1,wuhan,wuhan,1122956.0,509912.0,1704094.0,788306.0,1044703.0,303100.0,679046.0,246512.0,2312098.0,602441.0
wuhan,wuhan,wuhan,ba1,ba1,ba1,ba1,ba1,ba1,ba4,ba4,ba4,ba4,291302.0,648860.0,175430.0,824673.0,64196.0,143898.0,594660.0,600457.0,438665.0,767591.0
ba4,ba4,ba4,ba4,ba4,wuhan,wuhan,wuhan,wuhan,ba1,ba1,ba1,ba1,1742855.0,1815915.0,194810.0,230551.0,1346940.0,721934.0,413997.0,488714.0,824391.0,824604.0
ba4,ba1,wuhan,wuhan,wuhan,wuhan,wuhan,wuhan,wuhan,wuhan,wuhan,wuhan,wuhan,1386.0,640.0,107715.0,58.0,2153.0,587.0,13277.0,12.0,12411.0,97.0
ba4,ba4,wuhan,wuhan,wuhan,wuhan,wuhan,wuhan,wuhan,wuhan,ba1,ba1,ba1,1085736.0,1014626.0,28735.0,121248.0,369061.0,197510.0,32002.0,226066.0,285708.0,547668.0
ba4,ba4,wuhan,wuhan,wuhan,wuhan,wuhan,wuhan,wuhan,ba1,ba1,ba1,ba1,1509893.0,1632873.0,51348.0,185532.0,812769.0,227034.0,81820.0,396478.0,417572.0,610453.0
ba1,ba1,ba1,ba1,ba1,wuhan,wuhan,wuhan,wuhan,wuhan,wuhan,ba4,ba4,2632534.0,1244579.0,594911.0,3360835.0,113397.0,38723.0,2720969.0,1323429.0,1839616.0,2700513.0
wuhan,wuhan,wuhan,wuhan,ba1,ba1,ba1,ba1,ba1,ba1,ba4,ba4,ba4,1104299.0,1033670.0,417749.0,1176390.0,48384.0,83109.0,835446.0,1568069.0,506091.0,1129635.0
ba4,ba4,ba4,ba1,ba1,ba1,ba1,wuhan,wuhan,wuhan,wuhan,wuhan,wuhan,1301760.0,466307.0,2614915.0,329587.0,902759.0,335828.0,823754.0,354870.0,3958651.0,609556.0
ba4,ba4,ba4,wuhan,wuhan,wuhan,wuhan,wuhan,wuhan,wuhan,wuhan,wuhan,ba1,156823.0,65807.0,11923.0,165.0,90079.0,105861.0,165162.0,50053.0,1077040.0,119630.0
ba1,ba1,ba1,ba1,ba1,ba1,ba1,ba1,ba1,ba4,wuhan,wuhan,wuhan,1117471.0,1591528.0,1703065.0,1189468.0,1322774.0,392145.0,2330963.0,468237.0,1838432.0,1068244.0
ba4,ba4,ba4,ba1,ba1,ba1,ba1,ba1,ba1,ba1,ba1,ba1,ba1,1469694.0,1057927.0,190972.0,378226.0,1236048.0,635390.0,237988.0,391939.0,575350.0,624588.0
wuhan,wuhan,wuhan,wuhan,wuhan,wuhan,wuhan,wuhan,wuhan,wuhan,wuhan,ba4,ba1,1093913.0,323699.0,2204.0,12782.0,571613.0,134904.0,296066.0,487911.0,8292.0,72261.0
ba4,ba4,ba4,ba4,ba4,ba4,ba4,ba4,ba1,ba1,ba1,wuhan,wuhan,1234800.0,725795.0,1877034.0,612907.0,1199827.0,393749.0,1250087.0,326232.0,2740300.0,565170.0
ba1,ba1,ba4,ba4,ba4,ba4,ba4,ba4,wuhan,wuhan,wuhan,wuhan,wuhan,1204401.0,1614648.0,2498952.0,1179388.0,2050329.0,336664.0,1674143.0,198381.0,1364268.0,770320.0
wuhan,wuhan,wuhan,wuhan,wuhan,wuhan,wuhan,wuhan,ba1,ba4,ba4,ba4,ba4,198566.0,346446.0,63889.0,551284.0,0.0,14602.0,802228.0,400947.0,159614.0,629120.0
wuhan,wuhan,wuhan,wuhan,wuhan,wuhan,ba1,ba1,ba1,ba1,ba4,ba4,ba4,1338627.0,1191842.0,498919.0,1189456.0,26238.0,57269.0,1089393.0,1740396.0,446569.0,1066361.0
ba1,ba1,ba1,ba1,ba1,ba1,wuhan,wuhan,ba4,ba4,ba4,ba4,ba4,763155.0,829199.0,193850.0,1544974.0,142913.0,108202.0,702302.0,667274.0,593745.0,1224540.0
ba4,wuhan,wuhan,wuhan,ba1,ba1,ba1,ba1,ba1,ba1,ba1,ba1,ba1,2612248.0,2081771.0,249049.0,202836.0,1830795.0,599826.0,167778.0,400598.0,593730.0,500255.0
ba4,ba4,ba4,ba4,ba4,wuhan,wuhan,wuhan,wuhan,wuhan,wuhan,wuhan,wuhan,525603.0,11119.0,505022.0,5279.0,67461.0,109106.0,121766.0,8459.0,948487.0,48113.0
ba1,ba1,ba1,ba1,ba1,ba4,ba4,ba4,ba4,ba4,ba4,ba4,wuhan,2111771.0,2460554.0,2514708.0,1910387.0,2699165.0,718637.0,3073666.0,1402497.0,1698796.0,754330.0
ba4,ba1,ba1,ba1,ba1,ba1,ba1,ba1,ba1,wuhan,wuhan,wuhan,wuhan,1388091.0,957575.0,3281877.0,333950.0,1540380.0,331514.0,724379.0,511775.0,3412462.0,594817.0
ba1,ba1,ba1,ba1,ba1,ba1,ba1,ba1,ba4,wuhan,wuhan,wuhan,wuhan,1475505.0,1658666.0,1862063.0,1493530.0,1682708.0,506965.0,3104345.0,714779.0,1748101.0,923167.0
wuhan,wuhan,wuhan,ba4,ba4,ba4,ba4,ba4,ba4,ba4,ba4,ba4,ba4,13246.0,106422.0,18823.0,58498.0,9270.0,10905.0,67653.0,121905.0,37213.0,61928.0
ba4,ba4,ba1,ba1,ba1,ba1,ba1,ba1,wuhan,wuhan,wuhan,wuhan,wuhan,1341157.0,930134.0,2713265.0,574976.0,1305332.0,509530.0,1049812.0,428894.0,3666794.0,535443.0
ba4,ba4,ba4,ba4,ba1,ba1,wuhan,wuhan,wuhan,wuhan,wuhan,wuhan,wuhan,955890.0,169143.0,1687729.0,96359.0,281177.0,214230.0,551372.0,122897.0,2732544.0,267574.0
ba1,ba1,ba4,ba4,ba4,ba4,ba4,ba4,ba4,ba4,ba4,wuhan,wuhan,1727518.0,2357217.0,3348554.0,1763349.0,2650230.0,486024.0,1876563.0,477555.0,1645188.0,1003667.0
ba1,ba1,ba1,ba4,ba4,ba4,ba4,ba4,wuhan,wuhan,wuhan,wuhan,wuhan,1567422.0,2515241.0,2368963.0,1587986.0,2957112.0,506408.0,3301387.0,550230.0,2093146.0,1204044.0
wuhan,wuhan,wuhan,wuhan,ba4,ba4,ba4,ba4,ba1,ba1,ba1,ba1,ba1,1406627.0,3937255.0,108034.0,435578.0,2160089.0,1318547.0,494467.0,1298920.0,233948.0,813399.0
wuhan,wuhan,wuhan,ba4,ba4,ba4,ba4,ba4,ba4,ba4,ba1,ba1,ba1,1030916.0,2129707.0,175651.0,339830.0,1981414.0,822303.0,606257.0,1042270.0,254295.0,608517.0
wuhan,wuhan,wuhan,wuhan,wuhan,ba1,ba1,ba1,ba1,ba1,ba4,ba4,ba4,1233938.0,1157511.0,455645.0,1096722.0,46122.0,86103.0,967276.0,1622525.0,495122.0,1154636.0
ba4,ba4,ba4,ba4,ba4,ba4,wuhan,wuhan,wuhan,wuhan,wuhan,wuhan,ba1,764340.0,164443.0,165758.0,7629.0,404611.0,394791.0,494155.0,206718.0,1058274.0,231942.0
ba4,wuhan,wuhan,ba1,ba1,ba1,ba1,ba1,ba1,ba1,ba1,ba1,ba1,2416147.0,1769857.0,280479.0,223378.0,2248480.0,773505.0,211657.0,453126.0,728267.0,529521.0
wuhan,ba4,ba1,ba1,ba1,ba1,ba1,ba1,ba1,ba1,ba1,ba1,ba1,911613.0,2372928.0,253008.0,645308.0,1198838.0,1296842.0,616030.0,1224581.0,351765.0,758352.0
ba4,ba4,ba4,ba4,ba4,ba4,wuhan,wuhan,wuhan,wuhan,ba1,ba1,ba1,1659226.0,1399194.0,213773.0,172673.0,993431.0,766999.0,349885.0,436763.0,793105.0,861376.0
ba4,wuhan,wuhan,wuhan,wuhan,wuhan,ba1,ba1,ba1,ba1,ba1,ba1,ba1,2163229.0,2206356.0,117372.0,185959.0,1464590.0,682924.0,144155.0,288466.0,383224.0,322148.0
ba1,ba1,ba1,ba4,ba4,ba4,ba4,ba4,ba4,ba4,ba4,ba4,ba4,427809.0,764896.0,208497.0,1166761.0,169506.0,72222.0,558137.0,346619.0,505227.0,920435.0
ba4,ba4,ba4,ba4,ba4,ba4,ba4,ba4,ba4,ba4,ba4,wuhan,wuhan,659647.0,196077.0,722425.0,63422.0,343855.0,116454.0,223008.0,136049.0,1168672.0,107177.0
ba1,ba1,ba1,ba4,ba4,ba4,ba4,wuhan,wuhan,wuhan,wuhan,wuhan,wuhan,1488838.0,2386203.0,2598833.0,1397844.0,2534613.0,542473.0,3045411.0,512965.0,2057317.0,1123273.0
wuhan,ba4,ba4,ba4,ba4,ba4,ba1,ba1,ba1,ba1,ba1,ba1,ba1,1144800.0,3231344.0,294804.0,753290.0,1287816.0,1254148.0,943960.0,1602956.0,352085.0,1063634.0
wuhan,wuhan,ba4,ba4,ba4,ba4,ba4,ba4,ba4,ba4,ba4,ba4,ba1,157138.0,289465.0,73835.0,103128.0,606660.0,161051.0,190032.0,309854.0,122439.0,73607.0
ba4,ba4,ba4,ba1,ba1,wuhan,wuhan,wuhan,wuhan,wuhan,wuhan,wuhan,wuhan,742357.0,122248.0,1639938.0,52078.0,266201.0,90706.0,369637.0,117258.0,3778513.0,255150.0
wuhan,ba4,ba4,ba4,ba4,ba4,ba4,ba4,ba4,ba1,ba1,ba1,ba1,1099792.0,3008623.0,321960.0,761695.0,1682900.0,1035506.0,949035.0,1592624.0,402050.0,1274834.0
ba1,ba1,ba4,ba4,ba4,ba4,wuhan,wuhan,wuhan,wuhan,wuhan,wuhan,wuhan,1391533.0,1400134.0,2612207.0,980465.0,1842945.0,398561.0,1270682.0,229309.0,1140452.0,833161.0
wuhan,wuhan,wuhan,wuhan,ba4,ba4,ba4,ba4,ba4,ba4,ba1,ba1,ba1,1037884.0,1947137.0,114037.0,295222.0,1606191.0,632367.0,473808.0,891747.0,241325.0,613855.0
wuhan,wuhan,wuhan,wuhan,wuhan,wuhan,wuhan,wuhan,wuhan,wuhan,ba4,ba4,ba4,957843.0,509023.0,377410.0,532816.0,0.0,0.0,729774.0,665545.0,161319.0,507225.0
wuhan,wuhan,wuhan,ba1,ba1,ba1,ba1,ba1,ba1,ba1,ba1,ba4,ba4,1523591.0,1810881.0,913252.0,2780658.0,66419.0,217979.0,1308501.0,2108333.0,732144.0,2493203.0
ba4,ba4,ba4,ba4,ba4,ba4,wuhan,ba1,ba1,ba1,ba1,ba1,ba1,1727749.0,2014147.0,236248.0,334574.0,1725291.0,1175708.0,507493.0,619723.0,758700.0,929153.0
ba4,ba4,ba4,ba4,ba4,wuhan,wuhan,wuhan,wuhan,wuhan,wuhan,wuhan,ba1,789268.0,120941.0,162068.0,5190.0,319555.0,350237.0,450620.0,99016.0,1135287.0,213988.0
ba1,ba1,ba1,ba1,ba1,ba1,ba1,ba1,ba1,ba1,ba4,ba4,ba4,612316.0,365814.0,157006.0,1029559.0,28458.0,16914.0,527343.0,432957.0,323003.0,723630.0
ba1,ba1,ba1,ba1,ba1,ba4,ba4,ba4,wuhan,wuhan,wuhan,wuhan,wuhan,1863531.0,2627530.0,2678168.0,2351334.0,3035975.0,566522.0,4487439.0,871603.0,2479595.0,1384358.0
wuhan,wuhan,wuhan,wuhan,ba1,ba1,ba1,ba4,ba4,ba4,ba4,ba4,ba4,152641.0,368292.0,68117.0,320917.0,32868.0,49244.0,194400.0,420762.0,168953.0,281550.0
wuhan,wuhan,wuhan,wuhan,ba1,ba1,ba1,ba1,ba4,ba4,ba4,ba4,ba4,172968.0,418493.0,86124.0,480132.0,34569.0,62683.0,283642.0,443135.0,228889.0,349484.0
wuhan,wuhan,wuhan,wuhan,wuhan,wuhan,wuhan,ba4,ba4,ba4,ba4,ba4,ba4,4307.0,39059.0,628.0,97431.0,0.0,6552.0,77326.0,54630.0,8027.0,94236.0
ba4,ba4,ba1,wuhan,wuhan,wuhan,wuhan,wuhan,wuhan,wuhan,wuhan,wuhan,wuhan,303761.0,7611.0,506380.0,917.0,2022.0,3153.0,86180.0,54.0,883918.0,1683.0
ba1,ba1,ba1,ba1,ba1,wuhan,wuhan,wuhan,ba4,ba4,ba4,ba4,ba4,528935.0,746220.0,150049.0,1363844.0,123534.0,64215.0,530756.0,487143.0,526497.0,1149160.0
wuhan,wuhan,wuhan,wuhan,wuhan,wuhan,wuhan,ba4,ba1,ba1,ba1,ba1,ba1,814129.0,2884965.0,20258.0,269025.0,1266408.0,1236020.0,309211.0,745688.0,97898.0,430040.0
wuhan,ba1,ba1,ba1,ba1,ba1,ba4,ba4,ba4,ba4,ba4,ba4,ba4,564058.0,1244652.0,183846.0,1000237.0,151568.0,147827.0,506325.0,1704655.0,576442.0,1063688.0
ba1,ba1,ba1,wuhan,wuhan,wuhan,wuhan,wuhan,wuhan,wuhan,ba4,ba4,ba4,1065801.0,1032343.0,497723.0,1758435.0,1441.0,1168.0,1565736.0,603607.0,360472.0,1641869.0
wuhan,wuhan,wuhan,wuhan,wuhan,wuhan,ba1,ba4,ba4,ba4,ba4,ba4,ba4,33280.0,142561.0,15863.0,117531.0,4744.0,15750.0,112085.0,139696.0,44621.0,142050.0
ba4,ba4,ba4,ba4,ba4,ba4,ba1,ba1,ba1,ba1,ba1,wuhan,wuhan,1271743.0,745266.0,1768003.0,833377.0,1226720.0,437504.0,1241967.0,309351.0,2609108.0,608701.0
ba1,ba4,ba4,ba4,wuhan,wuhan,wuhan,wuhan,wuhan,wuhan,wuhan,wuhan,wuhan,448058.0,1405235.0,2531483.0,682057.0,46590.0,82994.0,477885.0,7626.0,465188.0,50205.0
ba1,ba1,ba1,ba1,ba1,ba1,ba1,ba1,ba4,ba4,wuhan,wuhan,wuhan,1615841.0,1950102.0,2326973.0,1958676.0,1855322.0,571218.0,3484875.0,682230.0,2245967.0,1194106.0
ba1,ba1,ba1,wuhan,wuhan,wuhan,wuhan,wuhan,ba4,ba4,ba4,ba4,ba4,149091.0,520011.0,68845.0,574706.0,23673.0,23913.0,291597.0,204730.0,196210.0,554883.0
ba1,ba1,wuhan,wuhan,wuhan,wuhan,wuhan,wuhan,wuhan,wuhan,wuhan,ba4,ba4,1386660.0,593629.0,425265.0,1628535.0,284.0,70.0,1705022.0,493361.0,1266590.0,1105428.0
ba1,ba1,ba1,ba1,ba1,ba1,ba4,ba4,ba4,ba4,ba4,wuhan,wuhan,2868943.0,3349027.0,3704507.0,3023593.0,3430366.0,861369.0,4472086.0,1291406.0,3054160.0,1698081.0
ba4,ba1,ba1,ba1,ba1,ba1,wuhan,wuhan,wuhan,wuhan,wuhan,wuhan,wuhan,1248252.0,1114360.0,5781326.0,280720.0,1128468.0,525807.0,1218447.0,773180.0,4275268.0,539400.0
ba1,ba4,ba4,ba4,ba4,ba4,ba4,ba4,ba4,ba4,ba4,ba4,wuhan,516658.0,1128316.0,1486877.0,841638.0,250470.0,208572.0,543331.0,119626.0,264690.0,146294.0
wuhan,wuhan,wuhan,wuhan,wuhan,wuhan,wuhan,wuhan,wuhan,wuhan,ba1,ba1,ba4,252993.0,309211.0,332880.0,537612.0,0.0,119292.0,628345.0,313971.0,231337.0,1216849.0
ba4,ba4,wuhan,wuhan,wuhan,wuhan,wuhan,wuhan,ba1,ba1,ba1,ba1,ba1,1659199.0,1785768.0,84918.0,178808.0,994275.0,451267.0,143889.0,432480.0,507279.0,611922.0
wuhan,wuhan,wuhan,wuhan,wuhan,wuhan,ba4,ba4,ba4,ba1,ba1,ba1,ba1,972784.0,2608534.0,20507.0,256898.0,1684308.0,824544.0,308229.0,781311.0,164294.0,528063.0
wuhan,wuhan,wuhan,wuhan,wuhan,ba1,ba1,ba1,ba4,ba4,ba4,ba4,ba4,108201.0,342515.0,55327.0,384090.0,23824.0,50721.0,278166.0,326119.0,168666.0,307486.0
wuhan,wuhan,wuhan,wuhan,wuhan,wuhan,wuhan,ba1,ba1,ba1,ba1,ba1,ba1,620066.0,2820126.0,22637.0,211763.0,1010095.0,1001904.0,244099.0,635064.0,89993.0,241162.0
ba1,wuhan,ba4,ba4,ba4,ba4,ba4,ba4,ba4,ba4,ba4,ba4,ba4,225083.0,171449.0,86453.0,569733.0,32546.0,31753.0,117436.0,19725.0,122638.0,250379.0
ba1,ba1,ba1,ba1,ba1,ba1,ba1,ba1,ba1,ba1,ba1,ba4,wuhan,801152.0,909975.0,1235521.0,973790.0,803867.0,292159.0,2304914.0,554209.0,942646.0,609677.0
ba1,ba1,ba1,ba1,ba1,ba1,ba1,ba4,ba4,ba4,ba4,wuhan,wuhan,2186309.0,2939440.0,3140225.0,2308021.0,3128684.0,788142.0,3753044.0,975944.0,2802833.0,1760028.0
ba4,wuhan,wuhan,wuhan,wuhan,wuhan,wuhan,wuhan,ba1,ba1,ba1,ba1,ba1,1812819.0,1872990.0,21478.0,102313.0,1155530.0,534887.0,108460.0,260613.0,200087.0,332425.0
ba4,ba1,ba1,ba1,ba1,ba1,ba1,wuhan,wuhan,wuhan,wuhan,wuhan,wuhan,1488561.0,1431303.0,5321752.0,346511.0,1656540.0,528579.0,1109057.0,909909.0,4663491.0,837788.0
ba4,ba4,ba4,ba4,ba4,ba4,ba4,ba4,wuhan,wuhan,ba1,ba1,ba1,2086631.0,1697712.0,216300.0,201639.0,1469556.0,946388.0,471822.0,563229.0,942483.0,1079809.0
ba4,ba4,wuhan,wuhan,wuhan,ba1,ba1,ba1,ba1,ba1,ba1,ba1,ba1,2038495.0,1909143.0,252081.0,304320.0,1186375.0,702095.0,276169.0,453089.0,803433.0,681809.0
ba4,ba4,ba4,ba4,ba4,ba4,ba4,ba4,wuhan,ba1,ba1,ba1,ba1,1998679.0,2083858.0,224109.0,281719.0,1905012.0,1052720.0,534528.0,666556.0,971008.0,1248182.0
ba1,ba1,ba1,ba1,ba1,wuhan,wuhan,ba4,ba4,ba4,ba4,ba4,ba4,593048.0,806665.0,200644.0,1326396.0,164373.0,113354.0,582467.0,513956.0,660835.0,1287448.0
wuhan,wuhan,ba4,ba4,ba4,ba4,ba4,ba1,ba1,ba1,ba1,ba1,ba1,1633204.0,3629969.0,148310.0,737868.0,1976704.0,1578590.0,725667.0,1373722.0,228959.0,927876.0
ba1,ba4,ba4,ba4,ba4,ba4,ba4,wuhan,wuhan,wuhan,wuhan,wuhan,wuhan,442992.0,1405151.0,2156989.0,918372.0,138976.0,186860.0,724359.0,30527.0,468015.0,252715.0
wuhan,wuhan,wuhan,wuhan,wuhan,ba4,ba4,ba4,ba4,ba4,ba4,ba4,ba1,60612.0,204789.0,27798.0,26193.0,380760.0,117208.0,89634.0,246571.0,68434.0,37806.0
ba4,ba4,ba4,ba4,ba1,ba1,ba1,ba1,wuhan,wuhan,wuhan,wuhan,wuhan,1272649.0,547790.0,2037132.0,307107.0,723330.0,325384.0,914876.0,291700.0,2957123.0,387112.0
ba1,ba1,ba1,ba1,ba1,ba1,ba1,ba4,wuhan,wuhan,wuhan,wuhan,wuhan,1618236.0,1857291.0,1971220.0,1553489.0,2207084.0,667114.0,3169492.0,806110.0,1925954.0,1457599.0
ba4,ba4,ba4,ba4,ba4,ba4,ba4,ba4,wuhan,wuhan,wuhan,ba1,ba1,1532315.0,1018375.0,243427.0,91873.0,842878.0,522076.0,550141.0,533268.0,1071193.0,494652.0
wuhan,ba1,ba4,ba4,ba4,ba4,ba4,ba4,ba4,ba4,ba4,ba4,ba4,141174.0,299701.0,93425.0,289839.0,36837.0,45517.0,160721.0,379082.0,143822.0,268210.0
ba4,ba4,ba4,ba4,ba4,ba4,ba4,wuhan,wuhan,wuhan,wuhan,ba1,ba1,1240399.0,799206.0,258878.0,70082.0,653857.0,414053.0,417228.0,402344.0,983843.0,370396.0
ba1,ba1,wuhan,wuhan,wuhan,wuhan,wuhan,wuhan,ba4,ba4,ba4,ba4,ba4,92224.0,322876.0,38704.0,327595.0,8404.0,13707.0,227770.0,102675.0,90046.0,338456.0
wuhan,wuhan,wuhan,ba4,ba4,ba4,ba1,ba1,ba1,ba1,ba1,ba1,ba1,1473552.0,3930384.0,183101.0,556451.0,2010404.0,1790842.0,671490.0,1486250.0,341424.0,696417.0
ba1,ba4,ba4,ba4,ba4,ba4,ba4,ba4,ba4,wuhan,wuhan,wuhan,wuhan,518956.0,1646545.0,2154641.0,1270004.0,264709.0,193054.0,1005716.0,40520.0,633882.0,340841.0
wuhan,wuhan,ba4,ba1,ba1,ba1,ba1,ba1,ba1,ba1,ba1,ba1,ba1,1998480.0,2352330.0,126860.0,755014.0,1492279.0,1525005.0,561240.0,1117154.0,254456.0,918269.0
ba1,wuhan,wuhan,wuhan,wuhan,wuhan,wuhan,wuhan,wuhan,wuhan,wuhan,ba4,ba4,1521431.0,289954.0,199257.0,1235043.0,0.0,0.0,840776.0,180479.0,571487.0,444678.0
ba1,ba1,ba1,ba1,ba1,wuhan,wuhan,wuhan,wuhan,wuhan,wuhan,wuhan,ba4,1487229.0,2419785.0,257245.0,1773480.0,133590.0,89717.0,2123687.0,1557601.0,1013610.0,1981251.0
ba1,ba1,ba4,ba4,wuhan,wuhan,wuhan,wuhan,wuhan,wuhan,wuhan,wuhan,wuhan,1156436.0,1335269.0,2934175.0,305329.0,1387347.0,163611.0,853566.0,69655.0,903866.0,549160.0
ba4,ba4,ba4,wuhan,wuhan,wuhan,wuhan,wuhan,ba1,ba1,ba1,ba1,ba1,1334501.0,1665785.0,127282.0,170931.0,1319075.0,655984.0,249780.0,446264.0,820176.0,818898.0
wuhan,wuhan,wuhan,wuhan,wuhan,wuhan,wuhan,wuhan,ba1,ba1,ba1,ba1,ba4,814478.0,998823.0,829901.0,1162591.0,23938.0,230543.0,1370847.0,1136433.0,652325.0,2285409.0
ba1,ba1,ba1,ba1,ba1,ba1,ba1,ba1,wuhan,wuhan,wuhan,wuhan,ba4,1949352.0,1698314.0,536845.0,1847868.0,195865.0,128485.0,2049617.0,1310110.0,1069642.0,1993091.0
ba1,ba1,ba1,ba1,ba4,wuhan,wuhan,wuhan,wuhan,wuhan,wuhan,wuhan,wuhan,1732404.0,1685471.0,2055699.0,1017967.0,1735747.0,631221.0,2210132.0,367193.0,1868444.0,839682.0
ba1,ba1,ba1,ba1,ba4,ba4,ba4,ba4,ba4,ba4,ba4,wuhan,wuhan,2665663.0,4116396.0,3953887.0,3010904.0,4198902.0,804294.0,4556596.0,1131102.0,3076993.0,1851293.0
wuhan,wuhan,wuhan,wuhan,ba4,ba4,ba4,ba4,ba4,ba4,ba4,ba4,ba4,11742.0,96295.0,9820.0,51243.0,2977.0,6593.0,44118.0,121721.0,27415.0,60461.0
ba1,ba1,ba1,wuhan,wuhan,wuhan,wuhan,wuhan,wuhan,ba4,ba4,ba4,ba4,273367.0,596006.0,83419.0,1025080.0,2755.0,19862.0,1044761.0,241629.0,336342.0,936130.0
ba1,wuhan,wuhan,ba4,ba4,ba4,ba4,ba4,ba4,ba4,ba4,ba4,ba4,155361.0,240954.0,77021.0,625743.0,43919.0,13052.0,117401.0,31485.0,136342.0,188061.0
wuhan,wuhan,wuhan,wuhan,ba4,ba4,ba1,ba1,ba1,ba1,ba1,ba1,ba1,1527683.0,3830481.0,130976.0,476944.0,1788575.0,1471658.0,502965.0,1384015.0,292623.0,666971.0
ba1,ba1,ba1,ba4,wuhan,wuhan,wuhan,wuhan,wuhan,wuhan,wuhan,wuhan,wuhan,862723.0,1203052.0,1739140.0,442236.0,1047336.0,326925.0,1558234.0,155953.0,798374.0,501668.0
ba1,ba1,ba1,wuhan,wuhan,wuhan,wuhan,ba4,ba4,ba4,ba4,ba4,ba4,167680.0,580942.0,110132.0,568051.0,47871.0,47806.0,246216.0,183624.0,252535.0,623982.0
ba1,ba1,ba1,ba1,wuhan,wuhan,wuhan,wuhan,wuhan,wuhan,wuhan,wuhan,ba4,662384.0,2010017.0,97878.0,811103.0,48974.0,77768.0,1365140.0,929671.0,375089.0,986132.0
ba1,ba1,ba1,ba1,ba1,ba1,ba4,ba4,ba4,wuhan,wuhan,wuhan,wuhan,2045668.0,2239588.0,2450312.0,2232023.0,2749090.0,755846.0,4461104.0,1034471.0,2717796.0,1362339.0
wuhan,wuhan,wuhan,wuhan,wuhan,wuhan,wuhan,wuhan,ba4,ba4,ba4,ba4,ba1,139768.0,584872.0,83518.0,137678.0,1626297.0,355740.0,247486.0,525877.0,144852.0,69366.0
ba1,ba1,ba1,ba1,ba1,ba1,ba1,ba1,ba1,ba1,wuhan,wuhan,wuhan,732637.0,874908.0,1351086.0,837609.0,907336.0,248489.0,1552818.0,423688.0,995262.0,984562.0
ba4,ba4,ba4,ba4,ba4,ba4,ba4,ba4,ba4,ba4,ba4,ba4,ba1,350494.0,135331.0,168514.0,30497.0,556934.0,129703.0,136808.0,117707.0,889185.0,71546.0
ba1,ba1,ba1,wuhan,wuhan,wuhan,wuhan,wuhan,wuhan,wuhan,wuhan,wuhan,wuhan,2412.0,18655.0,20459.0,4258.0,28552.0,7724.0,450948.0,3150.0,5829.0,2426.0
ba1,ba1,ba1,ba1,wuhan,wuhan,ba4,ba4,ba4,ba4,ba4,ba4,ba4,435395.0,771662.0,200386.0,1121355.0,125283.0,96081.0,518909.0,397589.0,498468.0,1062872.0
wuhan,wuhan,ba4,ba4,ba4,ba1,ba1,ba1,ba1,ba1,ba1,ba1,ba1,1684029.0,2797522.0,136993.0,578938.0,1417812.0,1582448.0,688116.0,1127113.0,229455.0,756703.0
ba4,ba4,ba1,ba1,wuhan,wuhan,wuhan,wuhan,wuhan,wuhan,wuhan,wuhan,wuhan,741250.0,64516.0,1516823.0,7450.0,145968.0,123067.0,225298.0,3283.0,2325735.0,43280.0
ba1,ba1,ba1,ba1,ba1,ba1,wuhan,wuhan,wuhan,wuhan,ba4,ba4,ba4,1140328.0,1101422.0,342199.0,2204858.0,143725.0,88463.0,1262451.0,932030.0,657723.0,1764701.0
ba4,ba4,ba4,ba4,ba4,ba1,ba1,wuhan,wuhan,wuhan,wuhan,wuhan,wuhan,954875.0,240150.0,1379833.0,99077.0,370042.0,273224.0,657608.0,176030.0,2178734.0,263627.0
ba1,ba4,wuhan,wuhan,wuhan,wuhan,wuhan,wuhan,wuhan,wuhan,wuhan,wuhan,wuhan,29966.0,35621.0,103703.0,59923.0,383.0,885.0,31242.0,0.0,8970.0,36793.0
ba1,ba1,ba1,ba1,ba1,ba4,ba4,ba4,ba4,ba4,ba4,wuhan,wuhan,2830841.0,4023337.0,4457296.0,3325812.0,4232999.0,801136.0,5132502.0,1277355.0,3295336.0,1813434.0
ba1,ba4,ba4,ba4,ba4,ba4,ba4,ba4,ba4,ba4,wuhan,wuhan,wuhan,565537.0,1923820.0,2623244.0,1744380.0,358639.0,252096.0,1232333.0,65176.0,738876.0,487999.0
ba1,ba1,ba1,ba1,ba1,wuhan,ba4,ba4,ba4,ba4,ba4,ba4,ba4,631483.0,888171.0,264205.0,1508931.0,186561.0,119494.0,679577.0,584389.0,686289.0,1344079.0
ba1,ba1,ba1,ba1,ba1,ba1,ba1,ba4,ba4,ba4,ba4,ba4,wuhan,1712881.0,1885766.0,1896970.0,1401314.0,2201262.0,773044.0,2351093.0,1202340.0,1530428.0,887730.0
wuhan,wuhan,ba1,ba1,ba1,ba1,ba1,ba1,ba4,ba4,ba4,ba4,ba4,342050.0,596477.0,128343.0,686645.0,94563.0,151618.0,397902.0,701336.0,403651.0,581399.0
ba4,ba4,ba4,ba4,ba4,ba4,ba4,wuhan,ba1,ba1,ba1,ba1,ba1,1990853.0,2127731.0,231163.0,309106.0,1866439.0,1138166.0,455412.0,676667.0,851436.0,1017309.0
wuhan,wuhan,wuhan,wuhan,wuhan,wuhan,wuhan,wuhan,wuhan,wuhan,wuhan,ba4,ba4,612752.0,28133.0,25748.0,368782.0,0.0,0.0,612036.0,474915.0,441862.0,168127.0
ba1,ba1,wuhan,wuhan,ba4,ba4,ba4,ba4,ba4,ba4,ba4,ba4,ba4,155371.0,485137.0,136762.0,750631.0,92958.0,57927.0,226175.0,99813.0,277837.0,544455.0
ba4,ba4,ba4,wuhan,ba1,ba1,ba1,ba1,ba1,ba1,ba1,ba1,ba1,1613707.0,1451103.0,221738.0,305820.0,1210092.0,722489.0,285514.0,432528.0,716310.0,716482.0
ba4,ba4,ba4,ba4,ba4,ba4,ba4,ba4,wuhan,wuhan,wuhan,wuhan,wuhan,424355.0,44959.0,518221.0,19747.0,110829.0,71885.0,183804.0,32918.0,1040841.0,53418.0
ba4,ba4,ba4,ba4,ba4,ba4,ba4,ba1,wuhan,wuhan,wuhan,wuhan,wuhan,601548.0,119343.0,956696.0,78513.0,281830.0,159001.0,490750.0,85735.0,1730241.0,146828.0
ba4,ba4,ba1,ba1,ba1,ba1,ba1,ba1,ba1,wuhan,wuhan,wuhan,wuhan,1066109.0,895958.0,2016514.0,508985.0,1182378.0,453363.0,764533.0,329524.0,2995790.0,545578.0
ba1,ba1,ba1,ba1,ba1,ba1,ba1,ba1,ba1,ba1,ba1,ba1,wuhan,1184628.0,549509.0,1602598.0,576321.0,686636.0,378762.0,3032901.0,229070.0,1057911.0,1060965.0
wuhan,wuhan,wuhan,wuhan,ba1,ba1,ba1,ba1,ba1,ba1,ba1,ba4,ba4,1683554.0,2138777.0,1004209.0,2728274.0,46185.0,137749.0,1289127.0,2218420.0,689866.0,2449033.0
ba1,ba1,ba1,ba1,ba1,ba1,wuhan,ba4,ba4,ba4,ba4,ba4,ba4,828580.0,881923.0,208103.0,1404877.0,172956.0,155593.0,738688.0,670463.0,732419.0,1366872.0
ba1,ba1,ba1,ba1,ba1,ba1,ba1,wuhan,wuhan,wuhan,ba4,ba4,ba4,978775.0,1047767.0,307450.0,2028646.0,218022.0,97841.0,1010076.0,848672.0,736061.0,1560150.0
ba4,wuhan,wuhan,wuhan,wuhan,wuhan,wuhan,wuhan,wuhan,ba1,ba1,ba1,ba1,1738649.0,1722258.0,22371.0,112645.0,1004208.0,257370.0,63291.0,231433.0,152874.0,333067.0
ba1,ba1,ba1,ba1,ba1,ba1,wuhan,wuhan,wuhan,wuhan,wuhan,wuhan,wuhan,1222494.0,1466959.0,1469464.0,1325785.0,1373209.0,591208.0,2727054.0,716468.0,1023471.0,756399.0
ba1,ba1,ba1,wuhan,wuhan,wuhan,ba4,ba4,ba4,ba4,ba4,ba4,ba4,215512.0,646841.0,156152.0,752788.0,76078.0,56020.0,301668.0,229504.0,315509.0,710909.0
wuhan,wuhan,wuhan,wuhan,ba1,ba1,ba1,ba1,ba1,ba4,ba4,ba4,ba4,255610.0,627043.0,145364.0,802331.0,34157.0,78906.0,591594.0,532279.0,357270.0,670039.0
wuhan,wuhan,wuhan,ba4,ba4,ba1,ba1,ba1,ba1,ba1,ba1,ba1,ba1,1393246.0,3175295.0,185233.0,472379.0,1789812.0,1732357.0,615073.0,1243644.0,329954.0,624412.0
wuhan,ba4,ba4,ba1,ba1,ba1,ba1,ba1,ba1,ba1,ba1,ba1,ba1,1097169.0,2053857.0,228061.0,760395.0,1077249.0,863583.0,574645.0,1269712.0,274988.0,909512.0
ba4,ba4,ba4,ba4,ba4,ba4,ba4,wuhan,wuhan,wuhan,ba1,ba1,ba1,1912429.0,1554905.0,233299.0,195880.0,1225245.0,805260.0,385107.0,491807.0,895743.0,965478.0
ba4,ba4,ba4,ba4,ba4,ba4,ba4,ba1,ba1,ba1,ba1,ba1,wuhan,2261177.0,735131.0,3085423.0,489326.0,1639071.0,776914.0,2786225.0,423884.0,2693036.0,1006871.0
ba1,ba1,ba1,ba1,ba1,ba1,ba1,ba1,wuhan,wuhan,wuhan,ba4,ba4,1711995.0,920940.0,525447.0,2262811.0,181686.0,71315.0,1683967.0,908227.0,1093381.0,1604836.0
ba1,ba1,ba1,ba1,ba1,ba1,ba4,ba4,ba4,ba4,wuhan,wuhan,wuhan,2221878.0,2892081.0,3259307.0,2884001.0,3105657.0,870905.0,5100884.0,1106477.0,3170546.0,1805238.0
mixed,mixed,mixed,mixed,mixed,mixed,mixed,mixed,mixed,mixed,mixed,mixed,mixed,4474.0,199800.0,132559.0,121600.0,167469.0,46276.0,15409.0,3494.0,3741.0,10973.0
wuhan,ba1,ba1,ba1,ba1,ba1,ba1,ba1,ba1,ba1,ba1,ba1,ba1,1627852.0,2907683.0,117382.0,334181.0,1571835.0,1055017.0,474557.0,1433634.0,331038.0,865220.0
ba4,ba4,ba4,ba4,ba4,wuhan,wuhan,wuhan,ba1,ba1,ba1,ba1,ba1,1736831.0,1860457.0,200345.0,233930.0,1549991.0,961521.0,412115.0,546984.0,740082.0,813665.0
ba1,ba1,ba1,ba1,ba1,ba1,ba1,ba1,ba1,wuhan,ba4,ba4,ba4,695117.0,606364.0,250131.0,1174579.0,105556.0,58255.0,593015.0,463133.0,531279.0,986519.0
ba1,ba1,ba1,ba1,ba1,wuhan,wuhan,wuhan,wuhan,ba4,ba4,ba4,ba4,574737.0,790542.0,142139.0,1509977.0,87922.0,65384.0,887679.0,505151.0,553447.0,1369535.0
wuhan,wuhan,ba4,ba4,ba4,ba4,ba4,ba4,ba4,ba4,ba4,ba4,ba4,34605.0,89387.0,14982.0,100107.0,2372.0,7571.0,73933.0,82982.0,16716.0,90462.0
wuhan,wuhan,wuhan,wuhan,wuhan,ba1,ba1,ba1,ba1,ba1,ba1,ba4,ba4,1800152.0,2338113.0,1080156.0,2607573.0,44114.0,164645.0,1463502.0,2163225.0,661741.0,2522278.0
ba4,ba4,wuhan,wuhan,wuhan,wuhan,ba1,ba1,ba1,ba1,ba1,ba1,ba1,1912885.0,1927099.0,181919.0,298918.0,1093731.0,657979.0,208318.0,452219.0,727371.0,584185.0
ba4,ba1,ba1,ba1,wuhan,wuhan,wuhan,wuhan,wuhan,wuhan,wuhan,wuhan,wuhan,158055.0,154664.0,3117871.0,11072.0,192525.0,201911.0,345927.0,30068.0,1756636.0,57136.0
ba1,ba1,wuhan,wuhan,wuhan,wuhan,wuhan,wuhan,wuhan,ba4,ba4,ba4,ba4,248334.0,470029.0,70115.0,866982.0,426.0,6408.0,1058757.0,169915.0,280331.0,725763.0
wuhan,wuhan,wuhan,wuhan,wuhan,wuhan,wuhan,wuhan,wuhan,wuhan,wuhan,ba1,ba4,28391.0,26879.0,16802.0,46136.0,0.0,5839.0,327735.0,93466.0,440215.0,114554.0
ba1,ba1,ba1,ba1,ba1,ba1,ba1,ba1,ba1,ba1,ba1,ba1,ba1,901138.0,929680.0,108958.0,302845.0,721294.0,302551.0,488000.0,343808.0,192844.0,512698.0
ba4,ba4,ba4,ba1,ba1,ba1,wuhan,wuhan,wuhan,wuhan,wuhan,wuhan,wuhan,1047025.0,245602.0,2437346.0,214834.0,593888.0,244520.0,729402.0,208188.0,3888709.0,451006.0
wuhan,wuhan,ba1,ba1,ba1,ba1,ba1,ba4,ba4,ba4,ba4,ba4,ba4,366451.0,642396.0,121805.0,617482.0,116451.0,138875.0,373069.0,865502.0,374710.0,671182.0
ba1,ba1,ba1,ba1,wuhan,wuhan,wuhan,wuhan,wuhan,wuhan,wuhan,ba4,ba4,2310307.0,1041530.0,562370.0,2948233.0,41185.0,30684.0,2732811.0,1077860.0,1812670.0,2390474.0
ba4,ba1,ba1,wuhan,wuhan,wuhan,wuhan,wuhan,wuhan,wuhan,wuhan,wuhan,wuhan,2240.0,12639.0,966307.0,2506.0,14857.0,7188.0,149773.0,3150.0,590639.0,1448.0
wuhan,wuhan,wuhan,wuhan,wuhan,ba1,ba1,ba1,ba1,ba4,ba4,ba4,ba4,217968.0,595697.0,109657.0,704348.0,24957.0,71793.0,669973.0,458609.0,307539.0,687434.0
wuhan,wuhan,wuhan,wuhan,wuhan,wuhan,ba4,ba4,ba4,ba4,ba4,ba4,ba4,7758.0,42001.0,601.0,34864.0,64.0,6260.0,26749.0,42506.0,9287.0,49444.0
ba4,ba4,ba1,ba1,ba1,ba1,wuhan,wuhan,wuhan,wuhan,wuhan,wuhan,wuhan,1179541.0,646563.0,3063514.0,402686.0,905461.0,441717.0,1072446.0,284308.0,4271696.0,465981.0
wuhan,wuhan,wuhan,wuhan,wuhan,wuhan,wuhan,wuhan,wuhan,wuhan,ba4,ba1,ba1,723251.0,1155566.0,3631.0,130489.0,541816.0,447673.0,113285.0,531725.0,13172.0,157136.0
wuhan,wuhan,wuhan,wuhan,wuhan,ba1,ba1,ba4,ba4,ba4,ba4,ba4,ba4,73987.0,257830.0,36255.0,202104.0,17548.0,32348.0,159071.0,265011.0,108697.0,201406.0
ba1,ba1,ba1,ba1,ba1,ba1,ba1,ba1,ba4,ba4,ba4,ba4,ba4,602542.0,607518.0,156261.0,1132582.0,93711.0,107929.0,478660.0,445776.0,575396.0,766652.0
ba1,ba1,wuhan,wuhan,wuhan,wuhan,wuhan,wuhan,wuhan,wuhan,wuhan,wuhan,ba4,23647.0,851838.0,13385.0,71511.0,568.0,567.0,102651.0,70704.0,20578.0,194875.0
wuhan,wuhan,wuhan,wuhan,ba4,ba4,ba4,ba1,ba1,ba1,ba1,ba1,ba1,1378025.0,4017308.0,123063.0,491051.0,2044223.0,1393585.0,511157.0,1446831.0,264353.0,758264.0
wuhan,ba4,ba4,ba4,ba1,ba1,ba1,ba1,ba1,ba1,ba1,ba1,ba1,932989.0,2402273.0,212504.0,549636.0,984476.0,1057792.0,633946.0,1301454.0,267732.0,856710.0
ba1,ba4,ba4,ba4,ba4,ba4,ba4,ba4,ba4,ba4,ba4,wuhan,wuhan,731205.0,2068013.0,2667111.0,1629151.0,449749.0,278334.0,969407.0,128201.0,673586.0,460425.0
ba1,ba1,ba1,ba1,ba1,ba4,ba4,ba4,ba4,wuhan,wuhan,wuhan,wuhan,2048597.0,2812832.0,2999208.0,2524389.0,3479517.0,638659.0,5033545.0,935853.0,2974492.0,1482850.0
ba1,ba1,ba1,ba1,ba1,ba1,ba1,ba1,ba1,wuhan,wuhan,wuhan,wuhan,1018530.0,1127668.0,1254166.0,756229.0,1032786.0,324407.0,1926815.0,432639.0,1356491.0,839055.0
wuhan,wuhan,wuhan,wuhan,wuhan,wuhan,wuhan,wuhan,ba4,ba4,ba4,ba1,ba1,731129.0,931563.0,53513.0,224671.0,1330772.0,860106.0,327380.0,1016376.0,246123.0,193323.0
wuhan,ba4,ba4,ba4,ba4,ba1,ba1,ba1,ba1,ba1,ba1,ba1,ba1,1041318.0,2603888.0,259398.0,589519.0,1039921.0,1135902.0,830316.0,1419910.0,307319.0,939794.0
ba4,ba4,ba4,ba4,ba4,ba4,wuhan,wuhan,ba1,ba1,ba1,ba1,ba1,1787254.0,2050564.0,204721.0,262022.0,1719140.0,1100779.0,435274.0,633396.0,757125.0,963682.0
ba4,ba4,ba1,ba1,ba1,ba1,ba1,wuhan,wuhan,wuhan,wuhan,wuhan,wuhan,1281187.0,980896.0,2916106.0,488512.0,1270478.0,511539.0,1051052.0,449133.0,4259736.0,700897.0
wuhan,wuhan,wuhan,wuhan,wuhan,ba4,ba4,ba4,ba4,ba1,ba1,ba1,ba1,1101001.0,3120811.0,37868.0,302940.0,1933180.0,917942.0,360752.0,977546.0,208773.0,616725.0
ba1,ba1,ba1,ba1,ba1,ba1,ba1,ba1,ba1,ba1,ba1,wuhan,wuhan,667723.0,570310.0,1335812.0,841250.0,642925.0,224445.0,1659109.0,260934.0,1086226.0,652714.0
wuhan,wuhan,wuhan,wuhan,wuhan,wuhan,wuhan,wuhan,wuhan,ba4,ba4,ba1,ba1,1282904.0,1308317.0,61421.0,265855.0,1539218.0,856490.0,330110.0,961288.0,162459.0,219096.0
ba4,ba4,wuhan,wuhan,wuhan,wuhan,wuhan,wuhan,wuhan,wuhan,wuhan,wuhan,ba1,154900.0,50980.0,8241.0,27.0,39292.0,9778.0,39715.0,33643.0,123176.0,11060.0
wuhan,wuhan,wuhan,ba4,ba4,ba4,ba4,ba1,ba1,ba1,ba1,ba1,ba1,1363449.0,4226541.0,177726.0,559257.0,2330717.0,1693286.0,662738.0,1572252.0,302271.0,773743.0
ba1,ba1,ba1,ba4,ba4,ba4,ba4,ba4,ba4,ba4,ba4,wuhan,wuhan,2256040.0,3655259.0,3548648.0,2372383.0,3832350.0,671782.0,3587387.0,911869.0,2465011.0,1470983.0
ba4,ba4,ba4,ba4,ba4,wuhan,wuhan,ba1,ba1,ba1,ba1,ba1,ba1,1672475.0,1848042.0,230886.0,297154.0,1549824.0,1066332.0,457505.0,573042.0,751140.0,737096.0
ba4,ba4,ba4,wuhan,wuhan,wuhan,ba1,ba1,ba1,ba1,ba1,ba1,ba1,1616362.0,1748458.0,212251.0,299252.0,1398807.0,879673.0,328119.0,465371.0,874793.0,717113.0
wuhan,ba1,ba1,ba1,ba4,ba4,ba4,ba4,ba4,ba4,ba4,ba4,ba4,351966.0,1141475.0,180014.0,805227.0,140657.0,114025.0,454955.0,1330659.0,482051.0,877994.0
wuhan,wuhan,wuhan,wuhan,wuhan,ba1,ba1,ba1,ba1,ba1,ba1,ba1,ba4,1393562.0,1578598.0,1402313.0,1588132.0,87173.0,267257.0,1411434.0,1499214.0,768372.0,2927891.0
wuhan,wuhan,wuhan,wuhan,wuhan,wuhan,wuhan,ba4,ba4,ba1,ba1,ba1,ba1,866554.0,2416010.0,13100.0,283424.0,1597157.0,921584.0,273474.0,833792.0,139718.0,454589.0
wuhan,wuhan,wuhan,wuhan,wuhan,wuhan,wuhan,ba1,ba1,ba1,ba1,ba1,ba4,975577.0,1274858.0,1156165.0,1355329.0,39167.0,200058.0,1500519.0,1420114.0,686296.0,2216121.0
wuhan,ba1,ba1,ba1,ba1,ba1,ba1,ba1,ba1,ba1,ba4,ba4,ba4,767705.0,940745.0,223750.0,1019356.0,70398.0,98581.0,598100.0,1407815.0,495178.0,1242529.0
wuhan,wuhan,wuhan,wuhan,wuhan,wuhan,wuhan,ba4,ba4,ba4,ba1,ba1,ba1,708562.0,1474627.0,41047.0,303301.0,1154236.0,757330.0,362754.0,572793.0,154451.0,434256.0
wuhan,wuhan,wuhan,ba1,ba1,ba1,ba4,ba4,ba4,ba4,ba4,ba4,ba4,197785.0,530976.0,114226.0,413406.0,74509.0,97664.0,224735.0,634198.0,231489.0,389931.0
ba1,ba4,ba4,ba4,ba4,ba4,ba4,ba4,wuhan,wuhan,wuhan,wuhan,wuhan,488547.0,1523859.0,1990410.0,1175820.0,179055.0,183477.0,838360.0,32558.0,479713.0,308599.0
ba1,ba4,ba4,ba4,ba4,wuhan,wuhan,wuhan,wuhan,wuhan,wuhan,wuhan,wuhan,593248.0,1574201.0,1971438.0,770034.0,85174.0,241816.0,582906.0,8453.0,311040.0,205478.0
wuhan,wuhan,wuhan,wuhan,wuhan,wuhan,ba1,ba1,ba1,ba1,ba1,ba1,ba1,849000.0,2919486.0,42276.0,311110.0,1100692.0,1129871.0,277967.0,680685.0,138748.0,326547.0
ba1,ba1,ba1,ba1,ba1,ba1,ba1,ba1,ba1,ba4,ba4,ba4,wuhan,1159071.0,1291885.0,1212489.0,992958.0,1351464.0,385763.0,1526698.0,647002.0,1276883.0,530673.0
ba1,ba1,ba1,wuhan,ba4,ba4,ba4,ba4,ba4,ba4,ba4,ba4,ba4,327841.0,841508.0,230902.0,1248113.0,151492.0,69226.0,452388.0,370198.0,499633.0,975784.0
wuhan,wuhan,wuhan,wuhan,ba1,ba1,ba1,ba1,ba1,ba1,ba1,ba1,ba4,1485812.0,1512327.0,1461264.0,1686898.0,88217.0,234247.0,1348196.0,1777411.0,810940.0,3084573.0
ba1,ba1,ba1,ba1,ba1,ba1,wuhan,wuhan,wuhan,ba4,ba4,ba4,ba4,809154.0,869751.0,205865.0,1677942.0,119234.0,113038.0,953275.0,691714.0,592034.0,1381132.0
ba1,ba1,ba1,ba1,ba1,ba1,ba1,ba1,ba1,ba1,ba4,wuhan,wuhan,1164577.0,1182425.0,1834668.0,1169960.0,1240267.0,262436.0,1695443.0,574549.0,1332184.0,921271.0
ba1,wuhan,wuhan,wuhan,wuhan,wuhan,wuhan,wuhan,wuhan,wuhan,wuhan,wuhan,ba4,20122.0,242924.0,3276.0,47256.0,0.0,0.0,9862.0,12595.0,976.0,23960.0
ba1,ba1,ba1,ba1,wuhan,wuhan,wuhan,wuhan,ba4,ba4,ba4,ba4,ba4,308019.0,590780.0,98699.0,878015.0,59481.0,51517.0,383006.0,314222.0,338819.0,799776.0
wuhan,wuhan,wuhan,wuhan,wuhan,wuhan,wuhan,wuhan,wuhan,wuhan,ba1,ba4,ba4,705279.0,605577.0,426865.0,1145844.0,0.0,844.0,971587.0,795653.0,165191.0,1495076.0
ba1,ba1,ba1,ba1,ba1,ba1,ba1,wuhan,wuhan,wuhan,wuhan,wuhan,wuhan,1239638.0,1724702.0,1653343.0,1346716.0,1793161.0,577242.0,2678575.0,795827.0,1488415.0,1131114.0
wuhan,wuhan,wuhan,wuhan,wuhan,wuhan,wuhan,wuhan,wuhan,ba1,ba1,ba1,ba4,675283.0,806848.0,539548.0,1110655.0,8022.0,138462.0,1187723.0,779379.0,728233.0,1918742.0
ba4,ba4,ba4,ba4,ba1,ba1,ba1,wuhan,wuhan,wuhan,wuhan,wuhan,wuhan,1163313.0,375376.0,1940169.0,179974.0,561290.0,312675.0,793735.0,265779.0,2929605.0,417131.0
ba4,ba4,ba1,ba1,ba1,ba1,ba1,ba1,ba1,ba1,wuhan,wuhan,wuhan,850193.0,806091.0,1937554.0,563706.0,1203063.0,430907.0,718178.0,342438.0,2407207.0,682898.0
